-- MySQL dump 10.13  Distrib 8.0.34, for Win64 (x86_64)
--
-- Host: localhost    Database: pulse_core_adaptive
-- ------------------------------------------------------
-- Server version	8.0.35

/*!40101 SET @OLD_CHARACTER_SET_CLIENT=@@CHARACTER_SET_CLIENT */;
/*!40101 SET @OLD_CHARACTER_SET_RESULTS=@@CHARACTER_SET_RESULTS */;
/*!40101 SET @OLD_COLLATION_CONNECTION=@@COLLATION_CONNECTION */;
/*!50503 SET NAMES utf8 */;
/*!40103 SET @OLD_TIME_ZONE=@@TIME_ZONE */;
/*!40103 SET TIME_ZONE='+00:00' */;
/*!40014 SET @OLD_UNIQUE_CHECKS=@@UNIQUE_CHECKS, UNIQUE_CHECKS=0 */;
/*!40014 SET @OLD_FOREIGN_KEY_CHECKS=@@FOREIGN_KEY_CHECKS, FOREIGN_KEY_CHECKS=0 */;
/*!40101 SET @OLD_SQL_MODE=@@SQL_MODE, SQL_MODE='NO_AUTO_VALUE_ON_ZERO' */;
/*!40111 SET @OLD_SQL_NOTES=@@SQL_NOTES, SQL_NOTES=0 */;

--
-- Table structure for table `action`
--

DROP TABLE IF EXISTS `action`;
/*!40101 SET @saved_cs_client     = @@character_set_client */;
/*!50503 SET character_set_client = utf8mb4 */;
CREATE TABLE `action` (
  `action_id` int NOT NULL AUTO_INCREMENT,
  `action_key` varchar(100) DEFAULT NULL,
  `action_title` varchar(100) DEFAULT NULL,
  `action_icon` varchar(100) DEFAULT NULL,
  `action_desc` varchar(255) DEFAULT NULL,
  PRIMARY KEY (`action_id`)
) ENGINE=InnoDB AUTO_INCREMENT=4 DEFAULT CHARSET=utf8mb4 COLLATE=utf8mb4_0900_ai_ci;
/*!40101 SET character_set_client = @saved_cs_client */;

--
-- Dumping data for table `action`
--

LOCK TABLES `action` WRITE;
/*!40000 ALTER TABLE `action` DISABLE KEYS */;
/*!40000 ALTER TABLE `action` ENABLE KEYS */;
UNLOCK TABLES;

--
-- Table structure for table `action_content`
--

DROP TABLE IF EXISTS `action_content`;
/*!40101 SET @saved_cs_client     = @@character_set_client */;
/*!50503 SET character_set_client = utf8mb4 */;
CREATE TABLE `action_content` (
  `content_id` int NOT NULL,
  `action_id` int NOT NULL,
  `action_content_query` json DEFAULT NULL,
  `action_content_meta` json DEFAULT NULL,
  PRIMARY KEY (`content_id`,`action_id`)
) ENGINE=InnoDB DEFAULT CHARSET=utf8mb4 COLLATE=utf8mb4_0900_ai_ci;
/*!40101 SET character_set_client = @saved_cs_client */;

--
-- Dumping data for table `action_content`
--

LOCK TABLES `action_content` WRITE;
/*!40000 ALTER TABLE `action_content` DISABLE KEYS */;
/*!40000 ALTER TABLE `action_content` ENABLE KEYS */;
UNLOCK TABLES;

--
-- Table structure for table `attribute`
--

DROP TABLE IF EXISTS `attribute`;
/*!40101 SET @saved_cs_client     = @@character_set_client */;
/*!50503 SET character_set_client = utf8mb4 */;
CREATE TABLE `attribute` (
  `attr_id` int NOT NULL AUTO_INCREMENT,
  `attr_type_id` int DEFAULT NULL,
  `content_id` int DEFAULT NULL,
  `attr_key` varchar(255) DEFAULT NULL,
  `attr_title` varchar(255) DEFAULT NULL,
  `attr_meta` json DEFAULT NULL,
  PRIMARY KEY (`attr_id`),
  UNIQUE KEY `attr_name` (`attr_key`),
  KEY `idx_attribute_grid_id` (`content_id`)
) ENGINE=InnoDB AUTO_INCREMENT=80 DEFAULT CHARSET=utf8mb4 COLLATE=utf8mb4_0900_ai_ci;
/*!40101 SET character_set_client = @saved_cs_client */;

--
-- Dumping data for table `attribute`
--

LOCK TABLES `attribute` WRITE;
/*!40000 ALTER TABLE `attribute` DISABLE KEYS */;
INSERT INTO `attribute` VALUES (73,16,10,'item_code','Item code','{\"in_form\": 0, \"in_grid\": 1, \"is_hidden\": 0, \"attr_order\": 1, \"attr_width\": \"\", \"is_sortable\": 1, \"is_filterable\": 1}'),(74,16,10,'item_name','Item name','{\"in_form\": 1, \"in_grid\": 1, \"is_hidden\": 0, \"attr_order\": 2, \"attr_width\": \"\", \"is_sortable\": 1, \"is_filterable\": 1}'),(75,9,10,'item_buying_price','Item Cost','{\"in_form\": 1, \"in_grid\": 1, \"is_hidden\": 0, \"attr_order\": 3, \"attr_width\": \"\", \"is_sortable\": 1, \"is_filterable\": 1}'),(76,9,10,'item_selling_price','Item Price','{\"in_form\": 1, \"in_grid\": 1, \"is_hidden\": 0, \"attr_order\": 4, \"attr_width\": \"\", \"is_sortable\": 1, \"is_filterable\": 1}'),(77,9,10,'item_total_quantity','Total Quantity','{\"in_form\": 1, \"in_grid\": 1, \"is_hidden\": 0, \"attr_order\": 5, \"attr_width\": \"\", \"is_sortable\": 1, \"is_filterable\": 1}'),(78,22,10,'item_supplier','Item supplier','{\"in_form\": 1, \"in_grid\": 1, \"is_hidden\": 0, \"attr_order\": 6, \"attr_width\": \"\", \"is_sortable\": 1, \"is_filterable\": 1}'),(79,16,10,'item_description','Item description','{\"in_form\": 1, \"in_grid\": 1, \"is_hidden\": 0, \"attr_order\": 7, \"attr_width\": \"\", \"is_sortable\": 1, \"is_filterable\": 1}');
/*!40000 ALTER TABLE `attribute` ENABLE KEYS */;
UNLOCK TABLES;

--
-- Table structure for table `attribute_type`
--

DROP TABLE IF EXISTS `attribute_type`;
/*!40101 SET @saved_cs_client     = @@character_set_client */;
/*!50503 SET character_set_client = utf8mb4 */;
CREATE TABLE `attribute_type` (
  `attr_type_id` int NOT NULL AUTO_INCREMENT,
  `attr_type_name` varchar(100) DEFAULT NULL,
  `attr_type` varchar(70) DEFAULT NULL,
  `attr_type_placeholder` varchar(100) DEFAULT NULL,
  `attr_data_type` varchar(45) DEFAULT NULL,
  PRIMARY KEY (`attr_type_id`)
) ENGINE=InnoDB AUTO_INCREMENT=23 DEFAULT CHARSET=utf8mb4 COLLATE=utf8mb4_0900_ai_ci;
/*!40101 SET character_set_client = @saved_cs_client */;

--
-- Dumping data for table `attribute_type`
--

LOCK TABLES `attribute_type` WRITE;
/*!40000 ALTER TABLE `attribute_type` DISABLE KEYS */;
/*!40000 ALTER TABLE `attribute_type` ENABLE KEYS */;
UNLOCK TABLES;

--
-- Table structure for table `attribute_value`
--

DROP TABLE IF EXISTS `attribute_value`;
/*!40101 SET @saved_cs_client     = @@character_set_client */;
/*!50503 SET character_set_client = utf8mb4 */;
CREATE TABLE `attribute_value` (
  `attr_value_id` int NOT NULL AUTO_INCREMENT,
  `attr_id` int NOT NULL,
  `attr_value` varchar(255) DEFAULT NULL,
  `attr_default_value` varchar(255) DEFAULT NULL,
  `attr_fetch_value` json DEFAULT NULL,
  `attr_custom_placeholder` varchar(100) DEFAULT NULL,
  `attr_entered_value` varchar(255) DEFAULT NULL,
  PRIMARY KEY (`attr_value_id`)
) ENGINE=InnoDB AUTO_INCREMENT=28 DEFAULT CHARSET=utf8mb4 COLLATE=utf8mb4_0900_ai_ci;
/*!40101 SET character_set_client = @saved_cs_client */;

--
-- Dumping data for table `attribute_value`
--

LOCK TABLES `attribute_value` WRITE;
/*!40000 ALTER TABLE `attribute_value` DISABLE KEYS */;
/*!40000 ALTER TABLE `attribute_value` ENABLE KEYS */;
UNLOCK TABLES;

--
-- Table structure for table `attribute_value_option`
--

DROP TABLE IF EXISTS `attribute_value_option`;
/*!40101 SET @saved_cs_client     = @@character_set_client */;
/*!50503 SET character_set_client = utf8mb4 */;
CREATE TABLE `attribute_value_option` (
  `attr_value_opt_id` int NOT NULL AUTO_INCREMENT,
  `attr_value_id` int DEFAULT NULL,
  `attr_value_opt_value` varchar(255) DEFAULT 'NA',
  `attr_value_opt_is_active` tinyint DEFAULT NULL,
  PRIMARY KEY (`attr_value_opt_id`)
) ENGINE=InnoDB AUTO_INCREMENT=13 DEFAULT CHARSET=utf8mb4 COLLATE=utf8mb4_0900_ai_ci;
/*!40101 SET character_set_client = @saved_cs_client */;

--
-- Dumping data for table `attribute_value_option`
--

LOCK TABLES `attribute_value_option` WRITE;
/*!40000 ALTER TABLE `attribute_value_option` DISABLE KEYS */;
/*!40000 ALTER TABLE `attribute_value_option` ENABLE KEYS */;
UNLOCK TABLES;

--
-- Table structure for table `content`
--

DROP TABLE IF EXISTS `content`;
/*!40101 SET @saved_cs_client     = @@character_set_client */;
/*!50503 SET character_set_client = utf8mb4 */;
CREATE TABLE `content` (
  `content_id` int NOT NULL AUTO_INCREMENT,
  `content_type_id` int NOT NULL,
  `content_title` varchar(45) DEFAULT NULL,
  `event_id` int DEFAULT NULL,
  PRIMARY KEY (`content_id`)
) ENGINE=InnoDB AUTO_INCREMENT=18 DEFAULT CHARSET=utf8mb4 COLLATE=utf8mb4_0900_ai_ci;
/*!40101 SET character_set_client = @saved_cs_client */;

--
-- Dumping data for table `content`
--

LOCK TABLES `content` WRITE;
/*!40000 ALTER TABLE `content` DISABLE KEYS */;
INSERT INTO `content` VALUES (10,1,'Inventory',NULL),(11,1,'Invoice',NULL),(12,1,'Purchase',NULL),(13,1,'Supplier',NULL),(14,1,'Client',NULL),(15,1,'Report',NULL),(16,1,'Employee',NULL),(17,1,'Settings',NULL);
/*!40000 ALTER TABLE `content` ENABLE KEYS */;
UNLOCK TABLES;

--
-- Table structure for table `content_type`
--

DROP TABLE IF EXISTS `content_type`;
/*!40101 SET @saved_cs_client     = @@character_set_client */;
/*!50503 SET character_set_client = utf8mb4 */;
CREATE TABLE `content_type` (
  `content_type_id` int NOT NULL AUTO_INCREMENT,
  `content_type_title` varchar(45) DEFAULT NULL,
  `content_type_key` varchar(45) DEFAULT NULL,
  PRIMARY KEY (`content_type_id`)
) ENGINE=InnoDB AUTO_INCREMENT=4 DEFAULT CHARSET=utf8mb4 COLLATE=utf8mb4_0900_ai_ci;
/*!40101 SET character_set_client = @saved_cs_client */;

--
-- Dumping data for table `content_type`
--

LOCK TABLES `content_type` WRITE;
/*!40000 ALTER TABLE `content_type` DISABLE KEYS */;
/*!40000 ALTER TABLE `content_type` ENABLE KEYS */;
UNLOCK TABLES;

--
-- Table structure for table `dy_value`
--

DROP TABLE IF EXISTS `dy_value`;
/*!40101 SET @saved_cs_client     = @@character_set_client */;
/*!50503 SET character_set_client = utf8mb4 */;
CREATE TABLE `dy_value` (
  `value_id` int NOT NULL AUTO_INCREMENT,
  `entity_id` int DEFAULT NULL,
  `attr_id` int DEFAULT NULL,
  `field_value` varchar(255) DEFAULT NULL,
  PRIMARY KEY (`value_id`),
  KEY `entity_id` (`entity_id`),
  KEY `attr_id` (`attr_id`),
  CONSTRAINT `dy_value_ibfk_1` FOREIGN KEY (`entity_id`) REFERENCES `entity` (`entity_id`),
  CONSTRAINT `dy_value_ibfk_2` FOREIGN KEY (`attr_id`) REFERENCES `attribute` (`attr_id`)
) ENGINE=InnoDB AUTO_INCREMENT=731 DEFAULT CHARSET=utf8mb4 COLLATE=utf8mb4_0900_ai_ci;
/*!40101 SET character_set_client = @saved_cs_client */;

--
-- Dumping data for table `dy_value`
--

LOCK TABLES `dy_value` WRITE;
/*!40000 ALTER TABLE `dy_value` DISABLE KEYS */;
/*!40000 ALTER TABLE `dy_value` ENABLE KEYS */;
UNLOCK TABLES;

--
-- Table structure for table `entity`
--

DROP TABLE IF EXISTS `entity`;
/*!40101 SET @saved_cs_client     = @@character_set_client */;
/*!50503 SET character_set_client = utf8mb4 */;
CREATE TABLE `entity` (
  `entity_id` int NOT NULL AUTO_INCREMENT,
  `content_id` int DEFAULT NULL,
  `created_at` timestamp NULL DEFAULT NULL,
  `updated_at` timestamp NULL DEFAULT NULL,
  PRIMARY KEY (`entity_id`)
) ENGINE=InnoDB AUTO_INCREMENT=276 DEFAULT CHARSET=utf8mb4 COLLATE=utf8mb4_0900_ai_ci;
/*!40101 SET character_set_client = @saved_cs_client */;

--
-- Dumping data for table `entity`
--

LOCK TABLES `entity` WRITE;
/*!40000 ALTER TABLE `entity` DISABLE KEYS */;
/*!40000 ALTER TABLE `entity` ENABLE KEYS */;
UNLOCK TABLES;

--
-- Table structure for table `entity_attribute`
--

DROP TABLE IF EXISTS `entity_attribute`;
/*!40101 SET @saved_cs_client     = @@character_set_client */;
/*!50503 SET character_set_client = utf8mb4 */;
CREATE TABLE `entity_attribute` (
  `entity_id` int NOT NULL,
  `attr_id` int NOT NULL,
  `attr_cell_meta` json DEFAULT NULL,
  `content_id` int DEFAULT NULL,
  PRIMARY KEY (`entity_id`,`attr_id`),
  KEY `attr_id` (`attr_id`),
  CONSTRAINT `entity_attribute_ibfk_1` FOREIGN KEY (`entity_id`) REFERENCES `entity` (`entity_id`),
  CONSTRAINT `entity_attribute_ibfk_2` FOREIGN KEY (`attr_id`) REFERENCES `attribute` (`attr_id`)
) ENGINE=InnoDB DEFAULT CHARSET=utf8mb4 COLLATE=utf8mb4_0900_ai_ci;
/*!40101 SET character_set_client = @saved_cs_client */;

--
-- Dumping data for table `entity_attribute`
--

LOCK TABLES `entity_attribute` WRITE;
/*!40000 ALTER TABLE `entity_attribute` DISABLE KEYS */;
/*!40000 ALTER TABLE `entity_attribute` ENABLE KEYS */;
UNLOCK TABLES;

--
-- Table structure for table `event`
--

DROP TABLE IF EXISTS `event`;
/*!40101 SET @saved_cs_client     = @@character_set_client */;
/*!50503 SET character_set_client = utf8mb4 */;
CREATE TABLE `event` (
  `event_id` int NOT NULL AUTO_INCREMENT,
  `content_id` int DEFAULT NULL,
  `event_name` varchar(45) DEFAULT NULL,
  `event_trigger_criteria` json DEFAULT NULL,
  `event_priority` int DEFAULT NULL,
  `event_notification_email` varchar(100) DEFAULT NULL,
  `event_log` varchar(255) DEFAULT NULL,
  `event_tags` varchar(255) DEFAULT NULL,
  `event_note` varchar(255) DEFAULT NULL,
  PRIMARY KEY (`event_id`)
) ENGINE=InnoDB AUTO_INCREMENT=13 DEFAULT CHARSET=utf8mb4 COLLATE=utf8mb4_0900_ai_ci;
/*!40101 SET character_set_client = @saved_cs_client */;

--
-- Dumping data for table `event`
--

LOCK TABLES `event` WRITE;
/*!40000 ALTER TABLE `event` DISABLE KEYS */;
/*!40000 ALTER TABLE `event` ENABLE KEYS */;
UNLOCK TABLES;

--
-- Table structure for table `json_references`
--

DROP TABLE IF EXISTS `json_references`;
/*!40101 SET @saved_cs_client     = @@character_set_client */;
/*!50503 SET character_set_client = utf8mb4 */;
CREATE TABLE `json_references` (
  `ref_id` int NOT NULL AUTO_INCREMENT,
  `table_name` varchar(45) DEFAULT NULL,
  `name` varchar(45) DEFAULT NULL,
  `ref_value` json DEFAULT NULL,
  `desc` varchar(255) DEFAULT NULL,
  PRIMARY KEY (`ref_id`)
) ENGINE=InnoDB AUTO_INCREMENT=5 DEFAULT CHARSET=utf8mb4 COLLATE=utf8mb4_0900_ai_ci;
/*!40101 SET character_set_client = @saved_cs_client */;

--
-- Dumping data for table `json_references`
--

LOCK TABLES `json_references` WRITE;
/*!40000 ALTER TABLE `json_references` DISABLE KEYS */;
/*!40000 ALTER TABLE `json_references` ENABLE KEYS */;
UNLOCK TABLES;

--
-- Table structure for table `primary_route`
--

DROP TABLE IF EXISTS `primary_route`;
/*!40101 SET @saved_cs_client     = @@character_set_client */;
/*!50503 SET character_set_client = utf8mb4 */;
CREATE TABLE `primary_route` (
  `primary_route_id` int NOT NULL AUTO_INCREMENT,
  `primary_route_title` varchar(255) CHARACTER SET utf8mb3 COLLATE utf8mb3_general_ci DEFAULT NULL,
  `primary_route_icon` varchar(255) CHARACTER SET utf8mb3 COLLATE utf8mb3_general_ci DEFAULT NULL,
  `primary_route_item_order` int DEFAULT NULL,
  `primary_route_path` varchar(255) CHARACTER SET utf8mb3 COLLATE utf8mb3_general_ci DEFAULT NULL,
  `primary_route_status` varchar(45) CHARACTER SET utf8mb3 COLLATE utf8mb3_general_ci DEFAULT NULL,
  `primary_route_created_at` varchar(45) CHARACTER SET utf8mb3 COLLATE utf8mb3_general_ci DEFAULT NULL,
  `primary_route_updated_at` varchar(45) CHARACTER SET utf8mb3 COLLATE utf8mb3_general_ci DEFAULT NULL,
  PRIMARY KEY (`primary_route_id`)
) ENGINE=InnoDB AUTO_INCREMENT=25 DEFAULT CHARSET=utf8mb4 COLLATE=utf8mb4_0900_ai_ci;
/*!40101 SET character_set_client = @saved_cs_client */;

--
-- Dumping data for table `primary_route`
--

LOCK TABLES `primary_route` WRITE;
/*!40000 ALTER TABLE `primary_route` DISABLE KEYS */;
INSERT INTO `primary_route` VALUES (16,'Dashboard',NULL,1,'dashboard','active','2023-11-16 23:26:03','2023-11-16 23:26:03'),(17,'Inventory',NULL,2,'inventory','active','2023-11-16 23:26:03','2023-11-16 23:26:03'),(18,'Invoice',NULL,3,'invoice','active','2023-11-16 23:26:03','2023-11-16 23:26:03'),(19,'Purchase',NULL,4,'purchase','active','2023-11-16 23:26:03','2023-11-16 23:26:03'),(20,'Supplier',NULL,5,'supplier','active','2023-11-16 23:26:03','2023-11-16 23:26:03'),(21,'Client',NULL,6,'client','active','2023-11-16 23:26:03','2023-11-16 23:26:03'),(22,'Report',NULL,7,'report','active','2023-11-16 23:26:03','2023-11-16 23:26:03'),(23,'Employee',NULL,8,'employee','active',NULL,NULL),(24,'Settings',NULL,9,'settings',NULL,NULL,NULL);
/*!40000 ALTER TABLE `primary_route` ENABLE KEYS */;
UNLOCK TABLES;

--
-- Table structure for table `route_content`
--

DROP TABLE IF EXISTS `route_content`;
/*!40101 SET @saved_cs_client     = @@character_set_client */;
/*!50503 SET character_set_client = utf8mb4 */;
CREATE TABLE `route_content` (
  `route_content_id` int NOT NULL AUTO_INCREMENT,
  `primary_route_id` int DEFAULT NULL,
  `content_id` int DEFAULT NULL,
  PRIMARY KEY (`route_content_id`)
) ENGINE=InnoDB AUTO_INCREMENT=26 DEFAULT CHARSET=utf8mb4 COLLATE=utf8mb4_0900_ai_ci;
/*!40101 SET character_set_client = @saved_cs_client */;

--
-- Dumping data for table `route_content`
--

LOCK TABLES `route_content` WRITE;
/*!40000 ALTER TABLE `route_content` DISABLE KEYS */;
INSERT INTO `route_content` VALUES (18,17,10),(19,18,11),(20,19,12),(21,20,13),(22,21,14),(23,22,15),(24,23,6),(25,24,17);
/*!40000 ALTER TABLE `route_content` ENABLE KEYS */;
UNLOCK TABLES;

--
-- Table structure for table `subroute`
--

DROP TABLE IF EXISTS `subroute`;
/*!40101 SET @saved_cs_client     = @@character_set_client */;
/*!50503 SET character_set_client = utf8mb4 */;
CREATE TABLE `subroute` (
  `subroute_id` int NOT NULL,
  `primary_route_id` int DEFAULT NULL,
  `subroute_title` varchar(100) DEFAULT NULL,
  `subroute_path` varchar(255) DEFAULT NULL,
  `subroute_created_at` datetime DEFAULT NULL,
  `subroute_updated_at` datetime DEFAULT NULL,
  PRIMARY KEY (`subroute_id`),
  KEY `idx_subroute_route_id` (`primary_route_id`),
  CONSTRAINT `fk_subroute_route_id` FOREIGN KEY (`primary_route_id`) REFERENCES `primary_route` (`primary_route_id`)
) ENGINE=InnoDB DEFAULT CHARSET=utf8mb4 COLLATE=utf8mb4_0900_ai_ci;
/*!40101 SET character_set_client = @saved_cs_client */;

--
-- Dumping data for table `subroute`
--

LOCK TABLES `subroute` WRITE;
/*!40000 ALTER TABLE `subroute` DISABLE KEYS */;
/*!40000 ALTER TABLE `subroute` ENABLE KEYS */;
UNLOCK TABLES;

--
-- Table structure for table `subroute_child`
--

DROP TABLE IF EXISTS `subroute_child`;
/*!40101 SET @saved_cs_client     = @@character_set_client */;
/*!50503 SET character_set_client = utf8mb4 */;
CREATE TABLE `subroute_child` (
  `subroute_child_id` int NOT NULL,
  `subroute_id` int DEFAULT NULL,
  `subroute_child_title` varchar(100) DEFAULT NULL,
  `subroute_child_path` varchar(100) DEFAULT NULL,
  KEY `fk_subroute_child_subroute_id` (`subroute_id`),
  CONSTRAINT `fk_subroute_child_subroute_id` FOREIGN KEY (`subroute_id`) REFERENCES `subroute` (`subroute_id`)
) ENGINE=InnoDB DEFAULT CHARSET=utf8mb4 COLLATE=utf8mb4_0900_ai_ci;
/*!40101 SET character_set_client = @saved_cs_client */;

--
-- Dumping data for table `subroute_child`
--

LOCK TABLES `subroute_child` WRITE;
/*!40000 ALTER TABLE `subroute_child` DISABLE KEYS */;
/*!40000 ALTER TABLE `subroute_child` ENABLE KEYS */;
UNLOCK TABLES;

--
-- Table structure for table `user`
--

DROP TABLE IF EXISTS `user`;
/*!40101 SET @saved_cs_client     = @@character_set_client */;
/*!50503 SET character_set_client = utf8mb4 */;
CREATE TABLE `user` (
  `user_id` int NOT NULL AUTO_INCREMENT,
  `role_id` int DEFAULT NULL,
  `username` varchar(255) NOT NULL,
  `password_hash` varchar(255) NOT NULL,
  `email` varchar(255) DEFAULT NULL,
  `created_at` timestamp NULL DEFAULT CURRENT_TIMESTAMP,
  `updated_at` timestamp NULL DEFAULT CURRENT_TIMESTAMP ON UPDATE CURRENT_TIMESTAMP,
  PRIMARY KEY (`user_id`),
  UNIQUE KEY `username` (`username`),
  UNIQUE KEY `email` (`email`)
) ENGINE=InnoDB AUTO_INCREMENT=263 DEFAULT CHARSET=utf8mb4 COLLATE=utf8mb4_0900_ai_ci;
/*!40101 SET character_set_client = @saved_cs_client */;

--
-- Dumping data for table `user`
--

LOCK TABLES `user` WRITE;
/*!40000 ALTER TABLE `user` DISABLE KEYS */;
INSERT INTO `user` VALUES (1,1,'Ruthe_Langworth7','Ruthe_Langworth7','Roberto_OKeefe75@hotmail.com','2023-11-21 18:01:25','2023-11-21 18:12:43'),(2,1,'Mandy_Hilpert12','Mandy_Hilpert12','Hal_Moore33@yahoo.com','2023-11-21 18:01:25','2023-11-21 18:12:43'),(3,1,'Cedrick_Crist87','Cedrick_Crist87','Elena.Hilll4@yahoo.com','2023-11-21 18:01:25','2023-11-21 18:12:43'),(4,1,'Fletcher19','Fletcher19','Enrico.Fritsch67@yahoo.com','2023-11-21 18:01:25','2023-11-21 18:12:43'),(5,1,'Bradley_Terry11','Bradley_Terry11','Janis42@yahoo.com','2023-11-21 18:01:25','2023-11-21 18:12:43'),(6,1,'Justus78','Justus78','Etha_Lesch2@hotmail.com','2023-11-21 18:01:25','2023-11-21 18:12:43'),(7,1,'Hassie.Mante31','Hassie.Mante31','Della84@gmail.com','2023-11-21 18:01:25','2023-11-21 18:12:43'),(8,1,'Karelle66','Karelle66','Harmony.Littel@yahoo.com','2023-11-21 18:01:25','2023-11-21 18:12:43'),(9,1,'Kallie_Johns','Kallie_Johns','Alejandra94@gmail.com','2023-11-21 18:01:25','2023-11-21 18:12:43'),(10,1,'Donny_West','Donny_West','Kristoffer.Grimes@yahoo.com','2023-11-21 18:01:25','2023-11-21 18:12:43'),(11,1,'Tommie.Pfannerstill72','Tommie.Pfannerstill72','Molly.Herzog53@hotmail.com','2023-11-21 18:01:25','2023-11-21 18:12:43'),(12,1,'Jalyn.Nader','Jalyn.Nader','Doris_Howell@yahoo.com','2023-11-21 18:01:25','2023-11-21 18:12:43'),(13,1,'Kasandra_Farrell','Kasandra_Farrell','Theodora.Gutmann67@yahoo.com','2023-11-21 18:01:25','2023-11-21 18:12:43'),(14,1,'Rosina.Koelpin35','Rosina.Koelpin35','Susana_Reichert52@hotmail.com','2023-11-21 18:01:25','2023-11-21 18:12:43'),(15,1,'Aileen.Wehner','Aileen.Wehner','Flavio40@gmail.com','2023-11-21 18:01:25','2023-11-21 18:12:43'),(16,1,'Kane_OConnell','Kane_OConnell','Baron11@gmail.com','2023-11-21 18:01:25','2023-11-21 18:12:43'),(17,1,'Kyle_Flatley','Kyle_Flatley','Frank_Gibson62@yahoo.com','2023-11-21 18:01:25','2023-11-21 18:12:43'),(18,1,'Kayleigh13','Kayleigh13','Brook9@hotmail.com','2023-11-21 18:01:25','2023-11-21 18:12:43'),(19,1,'Juana_Moen','Juana_Moen','Marcia79@hotmail.com','2023-11-21 18:01:25','2023-11-21 18:12:43'),(20,1,'Wilson.Crist33','Wilson.Crist33','Abbie60@hotmail.com','2023-11-21 18:01:25','2023-11-21 18:12:43'),(21,2,'Ludie99','Ludie99','Jasper_Turner@yahoo.com','2023-11-21 18:01:25','2023-11-21 18:12:50'),(22,2,'Makenzie63','Makenzie63','Cordie_Kuvalis@gmail.com','2023-11-21 18:01:25','2023-11-21 18:12:50'),(23,2,'Jerrod_Rogahn','Jerrod_Rogahn','Richmond_Treutel@hotmail.com','2023-11-21 18:01:25','2023-11-21 18:12:50'),(24,2,'Jo19','Jo19','Adelbert.Larson@yahoo.com','2023-11-21 18:01:25','2023-11-21 18:12:50'),(25,2,'Akeem96','Akeem96','Larue.Schamberger45@gmail.com','2023-11-21 18:01:25','2023-11-21 18:12:50'),(26,2,'Pat_Mraz','Pat_Mraz','Miguel72@yahoo.com','2023-11-21 18:01:25','2023-11-21 18:12:50'),(27,2,'Niko_Runte','Niko_Runte','Luther6@gmail.com','2023-11-21 18:01:25','2023-11-21 18:12:50'),(28,2,'Harley_Weber','Harley_Weber','Hazle_Cruickshank57@hotmail.com','2023-11-21 18:01:25','2023-11-21 18:12:50'),(29,2,'Seth.Shields45','Seth.Shields45','Heaven20@yahoo.com','2023-11-21 18:01:25','2023-11-21 18:12:50'),(30,2,'Gerhard.Welch33','Gerhard.Welch33','Adah_Price28@yahoo.com','2023-11-21 18:01:25','2023-11-21 18:12:50'),(31,2,'Irma22','Irma22','Kristopher_Denesik@hotmail.com','2023-11-21 18:01:25','2023-11-21 18:12:50'),(32,2,'Queen_Koss','Queen_Koss','Roma_Kuhlman@hotmail.com','2023-11-21 18:01:25','2023-11-21 18:12:50'),(33,2,'Baby25','Baby25','Abraham_Fisher@yahoo.com','2023-11-21 18:01:25','2023-11-21 18:12:50'),(34,2,'Alice.Howell','Alice.Howell','Thurman11@gmail.com','2023-11-21 18:01:25','2023-11-21 18:12:50'),(35,2,'Dangelo.Berge','Dangelo.Berge','Mozell.Roberts@hotmail.com','2023-11-21 18:01:25','2023-11-21 18:12:50'),(36,2,'Leonard81','Leonard81','Alexandria87@hotmail.com','2023-11-21 18:01:25','2023-11-21 18:12:50'),(37,2,'Jena62','Jena62','Jedediah23@hotmail.com','2023-11-21 18:01:25','2023-11-21 18:12:50'),(38,2,'Everette_Bogisich12','Everette_Bogisich12','Leanne.Toy@yahoo.com','2023-11-21 18:01:25','2023-11-21 18:12:50'),(39,2,'Golda39','Golda39','Tiara_Beahan@yahoo.com','2023-11-21 18:01:25','2023-11-21 18:12:50'),(40,2,'Daryl_Bernhard25','Daryl_Bernhard25','Daryl.Greenholt@gmail.com','2023-11-21 18:01:25','2023-11-21 18:12:50'),(41,3,'Roger84','Roger84','Elenora.Renner@yahoo.com','2023-11-21 18:01:25','2023-11-21 18:12:57'),(42,3,'Vivien_Roberts87','Vivien_Roberts87','Mercedes_Shields@gmail.com','2023-11-21 18:01:25','2023-11-21 18:12:57'),(43,3,'Anastasia48','Anastasia48','Maryjane21@yahoo.com','2023-11-21 18:01:25','2023-11-21 18:12:57'),(44,3,'Olen6','Olen6','Cameron_Sawayn55@gmail.com','2023-11-21 18:01:25','2023-11-21 18:12:57'),(45,3,'Chaim_Emard','Chaim_Emard','Mohamed.Stehr3@yahoo.com','2023-11-21 18:01:25','2023-11-21 18:12:57'),(46,3,'Felton.Hansen','Felton.Hansen','Elvis_Jones@yahoo.com','2023-11-21 18:01:25','2023-11-21 18:12:57'),(47,3,'Cyrus_Schuster10','Cyrus_Schuster10','Oral_Waters5@yahoo.com','2023-11-21 18:01:25','2023-11-21 18:12:57'),(48,3,'Mae.Parker84','Mae.Parker84','Bettie10@gmail.com','2023-11-21 18:01:25','2023-11-21 18:12:57'),(49,3,'Mylene_Jones','Mylene_Jones','Branson.Kozey@gmail.com','2023-11-21 18:01:25','2023-11-21 18:12:57'),(50,3,'Rey_Hoppe4','Rey_Hoppe4','Reggie81@gmail.com','2023-11-21 18:01:25','2023-11-21 18:12:57'),(51,3,'William_Windler23','William_Windler23','Jett86@yahoo.com','2023-11-21 18:01:25','2023-11-21 18:12:57'),(52,3,'Liliana.Morissette','Liliana.Morissette','Seth2@gmail.com','2023-11-21 18:01:25','2023-11-21 18:12:57'),(53,3,'Enid91','Enid91','Emilie_Schiller@hotmail.com','2023-11-21 18:01:25','2023-11-21 18:12:57'),(54,3,'Noe84','Noe84','Elnora.Roberts@gmail.com','2023-11-21 18:01:25','2023-11-21 18:12:57'),(55,3,'Carson_Larkin65','Carson_Larkin65','Florencio34@gmail.com','2023-11-21 18:01:25','2023-11-21 18:12:57'),(56,3,'Julien_Prosacco','Julien_Prosacco','Brittany96@hotmail.com','2023-11-21 18:01:25','2023-11-21 18:12:57'),(57,3,'Mark48','Mark48','Otho.Howe21@gmail.com','2023-11-21 18:01:25','2023-11-21 18:12:57'),(58,3,'Maye.Hodkiewicz67','Maye.Hodkiewicz67','Lois_Welch97@hotmail.com','2023-11-21 18:01:25','2023-11-21 18:12:57'),(59,3,'Samson49','Samson49','Kamron.Pagac4@hotmail.com','2023-11-21 18:01:25','2023-11-21 18:12:57'),(60,3,'Kaia.Russel','Kaia.Russel','America.Hackett50@yahoo.com','2023-11-21 18:01:25','2023-11-21 18:12:57'),(61,4,'Keyon82','Keyon82','Marina_Bashirian@hotmail.com','2023-11-21 18:01:25','2023-11-21 18:13:05'),(62,4,'Arlo_OKeefe','Arlo_OKeefe','Oscar_Towne@yahoo.com','2023-11-21 18:01:25','2023-11-21 18:13:05'),(63,4,'Shea.Ryan','Shea.Ryan','Maiya.Gerhold@yahoo.com','2023-11-21 18:01:25','2023-11-21 18:13:05'),(64,4,'Makayla_Hilll53','Makayla_Hilll53','Nicole.Wisozk98@gmail.com','2023-11-21 18:01:25','2023-11-21 18:13:05'),(65,4,'Katheryn_Leannon91','Katheryn_Leannon91','Franz71@gmail.com','2023-11-21 18:01:25','2023-11-21 18:13:05'),(66,4,'Kylee.Haley','Kylee.Haley','Alaina56@hotmail.com','2023-11-21 18:01:25','2023-11-21 18:13:05'),(67,4,'Rosetta.Terry35','Rosetta.Terry35','Adah.Wunsch88@yahoo.com','2023-11-21 18:01:25','2023-11-21 18:13:05'),(68,4,'Oran.Cassin','Oran.Cassin','Ed_Johnston84@gmail.com','2023-11-21 18:01:25','2023-11-21 18:13:05'),(69,4,'Dylan61','Dylan61','Scottie_McDermott71@gmail.com','2023-11-21 18:01:25','2023-11-21 18:13:05'),(70,4,'Ruthe_Mertz32','Ruthe_Mertz32','Antonietta_Kilback64@hotmail.com','2023-11-21 18:01:25','2023-11-21 18:13:05'),(71,4,'Florian60','Florian60','Jazlyn.Wiegand@yahoo.com','2023-11-21 18:01:25','2023-11-21 18:13:05'),(72,4,'Marian_DAmore','Marian_DAmore','Flavie.OReilly51@gmail.com','2023-11-21 18:01:25','2023-11-21 18:13:05'),(73,4,'Helmer_Kohler76','Helmer_Kohler76','Genoveva.Toy@yahoo.com','2023-11-21 18:01:25','2023-11-21 18:13:05'),(74,4,'Cordelia_Wintheiser3','Cordelia_Wintheiser3','Cayla98@yahoo.com','2023-11-21 18:01:25','2023-11-21 18:13:05'),(75,4,'Una59','Una59','Gay52@hotmail.com','2023-11-21 18:01:25','2023-11-21 18:13:05'),(76,4,'Brianne.Stamm','Brianne.Stamm','Hallie.Steuber45@hotmail.com','2023-11-21 18:01:25','2023-11-21 18:13:05'),(77,4,'Brielle.Steuber7','Brielle.Steuber7','Lester.Feest28@gmail.com','2023-11-21 18:01:25','2023-11-21 18:13:05'),(78,4,'Conner.Haag','Conner.Haag','Vidal.Hudson@yahoo.com','2023-11-21 18:01:25','2023-11-21 18:13:05'),(79,4,'Domenic20','Domenic20','Pascale.Terry@hotmail.com','2023-11-21 18:01:25','2023-11-21 18:13:05'),(80,4,'Caden.Leannon','Caden.Leannon','Keyon.Crist@yahoo.com','2023-11-21 18:01:25','2023-11-21 18:13:05'),(81,5,'Mariela.Rowe','Mariela.Rowe','Laurel69@gmail.com','2023-11-21 18:01:25','2023-11-21 18:13:10'),(82,5,'Lucio87','Lucio87','Diego51@yahoo.com','2023-11-21 18:01:25','2023-11-21 18:13:10'),(83,5,'Zelma55','Zelma55','Christophe6@gmail.com','2023-11-21 18:01:25','2023-11-21 18:13:10'),(84,5,'Dwight65','Dwight65','Sheldon.Hoeger16@yahoo.com','2023-11-21 18:01:25','2023-11-21 18:13:10'),(85,5,'Lavina_Kohler','Lavina_Kohler','Kelly.Kautzer@gmail.com','2023-11-21 18:01:25','2023-11-21 18:13:10'),(86,5,'Abby.Pfeffer','Abby.Pfeffer','Judge.Schamberger@yahoo.com','2023-11-21 18:01:25','2023-11-21 18:13:10'),(87,5,'Bertrand94','Bertrand94','Leta.Champlin@hotmail.com','2023-11-21 18:01:25','2023-11-21 18:13:10'),(88,5,'Augusta0','Augusta0','Madaline74@hotmail.com','2023-11-21 18:01:25','2023-11-21 18:13:10'),(89,5,'Brisa27','Brisa27','Cathrine37@yahoo.com','2023-11-21 18:01:25','2023-11-21 18:13:10'),(90,5,'Savanna.Torp99','Savanna.Torp99','Larue67@gmail.com','2023-11-21 18:01:25','2023-11-21 18:13:10'),(91,5,'Amos.Larkin','Amos.Larkin','Layne_Price5@gmail.com','2023-11-21 18:01:25','2023-11-21 18:13:10'),(92,5,'Earnestine58','Earnestine58','Rozella_Russel@gmail.com','2023-11-21 18:01:25','2023-11-21 18:13:10'),(93,5,'Rowena_Koelpin','Rowena_Koelpin','Emelie.Kertzmann@yahoo.com','2023-11-21 18:01:25','2023-11-21 18:13:10'),(94,5,'Kenya_Mayert5','Kenya_Mayert5','Brock48@yahoo.com','2023-11-21 18:01:25','2023-11-21 18:13:10'),(95,5,'Wayne.OKon43','Wayne.OKon43','Toni63@yahoo.com','2023-11-21 18:01:25','2023-11-21 18:13:10'),(96,5,'Kayla0','Kayla0','Bradford.Skiles42@hotmail.com','2023-11-21 18:01:25','2023-11-21 18:13:10'),(97,5,'Emmett.Orn','Emmett.Orn','Caitlyn11@yahoo.com','2023-11-21 18:01:25','2023-11-21 18:13:10'),(98,5,'Catharine.Olson','Catharine.Olson','Rae.Nikolaus21@yahoo.com','2023-11-21 18:01:25','2023-11-21 18:13:10'),(99,5,'Jimmy.Quitzon','Jimmy.Quitzon','Anabelle.Lemke@hotmail.com','2023-11-21 18:01:25','2023-11-21 18:13:10'),(100,5,'Maude68','Maude68','Cyril_Hagenes6@gmail.com','2023-11-21 18:01:25','2023-11-21 18:13:10'),(101,6,'Willie38','Willie38','Emerald.Emmerich26@gmail.com','2023-11-21 18:01:25','2023-11-21 18:13:15'),(102,6,'Don90','Don90','Chyna.Langosh@hotmail.com','2023-11-21 18:01:25','2023-11-21 18:13:15'),(103,6,'Rubye.Vandervort13','Rubye.Vandervort13','Alvis_Kulas@gmail.com','2023-11-21 18:01:25','2023-11-21 18:13:15'),(104,6,'Elta5','Elta5','Joy_Schowalter@yahoo.com','2023-11-21 18:01:25','2023-11-21 18:13:15'),(105,6,'Javier.Simonis23','Javier.Simonis23','Marquis.Erdman@gmail.com','2023-11-21 18:01:25','2023-11-21 18:13:15'),(106,6,'Bridie.Strosin6','Bridie.Strosin6','Penelope.Mann@yahoo.com','2023-11-21 18:01:25','2023-11-21 18:13:15'),(107,6,'Reed_Schimmel42','Reed_Schimmel42','Zoie.Kshlerin49@hotmail.com','2023-11-21 18:01:25','2023-11-21 18:13:15'),(108,6,'Lelia.Turcotte','Lelia.Turcotte','Carleton55@gmail.com','2023-11-21 18:01:25','2023-11-21 18:13:15'),(109,6,'Hannah53','Hannah53','Elissa51@hotmail.com','2023-11-21 18:01:25','2023-11-21 18:13:15'),(110,6,'Leilani.Wiza53','Leilani.Wiza53','Kamryn92@gmail.com','2023-11-21 18:01:25','2023-11-21 18:13:15'),(111,6,'Ellis.Berge','Ellis.Berge','Ayla_Dibbert@hotmail.com','2023-11-21 18:01:25','2023-11-21 18:13:15'),(112,6,'Payton33','Payton33','Jeanette.Abshire49@yahoo.com','2023-11-21 18:01:25','2023-11-21 18:13:15'),(113,6,'Kasandra.Hayes10','Kasandra.Hayes10','Johathan.Hansen@hotmail.com','2023-11-21 18:01:25','2023-11-21 18:13:15'),(114,6,'Darlene36','Darlene36','Jaime_Homenick56@yahoo.com','2023-11-21 18:01:25','2023-11-21 18:13:15'),(115,6,'Gwen.Shanahan','Gwen.Shanahan','Consuelo_Ferry82@yahoo.com','2023-11-21 18:01:25','2023-11-21 18:13:15'),(116,6,'Orland93','Orland93','George44@gmail.com','2023-11-21 18:01:25','2023-11-21 18:13:15'),(117,6,'Dovie.Murazik67','Dovie.Murazik67','Matt.Abbott@gmail.com','2023-11-21 18:01:25','2023-11-21 18:13:15'),(118,6,'Mylene_Terry13','Mylene_Terry13','Lilly_Cummerata35@hotmail.com','2023-11-21 18:01:25','2023-11-21 18:13:15'),(119,6,'Sienna_Steuber24','Sienna_Steuber24','Jaren_Baumbach97@gmail.com','2023-11-21 18:01:25','2023-11-21 18:13:15'),(120,6,'Marcelle.Fahey56','Marcelle.Fahey56','Destany_Fisher@hotmail.com','2023-11-21 18:01:25','2023-11-21 18:13:15'),(121,7,'Rosalyn_Luettgen','Rosalyn_Luettgen','Audra_Ledner@gmail.com','2023-11-21 18:01:25','2023-11-21 18:13:21'),(122,7,'Woodrow47','Woodrow47','Maximillia_Pouros@gmail.com','2023-11-21 18:01:25','2023-11-21 18:13:21'),(123,7,'Claudia74','Claudia74','Gianni.Nader@gmail.com','2023-11-21 18:01:25','2023-11-21 18:13:21'),(124,7,'Vicky_Maggio87','Vicky_Maggio87','Roxane28@hotmail.com','2023-11-21 18:01:25','2023-11-21 18:13:21'),(125,7,'Lydia12','Lydia12','Payton_Oberbrunner42@gmail.com','2023-11-21 18:01:25','2023-11-21 18:13:21'),(126,7,'Ole63','Ole63','Ciara.Batz@gmail.com','2023-11-21 18:01:25','2023-11-21 18:13:21'),(127,7,'Jerrold.Christiansen','Jerrold.Christiansen','Bethel.Bradtke@gmail.com','2023-11-21 18:01:25','2023-11-21 18:13:21'),(128,7,'Jose.Kub74','Jose.Kub74','Stephan_Mueller@hotmail.com','2023-11-21 18:01:25','2023-11-21 18:13:21'),(129,7,'Letha_Weissnat','Letha_Weissnat','Gloria_West56@gmail.com','2023-11-21 18:01:25','2023-11-21 18:13:21'),(130,7,'Kennedy.Reilly','Kennedy.Reilly','Gerry6@hotmail.com','2023-11-21 18:01:25','2023-11-21 18:13:21'),(131,7,'Eldora_Farrell','Eldora_Farrell','Garfield_Adams56@yahoo.com','2023-11-21 18:01:25','2023-11-21 18:13:21'),(132,7,'Flo41','Flo41','Hardy.Mraz72@hotmail.com','2023-11-21 18:01:25','2023-11-21 18:13:21'),(133,7,'Dean_Lind8','Dean_Lind8','Rebeca_Heaney@hotmail.com','2023-11-21 18:01:25','2023-11-21 18:13:21'),(134,7,'Timothy_Sanford','Timothy_Sanford','Lawrence53@hotmail.com','2023-11-21 18:01:25','2023-11-21 18:13:21'),(135,7,'Adeline.Gibson','Adeline.Gibson','Camden95@gmail.com','2023-11-21 18:01:25','2023-11-21 18:13:21'),(136,7,'Orville_Walker','Orville_Walker','Shanie_Renner5@yahoo.com','2023-11-21 18:01:25','2023-11-21 18:13:21'),(137,7,'Carmine36','Carmine36','Suzanne.Hirthe54@gmail.com','2023-11-21 18:01:25','2023-11-21 18:13:21'),(138,7,'Lamont84','Lamont84','Herbert_Abshire6@hotmail.com','2023-11-21 18:01:25','2023-11-21 18:13:21'),(139,7,'Ethyl_Becker61','Ethyl_Becker61','Sandrine_Mohr16@gmail.com','2023-11-21 18:01:25','2023-11-21 18:13:21'),(140,7,'Antwon20','Antwon20','Bryana.Cremin@yahoo.com','2023-11-21 18:01:25','2023-11-21 18:13:21'),(141,8,'Jerad48','Jerad48','Tess_Stoltenberg22@gmail.com','2023-11-21 18:01:25','2023-11-21 18:13:28'),(142,8,'Harmon_Lebsack14','Harmon_Lebsack14','Camila31@yahoo.com','2023-11-21 18:01:25','2023-11-21 18:13:28'),(143,8,'Santa21','Santa21','Waylon.Bergnaum@hotmail.com','2023-11-21 18:01:25','2023-11-21 18:13:28'),(144,8,'Emie58','Emie58','Raleigh25@yahoo.com','2023-11-21 18:01:25','2023-11-21 18:13:28'),(145,8,'Margret.Hackett73','Margret.Hackett73','Daphne_Volkman56@yahoo.com','2023-11-21 18:01:25','2023-11-21 18:13:28'),(146,8,'Rosario.Sawayn','Rosario.Sawayn','Fern.Medhurst73@yahoo.com','2023-11-21 18:01:25','2023-11-21 18:13:28'),(147,8,'Marisol.Lowe57','Marisol.Lowe57','Jordon71@hotmail.com','2023-11-21 18:01:25','2023-11-21 18:13:28'),(148,8,'Alejandrin21','Alejandrin21','Amaya_Kihn48@hotmail.com','2023-11-21 18:01:25','2023-11-21 18:13:28'),(149,8,'Holly4','Holly4','Ben.Raynor@yahoo.com','2023-11-21 18:01:25','2023-11-21 18:13:28'),(150,8,'Rylee_Walsh','Rylee_Walsh','Myra25@gmail.com','2023-11-21 18:01:25','2023-11-21 18:13:28'),(151,8,'Kurtis.King','Kurtis.King','Gonzalo.Bosco80@hotmail.com','2023-11-21 18:01:25','2023-11-21 18:13:28'),(152,8,'Andy_Osinski24','Andy_Osinski24','Dana.Bogisich40@gmail.com','2023-11-21 18:01:25','2023-11-21 18:13:28'),(153,8,'Sabrina.Weissnat31','Sabrina.Weissnat31','Keara_Schmeler36@hotmail.com','2023-11-21 18:01:25','2023-11-21 18:13:28'),(154,8,'Loma91','Loma91','Renee51@yahoo.com','2023-11-21 18:01:25','2023-11-21 18:13:28'),(155,8,'Krystel_Bahringer18','Krystel_Bahringer18','Kobe.MacGyver@yahoo.com','2023-11-21 18:01:25','2023-11-21 18:13:28'),(156,8,'Gaylord11','Gaylord11','Amparo_Harris@hotmail.com','2023-11-21 18:01:25','2023-11-21 18:13:28'),(157,8,'Breanna30','Breanna30','Darrel.Tremblay@gmail.com','2023-11-21 18:01:25','2023-11-21 18:13:28'),(158,8,'Emmalee.Rau','Emmalee.Rau','Randi32@gmail.com','2023-11-21 18:01:25','2023-11-21 18:13:28'),(159,8,'Dante94','Dante94','Dulce.Kshlerin@hotmail.com','2023-11-21 18:01:25','2023-11-21 18:13:28'),(160,8,'Roderick23','Roderick23','Lyric.Bins@gmail.com','2023-11-21 18:01:25','2023-11-21 18:13:28'),(161,9,'Beryl.Paucek','Beryl.Paucek','Everardo.Lesch@hotmail.com','2023-11-21 18:01:25','2023-11-21 18:13:36'),(162,9,'Maude_Walsh32','Maude_Walsh32','Rolando17@hotmail.com','2023-11-21 18:01:25','2023-11-21 18:13:36'),(163,9,'Shane_Schmeler71','Shane_Schmeler71','Katelynn39@gmail.com','2023-11-21 18:01:25','2023-11-21 18:13:36'),(164,9,'Elwin.Ledner29','Elwin.Ledner29','Delphine.Kunde@hotmail.com','2023-11-21 18:01:25','2023-11-21 18:13:36'),(165,9,'Maymie43','Maymie43','Mable_Leannon99@gmail.com','2023-11-21 18:01:25','2023-11-21 18:13:36'),(166,9,'Verlie.Kuvalis32','Verlie.Kuvalis32','Jalon.Doyle52@hotmail.com','2023-11-21 18:01:25','2023-11-21 18:13:36'),(167,9,'Verona69','Verona69','Carmella.Fritsch@yahoo.com','2023-11-21 18:01:25','2023-11-21 18:13:36'),(168,9,'Amani_Stracke75','Amani_Stracke75','Allen66@gmail.com','2023-11-21 18:01:25','2023-11-21 18:13:36'),(169,9,'Aiyana.Mertz','Aiyana.Mertz','Piper.OKon@yahoo.com','2023-11-21 18:01:25','2023-11-21 18:13:36'),(170,9,'Jameson_Tremblay81','Jameson_Tremblay81','Carmine_Smitham@yahoo.com','2023-11-21 18:01:25','2023-11-21 18:13:36'),(171,9,'Robb12','Robb12','Yesenia.OKon52@gmail.com','2023-11-21 18:01:25','2023-11-21 18:13:36'),(172,9,'Christiana16','Christiana16','Janis16@gmail.com','2023-11-21 18:01:25','2023-11-21 18:13:36'),(173,9,'Barney.Armstrong','Barney.Armstrong','Jakob90@yahoo.com','2023-11-21 18:01:25','2023-11-21 18:13:36'),(174,9,'Kenna.Wolf94','Kenna.Wolf94','Irwin.Bogisich@yahoo.com','2023-11-21 18:01:25','2023-11-21 18:13:36'),(175,9,'Jerome_Cronin98','Jerome_Cronin98','Nella.Abernathy7@hotmail.com','2023-11-21 18:01:25','2023-11-21 18:13:36'),(176,9,'Jaycee97','Jaycee97','Yasmine63@gmail.com','2023-11-21 18:01:25','2023-11-21 18:13:36'),(177,9,'Jovany_Bergstrom6','Jovany_Bergstrom6','Favian_Koepp99@yahoo.com','2023-11-21 18:01:25','2023-11-21 18:13:36'),(178,9,'Brennon71','Brennon71','Felipe_Baumbach53@hotmail.com','2023-11-21 18:01:25','2023-11-21 18:13:36'),(179,9,'Aryanna77','Aryanna77','Sally.VonRueden96@yahoo.com','2023-11-21 18:01:25','2023-11-21 18:13:36'),(180,9,'Kenny_Stiedemann4','Kenny_Stiedemann4','Gianni39@hotmail.com','2023-11-21 18:01:25','2023-11-21 18:13:36'),(181,10,'Estella_Breitenberg63','Estella_Breitenberg63','Kaley_Friesen@yahoo.com','2023-11-21 18:01:25','2023-11-21 18:13:42'),(182,10,'Elody91','Elody91','Maximillian_Dach33@gmail.com','2023-11-21 18:01:25','2023-11-21 18:13:42'),(183,10,'Floyd19','Floyd19','Kraig29@hotmail.com','2023-11-21 18:01:25','2023-11-21 18:13:42'),(184,10,'Elijah_Blick','Elijah_Blick','Roy_Cummings1@hotmail.com','2023-11-21 18:01:25','2023-11-21 18:13:42'),(185,10,'Tyson.Senger','Tyson.Senger','Meagan77@yahoo.com','2023-11-21 18:01:25','2023-11-21 18:13:42'),(186,10,'Elyse_Goyette99','Elyse_Goyette99','Logan_Gutmann@hotmail.com','2023-11-21 18:01:25','2023-11-21 18:13:42'),(187,10,'Kacie_Ondricka','Kacie_Ondricka','Matteo88@hotmail.com','2023-11-21 18:01:25','2023-11-21 18:13:42'),(188,10,'Donavon.Reynolds77','Donavon.Reynolds77','Grady85@gmail.com','2023-11-21 18:01:25','2023-11-21 18:13:42'),(189,10,'Foster.Keeling53','Foster.Keeling53','Jewel_Cruickshank94@yahoo.com','2023-11-21 18:01:25','2023-11-21 18:13:42'),(190,10,'Candida.Robel','Candida.Robel','Waylon8@gmail.com','2023-11-21 18:01:25','2023-11-21 18:13:42'),(191,10,'Ayana.Friesen7','Ayana.Friesen7','Rosetta_Hackett43@gmail.com','2023-11-21 18:01:25','2023-11-21 18:13:42'),(192,10,'Aracely_Kshlerin','Aracely_Kshlerin','Kira_Shields98@hotmail.com','2023-11-21 18:01:25','2023-11-21 18:13:42'),(193,10,'Baby.Rosenbaum','Baby.Rosenbaum','Ismael.Kulas13@gmail.com','2023-11-21 18:01:25','2023-11-21 18:13:42'),(194,10,'Alda.Effertz','Alda.Effertz','Albertha_Skiles@gmail.com','2023-11-21 18:01:25','2023-11-21 18:13:42'),(195,10,'Francesco.Hermann6','Francesco.Hermann6','Kristoffer79@gmail.com','2023-11-21 18:01:25','2023-11-21 18:13:42'),(196,10,'Miles76','Miles76','Vivian75@yahoo.com','2023-11-21 18:01:25','2023-11-21 18:13:42'),(197,10,'Roel.Crona','Roel.Crona','Tara.West57@yahoo.com','2023-11-21 18:01:25','2023-11-21 18:13:42'),(198,10,'Jeramy_Daniel89','Jeramy_Daniel89','Lucinda.Kling@gmail.com','2023-11-21 18:01:25','2023-11-21 18:13:42'),(199,10,'Alejandrin35','Alejandrin35','Mckayla.White46@hotmail.com','2023-11-21 18:01:25','2023-11-21 18:13:42'),(200,10,'Deven18','Deven18','Maverick.Glover98@hotmail.com','2023-11-21 18:01:25','2023-11-21 18:13:42'),(201,11,'Alicia63','Alicia63','Toby_Tromp41@hotmail.com','2023-11-21 18:01:25','2023-11-21 18:13:46'),(202,11,'Sheldon.Ondricka4','Sheldon.Ondricka4','Julie4@gmail.com','2023-11-21 18:01:25','2023-11-21 18:13:46'),(203,11,'Juwan.Berge19','Juwan.Berge19','Ladarius.Konopelski@yahoo.com','2023-11-21 18:01:25','2023-11-21 18:13:46'),(204,11,'Gideon84','Gideon84','Cielo.Batz39@gmail.com','2023-11-21 18:01:25','2023-11-21 18:13:46'),(205,11,'Katelynn35','Katelynn35','Kamren_Ernser83@gmail.com','2023-11-21 18:01:25','2023-11-21 18:13:46'),(206,11,'Hugh.Herzog8','Hugh.Herzog8','Genevieve.Beer@gmail.com','2023-11-21 18:01:25','2023-11-21 18:13:46'),(207,11,'Raheem71','Raheem71','Antone19@yahoo.com','2023-11-21 18:01:25','2023-11-21 18:13:46'),(208,11,'Annette59','Annette59','Noble_Morar53@yahoo.com','2023-11-21 18:01:25','2023-11-21 18:13:46'),(209,11,'Estella21','Estella21','Adelbert50@yahoo.com','2023-11-21 18:01:25','2023-11-21 18:13:46'),(210,11,'Millie37','Millie37','Brendon77@yahoo.com','2023-11-21 18:01:25','2023-11-21 18:13:46'),(211,11,'Santa15','Santa15','Clare37@hotmail.com','2023-11-21 18:01:25','2023-11-21 18:13:46'),(212,11,'Della_Satterfield','Della_Satterfield','Geovany39@yahoo.com','2023-11-21 18:01:25','2023-11-21 18:13:46'),(213,11,'Camryn_Hermiston88','Camryn_Hermiston88','Troy_OConner@yahoo.com','2023-11-21 18:01:25','2023-11-21 18:13:46'),(214,11,'Jaiden.Cormier','Jaiden.Cormier','Nicholaus_Hoeger@gmail.com','2023-11-21 18:01:25','2023-11-21 18:13:46'),(215,11,'Gloria.Cartwright81','Gloria.Cartwright81','Wayne.Klocko@hotmail.com','2023-11-21 18:01:25','2023-11-21 18:13:46'),(216,11,'Arlie22','Arlie22','Roosevelt_Walter91@gmail.com','2023-11-21 18:01:25','2023-11-21 18:13:46'),(217,11,'Vergie_Bauch55','Vergie_Bauch55','Erna_Corwin@hotmail.com','2023-11-21 18:01:25','2023-11-21 18:13:46'),(218,11,'Freddy47','Freddy47','Caleigh_Gerhold@hotmail.com','2023-11-21 18:01:25','2023-11-21 18:13:46'),(219,11,'Matilda.Thiel17','Matilda.Thiel17','Keeley.Mraz@hotmail.com','2023-11-21 18:01:25','2023-11-21 18:13:46'),(220,11,'Nicolas4','Nicolas4','Layne16@yahoo.com','2023-11-21 18:01:25','2023-11-21 18:13:46'),(221,12,'Lonzo_Borer','Lonzo_Borer','Meda61@yahoo.com','2023-11-21 18:01:25','2023-11-21 18:13:51'),(222,12,'Wilson.Gerlach71','Wilson.Gerlach71','Rosella.Towne69@hotmail.com','2023-11-21 18:01:25','2023-11-21 18:13:51'),(223,12,'Ottis_Koch44','Ottis_Koch44','Jordon71@gmail.com','2023-11-21 18:01:25','2023-11-21 18:13:51'),(224,12,'Sally27','Sally27','Oceane_Beatty@gmail.com','2023-11-21 18:01:25','2023-11-21 18:13:51'),(225,12,'Maryjane57','Maryjane57','Theodora_Koelpin77@hotmail.com','2023-11-21 18:01:25','2023-11-21 18:13:51'),(226,12,'Sammy_Doyle','Sammy_Doyle','Cristina.OKeefe0@gmail.com','2023-11-21 18:01:25','2023-11-21 18:13:51'),(227,12,'Gilberto23','Gilberto23','Oda41@yahoo.com','2023-11-21 18:01:25','2023-11-21 18:13:51'),(228,12,'Mariane.McDermott','Mariane.McDermott','Chester87@gmail.com','2023-11-21 18:01:25','2023-11-21 18:13:51'),(229,12,'Meta77','Meta77','Griffin20@gmail.com','2023-11-21 18:01:25','2023-11-21 18:13:51'),(230,12,'Rickey_Bednar','Rickey_Bednar','Julie.Wilkinson29@gmail.com','2023-11-21 18:01:25','2023-11-21 18:13:51'),(231,12,'Peggie84','Peggie84','Sigurd.Klein@gmail.com','2023-11-21 18:01:25','2023-11-21 18:13:51'),(232,12,'Emery.Treutel','Emery.Treutel','Zena_Auer@gmail.com','2023-11-21 18:01:25','2023-11-21 18:13:51'),(233,12,'Myrtle.Ebert','Myrtle.Ebert','Bobby.Hamill0@yahoo.com','2023-11-21 18:01:25','2023-11-21 18:13:51'),(234,12,'Bill65','Bill65','Sebastian26@hotmail.com','2023-11-21 18:01:25','2023-11-21 18:13:51'),(235,12,'Laverna1','Laverna1','Jon_Swaniawski@yahoo.com','2023-11-21 18:01:25','2023-11-21 18:13:51'),(236,12,'Dell4','Dell4','Elenora_Mayert@hotmail.com','2023-11-21 18:01:25','2023-11-21 18:13:51'),(237,12,'Theodore32','Theodore32','Reyna45@gmail.com','2023-11-21 18:01:25','2023-11-21 18:13:51'),(238,12,'Ena.Kreiger41','Ena.Kreiger41','Quentin.Reichel@hotmail.com','2023-11-21 18:01:25','2023-11-21 18:13:51'),(239,12,'Cassidy21','Cassidy21','Karlee.Anderson@hotmail.com','2023-11-21 18:01:25','2023-11-21 18:13:51'),(240,12,'Elmira_Stroman','Elmira_Stroman','Liza_Nader@gmail.com','2023-11-21 18:01:25','2023-11-21 18:13:51'),(241,13,'Aleen_Langworth','Aleen_Langworth','Marley.Wintheiser64@gmail.com','2023-11-21 18:01:25','2023-11-21 18:13:55'),(242,13,'Adolph_Cartwright','Adolph_Cartwright','Zander51@yahoo.com','2023-11-21 18:01:25','2023-11-21 18:13:55'),(243,13,'Verla_Kuhlman17','Verla_Kuhlman17','Lavern.Glover@gmail.com','2023-11-21 18:01:25','2023-11-21 18:13:55'),(244,13,'Gerda.Hodkiewicz93','Gerda.Hodkiewicz93','Sammie47@hotmail.com','2023-11-21 18:01:25','2023-11-21 18:13:55'),(245,13,'Eleazar_Toy','Eleazar_Toy','Keagan.Leannon@hotmail.com','2023-11-21 18:01:25','2023-11-21 18:13:55'),(246,13,'Joyce.Russel74','Joyce.Russel74','Collin58@yahoo.com','2023-11-21 18:01:25','2023-11-21 18:13:55'),(247,13,'Paige88','Paige88','Dustin.Okuneva@gmail.com','2023-11-21 18:01:25','2023-11-21 18:13:55'),(248,13,'Haylee35','Haylee35','Dayna75@yahoo.com','2023-11-21 18:01:25','2023-11-21 18:13:55'),(249,13,'Ernest19','Ernest19','Marjolaine_Welch@yahoo.com','2023-11-21 18:01:25','2023-11-21 18:13:55'),(250,13,'Jennings_Howell','Jennings_Howell','Sydnee.MacGyver@gmail.com','2023-11-21 18:01:25','2023-11-21 18:13:55'),(251,13,'Serena.Smith68','Serena.Smith68','Maia_Leffler91@gmail.com','2023-11-21 18:01:25','2023-11-21 18:13:55'),(252,13,'Jonatan38','Jonatan38','Laila77@yahoo.com','2023-11-21 18:01:25','2023-11-21 18:13:55'),(253,13,'Tremaine94','Tremaine94','Brianne19@gmail.com','2023-11-21 18:01:25','2023-11-21 18:13:55'),(254,13,'Eino_Balistreri85','Eino_Balistreri85','Bertram_Jacobi99@hotmail.com','2023-11-21 18:01:25','2023-11-21 18:13:55'),(255,13,'Reggie69','Reggie69','Ashtyn.Herzog@gmail.com','2023-11-21 18:01:25','2023-11-21 18:13:55'),(256,13,'Rusty17','Rusty17','Pearl_Altenwerth82@hotmail.com','2023-11-21 18:01:25','2023-11-21 18:13:55'),(257,13,'Hope_Windler95','Hope_Windler95','Tracy.Bruen49@gmail.com','2023-11-21 18:01:25','2023-11-21 18:13:55'),(258,13,'Filomena.Hickle8','Filomena.Hickle8','Herta44@gmail.com','2023-11-21 18:01:25','2023-11-21 18:13:55'),(259,13,'Eleonore_Wuckert','Eleonore_Wuckert','Josephine.Graham@hotmail.com','2023-11-21 18:01:25','2023-11-21 18:13:55'),(260,13,'Kody_Schamberger58','Kody_Schamberger58','Reta.Boyer@yahoo.com','2023-11-21 18:01:25','2023-11-21 18:13:55'),(261,1,'ali','ali','ali@example.com','2023-11-22 19:19:43','2023-11-22 19:19:43');
/*!40000 ALTER TABLE `user` ENABLE KEYS */;
UNLOCK TABLES;

--
-- Table structure for table `user_nav`
--

DROP TABLE IF EXISTS `user_nav`;
/*!40101 SET @saved_cs_client     = @@character_set_client */;
/*!50503 SET character_set_client = utf8mb4 */;
CREATE TABLE `user_nav` (
  `nav_id` int NOT NULL AUTO_INCREMENT,
  `user_id` varchar(45) DEFAULT NULL,
  `role_id` int DEFAULT NULL,
  `visited_route_id` int DEFAULT NULL,
  `time_spent_per_visit` decimal(3,1) DEFAULT NULL,
  `platform_visit` int DEFAULT NULL,
  PRIMARY KEY (`nav_id`)
) ENGINE=InnoDB AUTO_INCREMENT=17001 DEFAULT CHARSET=utf8mb4 COLLATE=utf8mb4_0900_ai_ci;
/*!40101 SET character_set_client = @saved_cs_client */;

--
-- Dumping data for table `user_nav`
--

LOCK TABLES `user_nav` WRITE;
/*!40000 ALTER TABLE `user_nav` DISABLE KEYS */;
INSERT INTO `user_nav` VALUES (1,'147',1,20,1.0,1),(2,'246',1,16,3.0,1),(3,'65',1,21,3.0,1),(4,'225',1,17,2.0,1),(5,'77',1,24,3.0,1),(6,'89',1,17,3.0,1),(7,'124',1,24,1.0,1),(8,'232',1,24,3.0,1),(9,'195',1,16,1.0,1),(10,'9',1,24,2.0,1),(11,'144',1,23,3.0,1),(12,'245',1,21,2.0,1),(13,'104',1,19,3.0,1),(14,'29',1,23,3.0,1),(15,'229',1,24,2.0,1),(16,'182',1,16,1.0,1),(17,'128',1,16,1.0,1),(18,'205',1,19,1.0,1),(19,'158',1,24,3.0,1),(20,'24',1,16,3.0,1),(21,'80',1,22,2.0,1),(22,'177',1,16,1.0,1),(23,'4',1,23,1.0,1),(24,'178',1,24,3.0,1),(25,'222',1,16,2.0,1),(26,'210',1,17,3.0,1),(27,'143',1,24,3.0,1),(28,'56',1,19,3.0,1),(29,'73',1,24,1.0,1),(30,'216',1,17,3.0,1),(31,'149',1,18,1.0,1),(32,'7',1,21,1.0,1),(33,'209',1,17,3.0,1),(34,'82',1,21,1.0,1),(35,'115',1,24,2.0,1),(36,'82',1,23,1.0,1),(37,'248',1,16,3.0,1),(38,'103',1,21,1.0,1),(39,'112',1,24,2.0,1),(40,'155',1,24,1.0,1),(41,'63',1,17,2.0,1),(42,'104',1,16,2.0,1),(43,'71',1,23,2.0,1),(44,'134',1,16,1.0,1),(45,'128',1,17,2.0,1),(46,'11',1,21,3.0,1),(47,'63',1,21,2.0,1),(48,'220',1,24,3.0,1),(49,'100',1,24,2.0,1),(50,'143',1,16,3.0,1),(51,'222',1,24,2.0,1),(52,'95',1,19,3.0,1),(53,'56',1,19,2.0,1),(54,'101',1,24,1.0,1),(55,'56',1,17,3.0,1),(56,'36',1,17,2.0,1),(57,'77',1,16,2.0,1),(58,'242',1,16,3.0,1),(59,'228',1,16,2.0,1),(60,'234',1,24,1.0,1),(61,'53',1,20,2.0,1),(62,'114',1,24,3.0,1),(63,'240',1,23,3.0,1),(64,'53',1,16,2.0,1),(65,'121',1,24,1.0,1),(66,'48',1,24,2.0,1),(67,'146',1,19,3.0,1),(68,'156',1,16,2.0,1),(69,'75',1,16,1.0,1),(70,'43',1,23,3.0,1),(71,'145',1,24,3.0,1),(72,'44',1,22,3.0,1),(73,'98',1,24,3.0,1),(74,'237',1,24,2.0,1),(75,'158',1,21,3.0,1),(76,'199',1,19,3.0,1),(77,'148',1,24,1.0,1),(78,'246',1,24,1.0,1),(79,'210',1,21,2.0,1),(80,'71',1,24,1.0,1),(81,'124',1,16,3.0,1),(82,'52',1,23,1.0,1),(83,'243',1,21,3.0,1),(84,'194',1,21,3.0,1),(85,'256',1,22,2.0,1),(86,'130',1,16,3.0,1),(87,'103',1,23,1.0,1),(88,'181',1,17,3.0,1),(89,'71',1,24,1.0,1),(90,'99',1,22,1.0,1),(91,'22',1,17,2.0,1),(92,'143',1,19,3.0,1),(93,'171',1,16,2.0,1),(94,'206',1,21,1.0,1),(95,'34',1,19,3.0,1),(96,'198',1,16,1.0,1),(97,'194',1,24,2.0,1),(98,'111',1,19,1.0,1),(99,'54',1,17,3.0,1),(100,'72',1,17,2.0,1),(101,'238',1,18,2.0,1),(102,'93',1,19,3.0,1),(103,'88',1,23,1.0,1),(104,'38',1,17,2.0,1),(105,'107',1,20,2.0,1),(106,'189',1,16,1.0,1),(107,'172',1,24,2.0,1),(108,'219',1,16,3.0,1),(109,'53',1,17,2.0,1),(110,'125',1,19,3.0,1),(111,'192',1,16,3.0,1),(112,'144',1,16,2.0,1),(113,'118',1,16,3.0,1),(114,'90',1,16,3.0,1),(115,'196',1,24,1.0,1),(116,'145',1,24,1.0,1),(117,'164',1,24,1.0,1),(118,'149',1,16,2.0,1),(119,'80',1,24,3.0,1),(120,'217',1,21,2.0,1),(121,'224',1,21,1.0,1),(122,'208',1,24,3.0,1),(123,'61',1,18,1.0,1),(124,'127',1,24,3.0,1),(125,'79',1,24,2.0,1),(126,'135',1,19,3.0,1),(127,'72',1,24,2.0,1),(128,'13',1,23,3.0,1),(129,'184',1,19,3.0,1),(130,'243',1,23,2.0,1),(131,'258',1,23,1.0,1),(132,'160',1,17,1.0,1),(133,'15',1,17,2.0,1),(134,'231',1,16,2.0,1),(135,'182',1,24,2.0,1),(136,'251',1,17,2.0,1),(137,'179',1,22,2.0,1),(138,'124',1,16,2.0,1),(139,'178',1,21,2.0,1),(140,'145',1,20,3.0,1),(141,'105',1,23,2.0,1),(142,'93',1,21,1.0,1),(143,'191',1,23,1.0,1),(144,'55',1,24,3.0,1),(145,'219',1,23,3.0,1),(146,'193',1,21,3.0,1),(147,'230',1,16,2.0,1),(148,'178',1,20,3.0,1),(149,'82',1,24,1.0,1),(150,'204',1,17,1.0,1),(151,'48',1,23,2.0,1),(152,'62',1,24,1.0,1),(153,'173',1,16,2.0,1),(154,'65',1,17,1.0,1),(155,'117',1,24,2.0,1),(156,'217',1,17,3.0,1),(157,'3',1,18,2.0,1),(158,'144',1,16,3.0,1),(159,'40',1,20,1.0,1),(160,'24',1,21,2.0,1),(161,'135',1,23,3.0,1),(162,'25',1,19,3.0,1),(163,'131',1,17,3.0,1),(164,'237',1,16,1.0,1),(165,'148',1,22,1.0,1),(166,'32',1,21,1.0,1),(167,'189',1,24,1.0,1),(168,'211',1,24,1.0,1),(169,'252',1,24,2.0,1),(170,'246',1,16,1.0,1),(171,'6',1,24,3.0,1),(172,'239',1,19,3.0,1),(173,'105',1,16,2.0,1),(174,'120',1,16,3.0,1),(175,'81',1,16,3.0,1),(176,'24',1,18,1.0,1),(177,'220',1,24,2.0,1),(178,'189',1,24,1.0,1),(179,'206',1,24,2.0,1),(180,'130',1,17,2.0,1),(181,'183',1,24,1.0,1),(182,'17',1,24,3.0,1),(183,'216',1,17,1.0,1),(184,'251',1,24,2.0,1),(185,'95',1,22,3.0,1),(186,'7',1,21,1.0,1),(187,'6',1,17,2.0,1),(188,'58',1,19,2.0,1),(189,'66',1,16,3.0,1),(190,'78',1,21,1.0,1),(191,'147',1,16,3.0,1),(192,'243',1,24,1.0,1),(193,'210',1,19,3.0,1),(194,'168',1,16,1.0,1),(195,'176',1,21,3.0,1),(196,'115',1,23,3.0,1),(197,'90',1,22,3.0,1),(198,'116',1,23,2.0,1),(199,'237',1,23,1.0,1),(200,'184',1,21,1.0,1),(201,'106',1,17,2.0,1),(202,'3',1,24,1.0,1),(203,'26',1,16,3.0,1),(204,'260',1,16,2.0,1),(205,'239',1,17,1.0,1),(206,'200',1,21,1.0,1),(207,'38',1,22,1.0,1),(208,'217',1,17,2.0,1),(209,'22',1,16,3.0,1),(210,'197',1,21,3.0,1),(211,'33',1,21,3.0,1),(212,'234',1,23,3.0,1),(213,'157',1,16,2.0,1),(214,'81',1,19,2.0,1),(215,'8',1,23,3.0,1),(216,'160',1,21,3.0,1),(217,'174',1,16,2.0,1),(218,'114',1,24,1.0,1),(219,'191',1,19,3.0,1),(220,'259',1,16,3.0,1),(221,'44',1,21,3.0,1),(222,'195',1,22,1.0,1),(223,'122',1,20,3.0,1),(224,'164',1,23,1.0,1),(225,'108',1,17,1.0,1),(226,'121',1,22,1.0,1),(227,'129',1,16,2.0,1),(228,'256',1,22,2.0,1),(229,'65',1,24,3.0,1),(230,'190',1,18,3.0,1),(231,'131',1,21,3.0,1),(232,'102',1,18,3.0,1),(233,'135',1,23,1.0,1),(234,'251',1,19,3.0,1),(235,'155',1,23,1.0,1),(236,'232',1,23,2.0,1),(237,'211',1,16,3.0,1),(238,'200',1,24,3.0,1),(239,'10',1,24,1.0,1),(240,'102',1,24,2.0,1),(241,'30',1,21,2.0,1),(242,'133',1,24,1.0,1),(243,'92',1,24,2.0,1),(244,'94',1,16,3.0,1),(245,'140',1,19,3.0,1),(246,'211',1,16,3.0,1),(247,'44',1,17,3.0,1),(248,'18',1,17,2.0,1),(249,'194',1,17,3.0,1),(250,'59',1,21,2.0,1),(251,'22',1,24,1.0,1),(252,'169',1,16,3.0,1),(253,'30',1,16,3.0,1),(254,'11',1,16,1.0,1),(255,'10',1,16,2.0,1),(256,'220',1,17,1.0,1),(257,'128',1,18,3.0,1),(258,'137',1,16,2.0,1),(259,'30',1,18,3.0,1),(260,'233',1,24,1.0,1),(261,'150',1,24,1.0,1),(262,'60',1,24,2.0,1),(263,'138',1,24,2.0,1),(264,'227',1,20,2.0,1),(265,'219',1,23,1.0,1),(266,'255',1,24,1.0,1),(267,'105',1,17,1.0,1),(268,'125',1,17,1.0,1),(269,'59',1,24,1.0,1),(270,'193',1,17,2.0,1),(271,'150',1,23,2.0,1),(272,'212',1,23,1.0,1),(273,'82',1,23,3.0,1),(274,'112',1,21,3.0,1),(275,'245',1,18,2.0,1),(276,'59',1,17,3.0,1),(277,'154',1,16,3.0,1),(278,'193',1,24,2.0,1),(279,'242',1,21,2.0,1),(280,'54',1,16,3.0,1),(281,'16',1,18,2.0,1),(282,'36',1,21,1.0,1),(283,'82',1,18,3.0,1),(284,'212',1,16,2.0,1),(285,'159',1,16,3.0,1),(286,'179',1,17,2.0,1),(287,'129',1,18,1.0,1),(288,'225',1,19,2.0,1),(289,'255',1,23,1.0,1),(290,'80',1,17,3.0,1),(291,'53',1,16,1.0,1),(292,'44',1,24,1.0,1),(293,'253',1,18,1.0,1),(294,'22',1,22,2.0,1),(295,'253',1,22,2.0,1),(296,'97',1,21,3.0,1),(297,'86',1,23,1.0,1),(298,'22',1,24,2.0,1),(299,'228',1,24,1.0,1),(300,'204',1,24,2.0,1),(301,'148',1,20,2.0,1),(302,'111',1,18,3.0,1),(303,'153',1,19,1.0,1),(304,'145',1,16,3.0,1),(305,'209',1,24,1.0,1),(306,'64',1,17,1.0,1),(307,'182',1,16,2.0,1),(308,'198',1,19,1.0,1),(309,'13',1,18,1.0,1),(310,'8',1,23,1.0,1),(311,'17',1,16,1.0,1),(312,'28',1,16,2.0,1),(313,'244',1,16,1.0,1),(314,'157',1,17,3.0,1),(315,'171',1,19,2.0,1),(316,'54',1,17,2.0,1),(317,'132',1,24,1.0,1),(318,'187',1,16,3.0,1),(319,'225',1,20,1.0,1),(320,'158',1,24,3.0,1),(321,'73',1,21,3.0,1),(322,'98',1,16,3.0,1),(323,'53',1,24,1.0,1),(324,'119',1,22,2.0,1),(325,'143',1,24,3.0,1),(326,'139',1,17,3.0,1),(327,'180',1,24,1.0,1),(328,'76',1,17,1.0,1),(329,'222',1,23,1.0,1),(330,'158',1,16,3.0,1),(331,'23',1,18,3.0,1),(332,'34',1,21,2.0,1),(333,'21',1,16,1.0,1),(334,'33',1,24,2.0,1),(335,'78',1,24,1.0,1),(336,'125',1,16,2.0,1),(337,'156',1,24,3.0,1),(338,'38',1,20,3.0,1),(339,'152',1,17,1.0,1),(340,'48',1,18,1.0,1),(341,'230',1,22,3.0,1),(342,'134',1,16,2.0,1),(343,'193',1,24,3.0,1),(344,'111',1,17,3.0,1),(345,'12',1,16,2.0,1),(346,'7',1,16,3.0,1),(347,'166',1,23,1.0,1),(348,'191',1,16,3.0,1),(349,'24',1,24,1.0,1),(350,'259',1,17,1.0,1),(351,'114',1,24,2.0,1),(352,'247',1,18,1.0,1),(353,'211',1,24,3.0,1),(354,'73',1,17,1.0,1),(355,'120',1,16,2.0,1),(356,'144',1,18,1.0,1),(357,'118',1,20,2.0,1),(358,'253',1,23,2.0,1),(359,'248',1,21,2.0,1),(360,'188',1,16,2.0,1),(361,'16',1,21,2.0,1),(362,'49',1,16,3.0,1),(363,'107',1,21,2.0,1),(364,'235',1,17,2.0,1),(365,'16',1,24,3.0,1),(366,'87',1,16,3.0,1),(367,'214',1,22,1.0,1),(368,'133',1,21,1.0,1),(369,'203',1,20,2.0,1),(370,'218',1,22,2.0,1),(371,'161',1,17,2.0,1),(372,'175',1,24,2.0,1),(373,'104',1,20,3.0,1),(374,'95',1,17,2.0,1),(375,'167',1,20,2.0,1),(376,'152',1,24,2.0,1),(377,'177',1,24,3.0,1),(378,'29',1,17,1.0,1),(379,'165',1,24,2.0,1),(380,'248',1,16,2.0,1),(381,'81',1,23,3.0,1),(382,'216',1,22,3.0,1),(383,'229',1,21,1.0,1),(384,'248',1,16,2.0,1),(385,'14',1,24,1.0,1),(386,'206',1,17,2.0,1),(387,'92',1,24,3.0,1),(388,'100',1,19,2.0,1),(389,'240',1,24,2.0,1),(390,'11',1,24,3.0,1),(391,'33',1,17,1.0,1),(392,'101',1,16,1.0,1),(393,'164',1,17,1.0,1),(394,'78',1,18,1.0,1),(395,'199',1,24,2.0,1),(396,'75',1,20,2.0,1),(397,'231',1,19,3.0,1),(398,'198',1,16,1.0,1),(399,'79',1,16,3.0,1),(400,'130',1,18,2.0,1),(401,'10',1,21,3.0,1),(402,'74',1,22,2.0,1),(403,'7',1,22,3.0,1),(404,'46',1,19,3.0,1),(405,'129',1,19,2.0,1),(406,'247',1,20,3.0,1),(407,'13',1,22,3.0,1),(408,'255',1,24,3.0,1),(409,'106',1,18,1.0,1),(410,'4',1,24,1.0,1),(411,'74',1,21,3.0,1),(412,'154',1,22,3.0,1),(413,'138',1,19,2.0,1),(414,'36',1,17,3.0,1),(415,'46',1,17,3.0,1),(416,'257',1,21,3.0,1),(417,'67',1,23,2.0,1),(418,'32',1,18,3.0,1),(419,'92',1,16,1.0,1),(420,'66',1,21,2.0,1),(421,'67',1,23,2.0,1),(422,'82',1,22,2.0,1),(423,'81',1,17,2.0,1),(424,'111',1,16,2.0,1),(425,'119',1,20,2.0,1),(426,'88',1,21,3.0,1),(427,'2',1,24,1.0,1),(428,'176',1,20,2.0,1),(429,'97',1,24,2.0,1),(430,'101',1,19,1.0,1),(431,'173',1,17,1.0,1),(432,'175',1,16,1.0,1),(433,'6',1,23,3.0,1),(434,'247',1,23,1.0,1),(435,'13',1,16,3.0,1),(436,'39',1,21,3.0,1),(437,'194',1,21,3.0,1),(438,'115',1,23,2.0,1),(439,'181',1,21,1.0,1),(440,'119',1,24,3.0,1),(441,'237',1,24,1.0,1),(442,'216',1,17,3.0,1),(443,'219',1,22,2.0,1),(444,'101',1,21,2.0,1),(445,'223',1,24,1.0,1),(446,'31',1,24,1.0,1),(447,'70',1,18,3.0,1),(448,'49',1,22,1.0,1),(449,'118',1,17,3.0,1),(450,'61',1,24,2.0,1),(451,'183',1,17,3.0,1),(452,'81',1,16,2.0,1),(453,'89',1,23,1.0,1),(454,'30',1,19,2.0,1),(455,'28',1,21,1.0,1),(456,'52',1,22,2.0,1),(457,'161',1,22,3.0,1),(458,'229',1,21,2.0,1),(459,'245',1,24,3.0,1),(460,'251',1,19,1.0,1),(461,'225',1,24,2.0,1),(462,'71',1,17,3.0,1),(463,'61',1,16,2.0,1),(464,'203',1,18,3.0,1),(465,'245',1,24,1.0,1),(466,'216',1,16,2.0,1),(467,'4',1,16,3.0,1),(468,'154',1,21,1.0,1),(469,'74',1,19,1.0,1),(470,'29',1,22,1.0,1),(471,'135',1,17,3.0,1),(472,'6',1,24,2.0,1),(473,'69',1,21,3.0,1),(474,'239',1,24,1.0,1),(475,'34',1,21,2.0,1),(476,'117',1,23,1.0,1),(477,'14',1,24,1.0,1),(478,'14',1,18,1.0,1),(479,'122',1,16,1.0,1),(480,'57',1,24,1.0,1),(481,'91',1,23,2.0,1),(482,'119',1,17,2.0,1),(483,'159',1,16,3.0,1),(484,'50',1,20,1.0,1),(485,'23',1,23,2.0,1),(486,'217',1,24,1.0,1),(487,'164',1,24,3.0,1),(488,'89',1,16,2.0,1),(489,'204',1,24,3.0,1),(490,'53',1,16,3.0,1),(491,'171',1,24,1.0,1),(492,'100',1,23,2.0,1),(493,'174',1,21,1.0,1),(494,'65',1,24,3.0,1),(495,'206',1,21,1.0,1),(496,'28',1,20,3.0,1),(497,'226',1,17,3.0,1),(498,'186',1,16,2.0,1),(499,'61',1,21,3.0,1),(500,'192',1,23,2.0,1),(501,'59',1,21,3.0,1),(502,'187',1,18,1.0,1),(503,'251',1,17,1.0,1),(504,'178',1,23,1.0,1),(505,'15',1,16,3.0,1),(506,'240',1,20,2.0,1),(507,'34',1,24,3.0,1),(508,'186',1,23,3.0,1),(509,'21',1,16,1.0,1),(510,'251',1,24,1.0,1),(511,'83',1,16,2.0,1),(512,'121',1,23,1.0,1),(513,'246',1,21,2.0,1),(514,'27',1,16,3.0,1),(515,'40',1,21,2.0,1),(516,'59',1,16,3.0,1),(517,'252',1,21,3.0,1),(518,'165',1,22,2.0,1),(519,'14',1,21,2.0,1),(520,'167',1,18,2.0,1),(521,'181',1,17,3.0,1),(522,'166',1,16,2.0,1),(523,'163',1,24,1.0,1),(524,'220',1,16,2.0,1),(525,'97',1,16,3.0,1),(526,'10',1,21,2.0,1),(527,'104',1,17,3.0,1),(528,'154',1,24,2.0,1),(529,'38',1,17,1.0,1),(530,'129',1,24,2.0,1),(531,'164',1,17,3.0,1),(532,'178',1,19,3.0,1),(533,'224',1,17,2.0,1),(534,'109',1,17,1.0,1),(535,'256',1,17,2.0,1),(536,'82',1,16,2.0,1),(537,'13',1,24,1.0,1),(538,'230',1,24,3.0,1),(539,'67',1,17,1.0,1),(540,'32',1,17,3.0,1),(541,'122',1,23,2.0,1),(542,'108',1,23,2.0,1),(543,'2',1,24,3.0,1),(544,'135',1,20,2.0,1),(545,'210',1,20,1.0,1),(546,'147',1,23,2.0,1),(547,'134',1,17,3.0,1),(548,'172',1,21,2.0,1),(549,'15',1,18,2.0,1),(550,'252',1,18,1.0,1),(551,'91',1,24,3.0,1),(552,'123',1,17,3.0,1),(553,'203',1,17,3.0,1),(554,'47',1,17,3.0,1),(555,'138',1,24,1.0,1),(556,'197',1,17,2.0,1),(557,'76',1,20,1.0,1),(558,'85',1,22,1.0,1),(559,'161',1,19,3.0,1),(560,'171',1,23,1.0,1),(561,'96',1,24,2.0,1),(562,'119',1,20,1.0,1),(563,'253',1,16,3.0,1),(564,'182',1,16,1.0,1),(565,'17',1,22,1.0,1),(566,'38',1,16,3.0,1),(567,'202',1,23,2.0,1),(568,'98',1,23,1.0,1),(569,'21',1,23,1.0,1),(570,'19',1,21,3.0,1),(571,'49',1,24,3.0,1),(572,'118',1,21,3.0,1),(573,'96',1,18,3.0,1),(574,'225',1,19,1.0,1),(575,'60',1,22,1.0,1),(576,'6',1,23,2.0,1),(577,'36',1,18,2.0,1),(578,'221',1,16,2.0,1),(579,'192',1,21,3.0,1),(580,'238',1,17,2.0,1),(581,'116',1,19,1.0,1),(582,'257',1,24,3.0,1),(583,'241',1,16,2.0,1),(584,'104',1,22,2.0,1),(585,'29',1,17,2.0,1),(586,'157',1,17,2.0,1),(587,'116',1,19,1.0,1),(588,'79',1,23,1.0,1),(589,'9',1,16,3.0,1),(590,'59',1,16,3.0,1),(591,'83',1,21,3.0,1),(592,'153',1,21,3.0,1),(593,'152',1,24,1.0,1),(594,'46',1,16,3.0,1),(595,'181',1,18,2.0,1),(596,'93',1,22,3.0,1),(597,'242',1,24,2.0,1),(598,'75',1,19,1.0,1),(599,'150',1,22,1.0,1),(600,'85',1,17,1.0,1),(601,'212',1,22,2.0,1),(602,'24',1,17,3.0,1),(603,'142',1,24,3.0,1),(604,'159',1,22,2.0,1),(605,'22',1,19,3.0,1),(606,'181',1,23,2.0,1),(607,'55',1,16,2.0,1),(608,'36',1,16,2.0,1),(609,'195',1,16,1.0,1),(610,'140',1,24,3.0,1),(611,'97',1,20,2.0,1),(612,'25',1,17,3.0,1),(613,'161',1,23,3.0,1),(614,'48',1,20,3.0,1),(615,'192',1,16,2.0,1),(616,'31',1,24,3.0,1),(617,'206',1,24,2.0,1),(618,'80',1,24,1.0,1),(619,'254',1,17,3.0,1),(620,'202',1,24,1.0,1),(621,'164',1,20,2.0,1),(622,'50',1,16,3.0,1),(623,'200',1,17,3.0,1),(624,'207',1,23,2.0,1),(625,'80',1,20,1.0,1),(626,'215',1,17,1.0,1),(627,'186',1,22,3.0,1),(628,'193',1,16,1.0,1),(629,'128',1,18,2.0,1),(630,'54',1,24,2.0,1),(631,'95',1,22,1.0,1),(632,'10',1,20,1.0,1),(633,'128',1,24,1.0,1),(634,'67',1,18,2.0,1),(635,'162',1,23,3.0,1),(636,'253',1,16,3.0,1),(637,'256',1,16,1.0,1),(638,'116',1,16,3.0,1),(639,'242',1,24,1.0,1),(640,'18',1,19,2.0,1),(641,'16',1,17,1.0,1),(642,'42',1,24,3.0,1),(643,'114',1,17,2.0,1),(644,'226',1,17,2.0,1),(645,'243',1,23,1.0,1),(646,'240',1,23,3.0,1),(647,'28',1,22,1.0,1),(648,'6',1,17,1.0,1),(649,'162',1,21,3.0,1),(650,'142',1,24,1.0,1),(651,'88',1,21,1.0,1),(652,'19',1,24,2.0,1),(653,'173',1,23,1.0,1),(654,'54',1,21,3.0,1),(655,'201',1,21,3.0,1),(656,'110',1,16,2.0,1),(657,'108',1,17,2.0,1),(658,'216',1,22,2.0,1),(659,'142',1,21,1.0,1),(660,'163',1,22,1.0,1),(661,'104',1,23,1.0,1),(662,'84',1,24,2.0,1),(663,'61',1,16,1.0,1),(664,'182',1,23,2.0,1),(665,'22',1,18,3.0,1),(666,'233',1,19,3.0,1),(667,'138',1,16,2.0,1),(668,'97',1,24,1.0,1),(669,'64',1,21,3.0,1),(670,'72',1,24,1.0,1),(671,'162',1,22,3.0,1),(672,'240',1,24,1.0,1),(673,'171',1,19,3.0,1),(674,'213',1,16,3.0,1),(675,'25',1,21,1.0,1),(676,'3',1,23,2.0,1),(677,'73',1,17,2.0,1),(678,'249',1,18,3.0,1),(679,'170',1,17,3.0,1),(680,'204',1,24,1.0,1),(681,'79',1,24,1.0,1),(682,'17',1,16,3.0,1),(683,'79',1,24,3.0,1),(684,'102',1,17,3.0,1),(685,'35',1,24,1.0,1),(686,'15',1,21,1.0,1),(687,'171',1,19,3.0,1),(688,'131',1,16,3.0,1),(689,'36',1,21,2.0,1),(690,'130',1,23,1.0,1),(691,'60',1,19,1.0,1),(692,'175',1,18,2.0,1),(693,'111',1,23,3.0,1),(694,'218',1,21,1.0,1),(695,'141',1,20,3.0,1),(696,'2',1,24,2.0,1),(697,'159',1,21,2.0,1),(698,'173',1,19,1.0,1),(699,'209',1,16,3.0,1),(700,'240',1,21,2.0,1),(701,'190',1,18,2.0,1),(702,'111',1,16,2.0,1),(703,'138',1,16,1.0,1),(704,'197',1,16,3.0,1),(705,'83',1,21,2.0,1),(706,'251',1,19,3.0,1),(707,'167',1,17,1.0,1),(708,'47',1,24,3.0,1),(709,'18',1,19,2.0,1),(710,'228',1,17,1.0,1),(711,'19',1,19,1.0,1),(712,'228',1,21,1.0,1),(713,'67',1,16,3.0,1),(714,'220',1,24,3.0,1),(715,'164',1,23,2.0,1),(716,'61',1,16,3.0,1),(717,'133',1,18,2.0,1),(718,'196',1,21,1.0,1),(719,'162',1,24,3.0,1),(720,'126',1,16,2.0,1),(721,'56',1,24,2.0,1),(722,'220',1,21,1.0,1),(723,'52',1,16,3.0,1),(724,'36',1,22,1.0,1),(725,'51',1,21,1.0,1),(726,'63',1,24,3.0,1),(727,'245',1,19,2.0,1),(728,'180',1,20,2.0,1),(729,'179',1,24,2.0,1),(730,'246',1,24,3.0,1),(731,'246',1,16,3.0,1),(732,'28',1,17,2.0,1),(733,'178',1,16,3.0,1),(734,'90',1,24,2.0,1),(735,'252',1,18,3.0,1),(736,'44',1,16,1.0,1),(737,'127',1,16,3.0,1),(738,'60',1,18,3.0,1),(739,'30',1,18,3.0,1),(740,'145',1,16,3.0,1),(741,'212',1,16,2.0,1),(742,'149',1,20,1.0,1),(743,'154',1,24,1.0,1),(744,'118',1,17,2.0,1),(745,'246',1,24,3.0,1),(746,'222',1,18,1.0,1),(747,'213',1,24,1.0,1),(748,'224',1,24,2.0,1),(749,'189',1,16,2.0,1),(750,'208',1,17,2.0,1),(751,'236',1,16,1.0,1),(752,'3',1,21,1.0,1),(753,'172',1,21,3.0,1),(754,'168',1,24,1.0,1),(755,'173',1,21,3.0,1),(756,'79',1,24,3.0,1),(757,'249',1,19,3.0,1),(758,'46',1,21,1.0,1),(759,'149',1,24,2.0,1),(760,'201',1,21,2.0,1),(761,'19',1,17,3.0,1),(762,'259',1,22,2.0,1),(763,'46',1,17,3.0,1),(764,'242',1,17,2.0,1),(765,'134',1,24,2.0,1),(766,'149',1,16,3.0,1),(767,'118',1,24,2.0,1),(768,'163',1,21,1.0,1),(769,'55',1,20,1.0,1),(770,'255',1,19,3.0,1),(771,'190',1,16,2.0,1),(772,'252',1,17,3.0,1),(773,'18',1,16,2.0,1),(774,'141',1,23,1.0,1),(775,'10',1,24,2.0,1),(776,'193',1,16,3.0,1),(777,'185',1,17,1.0,1),(778,'89',1,23,2.0,1),(779,'205',1,21,3.0,1),(780,'89',1,16,2.0,1),(781,'19',1,24,1.0,1),(782,'158',1,16,3.0,1),(783,'49',1,19,1.0,1),(784,'17',1,22,1.0,1),(785,'79',1,24,2.0,1),(786,'189',1,17,2.0,1),(787,'247',1,21,3.0,1),(788,'260',1,23,2.0,1),(789,'217',1,21,1.0,1),(790,'228',1,16,2.0,1),(791,'3',1,24,2.0,1),(792,'254',1,21,3.0,1),(793,'177',1,24,2.0,1),(794,'63',1,24,1.0,1),(795,'119',1,17,1.0,1),(796,'12',1,24,1.0,1),(797,'65',1,21,1.0,1),(798,'182',1,20,1.0,1),(799,'79',1,24,1.0,1),(800,'99',1,18,2.0,1),(801,'231',1,19,1.0,1),(802,'209',1,16,3.0,1),(803,'7',1,17,3.0,1),(804,'116',1,24,1.0,1),(805,'187',1,19,1.0,1),(806,'238',1,18,2.0,1),(807,'84',1,17,2.0,1),(808,'150',1,20,3.0,1),(809,'214',1,24,1.0,1),(810,'159',1,24,2.0,1),(811,'131',1,17,3.0,1),(812,'23',1,23,2.0,1),(813,'168',1,21,2.0,1),(814,'240',1,17,1.0,1),(815,'212',1,17,2.0,1),(816,'27',1,23,2.0,1),(817,'203',1,16,3.0,1),(818,'118',1,23,2.0,1),(819,'247',1,22,1.0,1),(820,'42',1,24,3.0,1),(821,'146',1,16,1.0,1),(822,'213',1,16,1.0,1),(823,'216',1,23,3.0,1),(824,'156',1,16,1.0,1),(825,'223',1,24,1.0,1),(826,'207',1,18,3.0,1),(827,'221',1,24,2.0,1),(828,'84',1,24,3.0,1),(829,'130',1,23,3.0,1),(830,'83',1,24,2.0,1),(831,'133',1,19,3.0,1),(832,'86',1,23,3.0,1),(833,'174',1,16,1.0,1),(834,'95',1,24,2.0,1),(835,'114',1,24,1.0,1),(836,'109',1,16,3.0,1),(837,'219',1,17,1.0,1),(838,'126',1,16,3.0,1),(839,'217',1,17,3.0,1),(840,'40',1,24,2.0,1),(841,'29',1,17,1.0,1),(842,'256',1,17,3.0,1),(843,'194',1,17,1.0,1),(844,'169',1,19,2.0,1),(845,'245',1,24,1.0,1),(846,'171',1,21,3.0,1),(847,'251',1,24,1.0,1),(848,'255',1,24,2.0,1),(849,'176',1,20,1.0,1),(850,'162',1,22,3.0,1),(851,'152',1,23,1.0,1),(852,'118',1,23,1.0,1),(853,'30',1,24,2.0,1),(854,'138',1,21,1.0,1),(855,'77',1,20,1.0,1),(856,'215',1,24,1.0,1),(857,'252',1,18,2.0,1),(858,'105',1,22,3.0,1),(859,'2',1,16,3.0,1),(860,'12',1,19,3.0,1),(861,'4',1,24,1.0,1),(862,'174',1,23,1.0,1),(863,'101',1,22,1.0,1),(864,'210',1,18,1.0,1),(865,'244',1,21,1.0,1),(866,'229',1,19,2.0,1),(867,'67',1,23,2.0,1),(868,'38',1,20,3.0,1),(869,'203',1,24,3.0,1),(870,'41',1,24,3.0,1),(871,'13',1,24,1.0,1),(872,'1',1,23,2.0,1),(873,'249',1,19,3.0,1),(874,'109',1,20,2.0,1),(875,'204',1,17,3.0,1),(876,'180',1,17,3.0,1),(877,'116',1,24,2.0,1),(878,'199',1,17,2.0,1),(879,'231',1,24,1.0,1),(880,'217',1,17,2.0,1),(881,'183',1,23,1.0,1),(882,'39',1,18,2.0,1),(883,'70',1,24,1.0,1),(884,'161',1,24,3.0,1),(885,'190',1,24,1.0,1),(886,'185',1,20,3.0,1),(887,'186',1,16,2.0,1),(888,'211',1,24,1.0,1),(889,'195',1,17,1.0,1),(890,'76',1,18,2.0,1),(891,'257',1,17,3.0,1),(892,'248',1,24,1.0,1),(893,'142',1,16,3.0,1),(894,'258',1,21,2.0,1),(895,'9',1,16,2.0,1),(896,'96',1,21,1.0,1),(897,'160',1,16,2.0,1),(898,'132',1,17,1.0,1),(899,'54',1,17,2.0,1),(900,'52',1,24,1.0,1),(901,'210',1,23,3.0,1),(902,'96',1,16,2.0,1),(903,'113',1,17,1.0,1),(904,'164',1,16,3.0,1),(905,'105',1,16,3.0,1),(906,'172',1,24,3.0,1),(907,'105',1,16,2.0,1),(908,'19',1,24,2.0,1),(909,'3',1,24,1.0,1),(910,'54',1,17,3.0,1),(911,'158',1,17,2.0,1),(912,'8',1,20,1.0,1),(913,'156',1,21,1.0,1),(914,'4',1,21,2.0,1),(915,'61',1,24,1.0,1),(916,'51',1,16,2.0,1),(917,'149',1,20,2.0,1),(918,'81',1,17,3.0,1),(919,'218',1,17,2.0,1),(920,'164',1,16,2.0,1),(921,'106',1,16,3.0,1),(922,'178',1,17,1.0,1),(923,'79',1,24,3.0,1),(924,'18',1,24,2.0,1),(925,'105',1,23,2.0,1),(926,'250',1,23,1.0,1),(927,'147',1,21,1.0,1),(928,'121',1,16,3.0,1),(929,'16',1,19,3.0,1),(930,'254',1,17,3.0,1),(931,'151',1,17,1.0,1),(932,'146',1,24,3.0,1),(933,'116',1,16,3.0,1),(934,'149',1,16,1.0,1),(935,'108',1,16,1.0,1),(936,'141',1,17,3.0,1),(937,'10',1,23,3.0,1),(938,'19',1,17,2.0,1),(939,'44',1,24,3.0,1),(940,'237',1,24,2.0,1),(941,'167',1,17,3.0,1),(942,'204',1,16,2.0,1),(943,'133',1,23,2.0,1),(944,'197',1,24,2.0,1),(945,'113',1,24,1.0,1),(946,'249',1,16,3.0,1),(947,'84',1,17,1.0,1),(948,'29',1,23,2.0,1),(949,'251',1,17,3.0,1),(950,'127',1,23,1.0,1),(951,'50',1,19,1.0,1),(952,'122',1,24,3.0,1),(953,'95',1,24,1.0,1),(954,'238',1,24,1.0,1),(955,'250',1,16,1.0,1),(956,'178',1,16,1.0,1),(957,'54',1,17,2.0,1),(958,'27',1,24,2.0,1),(959,'242',1,24,3.0,1),(960,'245',1,16,1.0,1),(961,'229',1,24,1.0,1),(962,'100',1,24,3.0,1),(963,'98',1,24,2.0,1),(964,'143',1,20,3.0,1),(965,'171',1,24,3.0,1),(966,'203',1,16,3.0,1),(967,'46',1,21,2.0,1),(968,'179',1,24,1.0,1),(969,'75',1,24,1.0,1),(970,'105',1,21,1.0,1),(971,'216',1,19,3.0,1),(972,'48',1,21,2.0,1),(973,'226',1,21,3.0,1),(974,'38',1,17,2.0,1),(975,'210',1,24,1.0,1),(976,'91',1,22,2.0,1),(977,'243',1,24,2.0,1),(978,'133',1,16,2.0,1),(979,'242',1,24,1.0,1),(980,'205',1,21,3.0,1),(981,'169',1,17,1.0,1),(982,'88',1,17,2.0,1),(983,'219',1,21,2.0,1),(984,'42',1,23,2.0,1),(985,'116',1,24,1.0,1),(986,'215',1,16,1.0,1),(987,'65',1,16,1.0,1),(988,'166',1,17,3.0,1),(989,'151',1,22,1.0,1),(990,'81',1,24,1.0,1),(991,'38',1,24,3.0,1),(992,'127',1,21,3.0,1),(993,'153',1,16,2.0,1),(994,'153',1,16,2.0,1),(995,'33',1,23,3.0,1),(996,'71',1,16,1.0,1),(997,'229',1,24,1.0,1),(998,'172',1,17,3.0,1),(999,'255',1,16,1.0,1),(1000,'107',1,24,3.0,1),(5001,'235',2,21,3.0,1),(5002,'149',2,22,3.0,1),(5003,'188',2,18,2.0,1),(5004,'17',2,18,2.0,1),(5005,'68',2,21,3.0,1),(5006,'195',2,23,2.0,1),(5007,'223',2,16,1.0,1),(5008,'206',2,20,3.0,1),(5009,'71',2,20,1.0,1),(5010,'58',2,21,3.0,1),(5011,'57',2,17,2.0,1),(5012,'227',2,18,1.0,1),(5013,'155',2,22,1.0,1),(5014,'162',2,22,3.0,1),(5015,'260',2,21,3.0,1),(5016,'73',2,23,2.0,1),(5017,'135',2,16,1.0,1),(5018,'71',2,19,1.0,1),(5019,'192',2,16,2.0,1),(5020,'103',2,22,2.0,1),(5021,'59',2,22,3.0,1),(5022,'203',2,23,3.0,1),(5023,'108',2,21,2.0,1),(5024,'168',2,22,1.0,1),(5025,'249',2,18,2.0,1),(5026,'23',2,16,2.0,1),(5027,'248',2,21,3.0,1),(5028,'103',2,21,3.0,1),(5029,'112',2,24,2.0,1),(5030,'128',2,18,2.0,1),(5031,'50',2,21,1.0,1),(5032,'182',2,20,1.0,1),(5033,'60',2,23,1.0,1),(5034,'232',2,20,3.0,1),(5035,'217',2,20,2.0,1),(5036,'20',2,18,3.0,1),(5037,'244',2,22,1.0,1),(5038,'221',2,20,1.0,1),(5039,'146',2,18,1.0,1),(5040,'249',2,16,3.0,1),(5041,'30',2,22,1.0,1),(5042,'57',2,22,1.0,1),(5043,'224',2,21,1.0,1),(5044,'123',2,17,1.0,1),(5045,'14',2,21,2.0,1),(5046,'221',2,17,2.0,1),(5047,'199',2,21,3.0,1),(5048,'165',2,21,1.0,1),(5049,'133',2,21,1.0,1),(5050,'113',2,21,2.0,1),(5051,'74',2,21,2.0,1),(5052,'247',2,24,1.0,1),(5053,'230',2,21,1.0,1),(5054,'203',2,18,1.0,1),(5055,'109',2,21,1.0,1),(5056,'174',2,21,3.0,1),(5057,'176',2,22,2.0,1),(5058,'105',2,18,1.0,1),(5059,'15',2,21,2.0,1),(5060,'179',2,18,3.0,1),(5061,'166',2,20,2.0,1),(5062,'198',2,16,1.0,1),(5063,'245',2,21,1.0,1),(5064,'144',2,22,3.0,1),(5065,'64',2,23,1.0,1),(5066,'165',2,21,1.0,1),(5067,'247',2,19,1.0,1),(5068,'251',2,20,3.0,1),(5069,'246',2,17,3.0,1),(5070,'82',2,17,2.0,1),(5071,'250',2,23,2.0,1),(5072,'58',2,22,2.0,1),(5073,'241',2,20,2.0,1),(5074,'218',2,23,1.0,1),(5075,'46',2,23,1.0,1),(5076,'195',2,18,1.0,1),(5077,'253',2,23,2.0,1),(5078,'88',2,18,3.0,1),(5079,'253',2,20,1.0,1),(5080,'202',2,18,3.0,1),(5081,'207',2,18,1.0,1),(5082,'198',2,23,2.0,1),(5083,'184',2,16,2.0,1),(5084,'141',2,23,3.0,1),(5085,'206',2,22,1.0,1),(5086,'76',2,21,2.0,1),(5087,'193',2,21,1.0,1),(5088,'181',2,22,1.0,1),(5089,'256',2,18,2.0,1),(5090,'228',2,18,1.0,1),(5091,'24',2,22,1.0,1),(5092,'251',2,23,3.0,1),(5093,'151',2,21,1.0,1),(5094,'188',2,21,2.0,1),(5095,'156',2,18,2.0,1),(5096,'11',2,21,2.0,1),(5097,'165',2,17,2.0,1),(5098,'97',2,24,2.0,1),(5099,'109',2,18,1.0,1),(5100,'126',2,19,1.0,1),(5101,'140',2,21,3.0,1),(5102,'203',2,20,1.0,1),(5103,'128',2,20,3.0,1),(5104,'225',2,21,2.0,1),(5105,'84',2,23,1.0,1),(5106,'151',2,20,3.0,1),(5107,'241',2,18,3.0,1),(5108,'17',2,21,1.0,1),(5109,'130',2,18,2.0,1),(5110,'46',2,22,3.0,1),(5111,'199',2,24,2.0,1),(5112,'247',2,20,2.0,1),(5113,'181',2,16,3.0,1),(5114,'260',2,21,3.0,1),(5115,'99',2,20,3.0,1),(5116,'232',2,24,2.0,1),(5117,'39',2,18,3.0,1),(5118,'209',2,22,2.0,1),(5119,'63',2,18,1.0,1),(5120,'215',2,17,1.0,1),(5121,'116',2,21,1.0,1),(5122,'58',2,23,2.0,1),(5123,'76',2,20,1.0,1),(5124,'251',2,21,1.0,1),(5125,'95',2,18,1.0,1),(5126,'249',2,22,2.0,1),(5127,'74',2,18,1.0,1),(5128,'250',2,21,3.0,1),(5129,'196',2,18,2.0,1),(5130,'135',2,19,1.0,1),(5131,'223',2,21,1.0,1),(5132,'213',2,24,2.0,1),(5133,'20',2,18,1.0,1),(5134,'106',2,21,3.0,1),(5135,'175',2,21,2.0,1),(5136,'94',2,21,3.0,1),(5137,'37',2,16,2.0,1),(5138,'23',2,21,3.0,1),(5139,'201',2,24,1.0,1),(5140,'48',2,17,2.0,1),(5141,'133',2,23,2.0,1),(5142,'238',2,21,1.0,1),(5143,'47',2,21,3.0,1),(5144,'72',2,21,3.0,1),(5145,'110',2,18,1.0,1),(5146,'15',2,21,1.0,1),(5147,'194',2,21,2.0,1),(5148,'227',2,18,2.0,1),(5149,'40',2,18,1.0,1),(5150,'198',2,22,2.0,1),(5151,'232',2,17,3.0,1),(5152,'255',2,24,2.0,1),(5153,'132',2,21,1.0,1),(5154,'61',2,22,1.0,1),(5155,'187',2,18,2.0,1),(5156,'161',2,21,2.0,1),(5157,'199',2,21,2.0,1),(5158,'213',2,16,1.0,1),(5159,'165',2,20,2.0,1),(5160,'113',2,18,1.0,1),(5161,'200',2,18,2.0,1),(5162,'136',2,18,1.0,1),(5163,'165',2,24,3.0,1),(5164,'28',2,18,1.0,1),(5165,'28',2,21,2.0,1),(5166,'29',2,22,2.0,1),(5167,'97',2,23,1.0,1),(5168,'95',2,22,1.0,1),(5169,'42',2,24,1.0,1),(5170,'168',2,21,3.0,1),(5171,'164',2,17,3.0,1),(5172,'221',2,22,2.0,1),(5173,'117',2,18,2.0,1),(5174,'175',2,22,3.0,1),(5175,'151',2,23,2.0,1),(5176,'178',2,23,2.0,1),(5177,'193',2,23,1.0,1),(5178,'192',2,17,3.0,1),(5179,'177',2,21,3.0,1),(5180,'125',2,21,2.0,1),(5181,'258',2,21,1.0,1),(5182,'84',2,23,1.0,1),(5183,'240',2,22,1.0,1),(5184,'180',2,21,3.0,1),(5185,'12',2,20,2.0,1),(5186,'159',2,21,2.0,1),(5187,'190',2,21,1.0,1),(5188,'69',2,22,1.0,1),(5189,'48',2,22,3.0,1),(5190,'119',2,16,2.0,1),(5191,'127',2,21,1.0,1),(5192,'71',2,16,1.0,1),(5193,'89',2,21,3.0,1),(5194,'4',2,18,2.0,1),(5195,'153',2,18,3.0,1),(5196,'42',2,16,1.0,1),(5197,'28',2,18,2.0,1),(5198,'42',2,20,1.0,1),(5199,'133',2,20,3.0,1),(5200,'93',2,24,2.0,1),(5201,'252',2,21,3.0,1),(5202,'50',2,16,2.0,1),(5203,'147',2,21,2.0,1),(5204,'146',2,20,3.0,1),(5205,'238',2,21,3.0,1),(5206,'135',2,22,3.0,1),(5207,'82',2,18,1.0,1),(5208,'215',2,23,1.0,1),(5209,'127',2,22,3.0,1),(5210,'40',2,19,2.0,1),(5211,'167',2,21,2.0,1),(5212,'49',2,20,3.0,1),(5213,'172',2,21,1.0,1),(5214,'120',2,21,1.0,1),(5215,'73',2,21,3.0,1),(5216,'111',2,22,1.0,1),(5217,'35',2,19,1.0,1),(5218,'70',2,22,3.0,1),(5219,'187',2,21,2.0,1),(5220,'146',2,16,1.0,1),(5221,'99',2,18,3.0,1),(5222,'149',2,21,3.0,1),(5223,'256',2,18,1.0,1),(5224,'173',2,16,1.0,1),(5225,'69',2,22,1.0,1),(5226,'27',2,23,3.0,1),(5227,'108',2,22,1.0,1),(5228,'74',2,16,1.0,1),(5229,'2',2,21,2.0,1),(5230,'138',2,21,1.0,1),(5231,'153',2,18,2.0,1),(5232,'129',2,21,1.0,1),(5233,'135',2,21,3.0,1),(5234,'81',2,18,1.0,1),(5235,'236',2,18,3.0,1),(5236,'107',2,22,3.0,1),(5237,'52',2,23,1.0,1),(5238,'12',2,18,3.0,1),(5239,'50',2,21,1.0,1),(5240,'94',2,20,2.0,1),(5241,'121',2,19,1.0,1),(5242,'227',2,18,3.0,1),(5243,'48',2,18,2.0,1),(5244,'219',2,18,3.0,1),(5245,'21',2,20,3.0,1),(5246,'106',2,20,2.0,1),(5247,'105',2,21,2.0,1),(5248,'54',2,21,2.0,1),(5249,'223',2,17,3.0,1),(5250,'108',2,18,2.0,1),(5251,'173',2,21,1.0,1),(5252,'79',2,22,3.0,1),(5253,'28',2,18,1.0,1),(5254,'178',2,16,2.0,1),(5255,'87',2,20,1.0,1),(5256,'70',2,18,2.0,1),(5257,'220',2,16,1.0,1),(5258,'136',2,20,1.0,1),(5259,'260',2,22,1.0,1),(5260,'199',2,18,1.0,1),(5261,'28',2,22,3.0,1),(5262,'207',2,20,1.0,1),(5263,'155',2,17,2.0,1),(5264,'73',2,21,2.0,1),(5265,'234',2,21,1.0,1),(5266,'148',2,18,1.0,1),(5267,'159',2,21,1.0,1),(5268,'81',2,18,1.0,1),(5269,'230',2,21,3.0,1),(5270,'248',2,22,1.0,1),(5271,'76',2,24,3.0,1),(5272,'180',2,22,2.0,1),(5273,'140',2,23,2.0,1),(5274,'9',2,18,1.0,1),(5275,'211',2,23,3.0,1),(5276,'130',2,18,2.0,1),(5277,'30',2,18,1.0,1),(5278,'251',2,21,3.0,1),(5279,'28',2,20,3.0,1),(5280,'81',2,21,2.0,1),(5281,'86',2,23,1.0,1),(5282,'3',2,22,1.0,1),(5283,'47',2,24,2.0,1),(5284,'247',2,21,1.0,1),(5285,'148',2,22,3.0,1),(5286,'256',2,20,1.0,1),(5287,'87',2,22,1.0,1),(5288,'201',2,24,1.0,1),(5289,'96',2,21,3.0,1),(5290,'42',2,17,1.0,1),(5291,'182',2,19,3.0,1),(5292,'132',2,21,1.0,1),(5293,'106',2,20,1.0,1),(5294,'229',2,22,3.0,1),(5295,'220',2,18,1.0,1),(5296,'49',2,18,2.0,1),(5297,'119',2,18,1.0,1),(5298,'248',2,24,1.0,1),(5299,'73',2,23,3.0,1),(5300,'208',2,23,3.0,1),(5301,'135',2,21,2.0,1),(5302,'114',2,22,3.0,1),(5303,'54',2,18,2.0,1),(5304,'183',2,21,2.0,1),(5305,'74',2,18,1.0,1),(5306,'252',2,20,2.0,1),(5307,'56',2,24,2.0,1),(5308,'59',2,21,2.0,1),(5309,'254',2,18,2.0,1),(5310,'71',2,16,3.0,1),(5311,'134',2,21,2.0,1),(5312,'227',2,21,3.0,1),(5313,'200',2,22,1.0,1),(5314,'237',2,18,2.0,1),(5315,'109',2,21,1.0,1),(5316,'175',2,18,1.0,1),(5317,'207',2,21,2.0,1),(5318,'63',2,21,2.0,1),(5319,'244',2,22,3.0,1),(5320,'114',2,21,2.0,1),(5321,'209',2,22,3.0,1),(5322,'88',2,18,3.0,1),(5323,'163',2,22,1.0,1),(5324,'14',2,23,1.0,1),(5325,'171',2,18,2.0,1),(5326,'251',2,23,2.0,1),(5327,'202',2,24,2.0,1),(5328,'140',2,20,3.0,1),(5329,'158',2,21,1.0,1),(5330,'172',2,20,3.0,1),(5331,'61',2,19,3.0,1),(5332,'218',2,18,1.0,1),(5333,'170',2,21,2.0,1),(5334,'192',2,17,3.0,1),(5335,'64',2,21,2.0,1),(5336,'64',2,24,2.0,1),(5337,'251',2,16,3.0,1),(5338,'31',2,22,1.0,1),(5339,'153',2,18,1.0,1),(5340,'165',2,18,1.0,1),(5341,'29',2,20,3.0,1),(5342,'237',2,24,2.0,1),(5343,'99',2,18,2.0,1),(5344,'90',2,21,1.0,1),(5345,'134',2,16,2.0,1),(5346,'2',2,20,1.0,1),(5347,'31',2,21,1.0,1),(5348,'11',2,21,2.0,1),(5349,'178',2,21,3.0,1),(5350,'59',2,21,2.0,1),(5351,'256',2,18,1.0,1),(5352,'95',2,23,1.0,1),(5353,'203',2,20,1.0,1),(5354,'27',2,22,1.0,1),(5355,'78',2,21,1.0,1),(5356,'14',2,16,2.0,1),(5357,'151',2,22,2.0,1),(5358,'101',2,24,2.0,1),(5359,'138',2,21,3.0,1),(5360,'1',2,23,1.0,1),(5361,'146',2,19,3.0,1),(5362,'38',2,20,3.0,1),(5363,'169',2,18,2.0,1),(5364,'165',2,22,2.0,1),(5365,'142',2,22,1.0,1),(5366,'58',2,21,3.0,1),(5367,'10',2,20,1.0,1),(5368,'7',2,18,1.0,1),(5369,'192',2,21,3.0,1),(5370,'260',2,24,2.0,1),(5371,'27',2,22,2.0,1),(5372,'82',2,18,2.0,1),(5373,'191',2,23,3.0,1),(5374,'113',2,21,1.0,1),(5375,'16',2,18,2.0,1),(5376,'34',2,20,2.0,1),(5377,'68',2,18,3.0,1),(5378,'82',2,20,1.0,1),(5379,'211',2,21,2.0,1),(5380,'26',2,21,1.0,1),(5381,'171',2,18,1.0,1),(5382,'193',2,24,2.0,1),(5383,'31',2,22,1.0,1),(5384,'159',2,22,3.0,1),(5385,'141',2,22,3.0,1),(5386,'251',2,23,3.0,1),(5387,'243',2,17,3.0,1),(5388,'87',2,22,3.0,1),(5389,'13',2,16,2.0,1),(5390,'177',2,21,2.0,1),(5391,'126',2,23,1.0,1),(5392,'67',2,21,3.0,1),(5393,'98',2,23,3.0,1),(5394,'4',2,22,2.0,1),(5395,'195',2,16,1.0,1),(5396,'64',2,20,2.0,1),(5397,'236',2,16,2.0,1),(5398,'170',2,22,1.0,1),(5399,'161',2,23,3.0,1),(5400,'145',2,20,2.0,1),(5401,'256',2,23,2.0,1),(5402,'102',2,22,1.0,1),(5403,'205',2,24,2.0,1),(5404,'25',2,21,1.0,1),(5405,'178',2,20,2.0,1),(5406,'177',2,23,1.0,1),(5407,'172',2,20,2.0,1),(5408,'3',2,20,3.0,1),(5409,'224',2,16,1.0,1),(5410,'251',2,23,3.0,1),(5411,'125',2,17,1.0,1),(5412,'40',2,21,1.0,1),(5413,'10',2,18,1.0,1),(5414,'142',2,16,2.0,1),(5415,'103',2,22,2.0,1),(5416,'188',2,21,1.0,1),(5417,'42',2,18,1.0,1),(5418,'207',2,16,2.0,1),(5419,'80',2,16,1.0,1),(5420,'201',2,21,2.0,1),(5421,'125',2,24,2.0,1),(5422,'150',2,18,3.0,1),(5423,'216',2,16,3.0,1),(5424,'25',2,22,2.0,1),(5425,'45',2,20,1.0,1),(5426,'253',2,20,2.0,1),(5427,'82',2,17,1.0,1),(5428,'139',2,22,3.0,1),(5429,'257',2,21,1.0,1),(5430,'186',2,21,1.0,1),(5431,'130',2,21,2.0,1),(5432,'130',2,22,3.0,1),(5433,'204',2,20,1.0,1),(5434,'255',2,21,2.0,1),(5435,'28',2,21,1.0,1),(5436,'81',2,16,2.0,1),(5437,'163',2,16,2.0,1),(5438,'110',2,21,1.0,1),(5439,'213',2,21,1.0,1),(5440,'69',2,16,3.0,1),(5441,'200',2,23,2.0,1),(5442,'149',2,16,3.0,1),(5443,'130',2,21,1.0,1),(5444,'160',2,22,3.0,1),(5445,'5',2,18,1.0,1),(5446,'181',2,21,3.0,1),(5447,'148',2,21,1.0,1),(5448,'78',2,23,3.0,1),(5449,'154',2,18,2.0,1),(5450,'34',2,20,1.0,1),(5451,'144',2,18,1.0,1),(5452,'250',2,18,3.0,1),(5453,'49',2,20,2.0,1),(5454,'107',2,16,1.0,1),(5455,'20',2,17,2.0,1),(5456,'162',2,21,2.0,1),(5457,'144',2,23,3.0,1),(5458,'211',2,21,1.0,1),(5459,'102',2,22,1.0,1),(5460,'82',2,16,2.0,1),(5461,'11',2,22,2.0,1),(5462,'214',2,21,2.0,1),(5463,'111',2,22,3.0,1),(5464,'35',2,21,1.0,1),(5465,'34',2,23,1.0,1),(5466,'125',2,20,2.0,1),(5467,'253',2,21,3.0,1),(5468,'37',2,21,1.0,1),(5469,'258',2,18,1.0,1),(5470,'28',2,18,2.0,1),(5471,'74',2,18,3.0,1),(5472,'226',2,22,2.0,1),(5473,'17',2,16,3.0,1),(5474,'226',2,17,1.0,1),(5475,'173',2,22,2.0,1),(5476,'5',2,18,3.0,1),(5477,'142',2,23,2.0,1),(5478,'88',2,22,3.0,1),(5479,'231',2,18,2.0,1),(5480,'69',2,22,1.0,1),(5481,'156',2,20,3.0,1),(5482,'116',2,18,3.0,1),(5483,'102',2,24,1.0,1),(5484,'32',2,23,1.0,1),(5485,'150',2,22,1.0,1),(5486,'241',2,20,2.0,1),(5487,'4',2,23,1.0,1),(5488,'251',2,18,3.0,1),(5489,'70',2,21,3.0,1),(5490,'103',2,21,3.0,1),(5491,'84',2,18,1.0,1),(5492,'139',2,21,3.0,1),(5493,'63',2,22,1.0,1),(5494,'259',2,17,1.0,1),(5495,'40',2,17,2.0,1),(5496,'10',2,22,3.0,1),(5497,'214',2,24,3.0,1),(5498,'107',2,17,3.0,1),(5499,'67',2,23,2.0,1),(5500,'124',2,20,3.0,1),(5501,'199',2,21,3.0,1),(5502,'104',2,22,1.0,1),(5503,'187',2,20,3.0,1),(5504,'124',2,24,1.0,1),(5505,'153',2,18,3.0,1),(5506,'40',2,22,2.0,1),(5507,'204',2,21,1.0,1),(5508,'23',2,21,3.0,1),(5509,'62',2,23,1.0,1),(5510,'138',2,21,2.0,1),(5511,'23',2,16,1.0,1),(5512,'31',2,18,2.0,1),(5513,'180',2,17,2.0,1),(5514,'211',2,21,3.0,1),(5515,'245',2,18,2.0,1),(5516,'40',2,23,3.0,1),(5517,'90',2,21,3.0,1),(5518,'13',2,16,1.0,1),(5519,'74',2,23,2.0,1),(5520,'166',2,23,3.0,1),(5521,'28',2,21,3.0,1),(5522,'175',2,21,3.0,1),(5523,'75',2,21,3.0,1),(5524,'26',2,21,1.0,1),(5525,'228',2,22,1.0,1),(5526,'163',2,24,1.0,1),(5527,'182',2,21,1.0,1),(5528,'243',2,22,3.0,1),(5529,'236',2,18,2.0,1),(5530,'151',2,21,1.0,1),(5531,'221',2,18,1.0,1),(5532,'200',2,16,1.0,1),(5533,'144',2,20,3.0,1),(5534,'20',2,21,2.0,1),(5535,'214',2,21,2.0,1),(5536,'163',2,21,3.0,1),(5537,'133',2,24,2.0,1),(5538,'260',2,20,1.0,1),(5539,'201',2,21,1.0,1),(5540,'120',2,21,3.0,1),(5541,'219',2,22,2.0,1),(5542,'250',2,23,1.0,1),(5543,'13',2,23,3.0,1),(5544,'21',2,16,1.0,1),(5545,'251',2,23,2.0,1),(5546,'178',2,16,1.0,1),(5547,'147',2,21,1.0,1),(5548,'125',2,22,2.0,1),(5549,'139',2,18,1.0,1),(5550,'20',2,16,2.0,1),(5551,'210',2,21,3.0,1),(5552,'45',2,16,3.0,1),(5553,'22',2,22,1.0,1),(5554,'257',2,21,1.0,1),(5555,'60',2,18,2.0,1),(5556,'224',2,23,2.0,1),(5557,'147',2,18,1.0,1),(5558,'50',2,23,2.0,1),(5559,'50',2,18,2.0,1),(5560,'208',2,20,2.0,1),(5561,'69',2,21,3.0,1),(5562,'41',2,19,3.0,1),(5563,'39',2,21,1.0,1),(5564,'204',2,19,2.0,1),(5565,'35',2,23,2.0,1),(5566,'125',2,18,2.0,1),(5567,'3',2,18,3.0,1),(5568,'197',2,21,3.0,1),(5569,'128',2,19,1.0,1),(5570,'204',2,21,2.0,1),(5571,'170',2,16,3.0,1),(5572,'62',2,18,2.0,1),(5573,'250',2,18,1.0,1),(5574,'102',2,23,1.0,1),(5575,'155',2,21,3.0,1),(5576,'122',2,24,1.0,1),(5577,'166',2,18,2.0,1),(5578,'110',2,21,3.0,1),(5579,'91',2,23,1.0,1),(5580,'196',2,17,1.0,1),(5581,'53',2,21,2.0,1),(5582,'226',2,22,2.0,1),(5583,'215',2,18,2.0,1),(5584,'50',2,24,1.0,1),(5585,'164',2,23,2.0,1),(5586,'120',2,23,3.0,1),(5587,'84',2,22,2.0,1),(5588,'248',2,21,3.0,1),(5589,'123',2,18,2.0,1),(5590,'193',2,23,3.0,1),(5591,'55',2,22,2.0,1),(5592,'249',2,17,3.0,1),(5593,'132',2,17,2.0,1),(5594,'242',2,21,3.0,1),(5595,'43',2,18,1.0,1),(5596,'106',2,22,2.0,1),(5597,'133',2,18,2.0,1),(5598,'193',2,21,2.0,1),(5599,'182',2,21,3.0,1),(5600,'72',2,20,3.0,1),(5601,'219',2,22,2.0,1),(5602,'55',2,23,3.0,1),(5603,'253',2,20,1.0,1),(5604,'246',2,21,1.0,1),(5605,'257',2,23,1.0,1),(5606,'164',2,21,2.0,1),(5607,'42',2,20,3.0,1),(5608,'175',2,16,3.0,1),(5609,'33',2,21,1.0,1),(5610,'222',2,22,1.0,1),(5611,'230',2,20,3.0,1),(5612,'254',2,16,3.0,1),(5613,'154',2,17,1.0,1),(5614,'211',2,17,2.0,1),(5615,'139',2,23,2.0,1),(5616,'158',2,22,3.0,1),(5617,'185',2,22,2.0,1),(5618,'91',2,21,1.0,1),(5619,'154',2,22,1.0,1),(5620,'28',2,21,2.0,1),(5621,'213',2,18,2.0,1),(5622,'233',2,21,2.0,1),(5623,'155',2,18,2.0,1),(5624,'252',2,19,1.0,1),(5625,'229',2,17,2.0,1),(5626,'37',2,24,1.0,1),(5627,'210',2,16,1.0,1),(5628,'113',2,20,1.0,1),(5629,'119',2,22,2.0,1),(5630,'32',2,23,3.0,1),(5631,'146',2,19,3.0,1),(5632,'120',2,16,2.0,1),(5633,'134',2,24,2.0,1),(5634,'41',2,21,3.0,1),(5635,'161',2,19,3.0,1),(5636,'228',2,18,2.0,1),(5637,'138',2,18,2.0,1),(5638,'109',2,16,1.0,1),(5639,'90',2,21,1.0,1),(5640,'24',2,21,2.0,1),(5641,'157',2,17,3.0,1),(5642,'69',2,21,1.0,1),(5643,'227',2,22,2.0,1),(5644,'172',2,23,3.0,1),(5645,'93',2,18,1.0,1),(5646,'208',2,24,1.0,1),(5647,'248',2,18,3.0,1),(5648,'96',2,23,1.0,1),(5649,'215',2,23,2.0,1),(5650,'198',2,16,2.0,1),(5651,'239',2,18,2.0,1),(5652,'106',2,22,3.0,1),(5653,'254',2,24,3.0,1),(5654,'115',2,16,2.0,1),(5655,'37',2,20,1.0,1),(5656,'113',2,21,2.0,1),(5657,'98',2,24,2.0,1),(5658,'227',2,16,2.0,1),(5659,'69',2,17,3.0,1),(5660,'77',2,23,3.0,1),(5661,'159',2,21,2.0,1),(5662,'103',2,18,1.0,1),(5663,'185',2,17,1.0,1),(5664,'27',2,21,2.0,1),(5665,'33',2,21,1.0,1),(5666,'108',2,21,1.0,1),(5667,'85',2,21,1.0,1),(5668,'170',2,24,3.0,1),(5669,'212',2,21,1.0,1),(5670,'207',2,22,1.0,1),(5671,'141',2,21,2.0,1),(5672,'106',2,16,3.0,1),(5673,'230',2,17,2.0,1),(5674,'223',2,20,3.0,1),(5675,'254',2,22,3.0,1),(5676,'105',2,23,1.0,1),(5677,'88',2,20,2.0,1),(5678,'167',2,21,3.0,1),(5679,'180',2,20,2.0,1),(5680,'234',2,23,3.0,1),(5681,'36',2,24,1.0,1),(5682,'179',2,21,3.0,1),(5683,'137',2,20,2.0,1),(5684,'253',2,18,3.0,1),(5685,'194',2,20,2.0,1),(5686,'213',2,21,3.0,1),(5687,'80',2,17,2.0,1),(5688,'241',2,20,1.0,1),(5689,'239',2,17,1.0,1),(5690,'125',2,22,3.0,1),(5691,'193',2,21,1.0,1),(5692,'173',2,18,1.0,1),(5693,'229',2,21,2.0,1),(5694,'227',2,20,2.0,1),(5695,'51',2,21,1.0,1),(5696,'69',2,16,1.0,1),(5697,'90',2,18,3.0,1),(5698,'178',2,18,3.0,1),(5699,'153',2,22,3.0,1),(5700,'214',2,18,3.0,1),(5701,'68',2,17,2.0,1),(5702,'125',2,22,3.0,1),(5703,'72',2,19,3.0,1),(5704,'24',2,22,3.0,1),(5705,'234',2,18,3.0,1),(5706,'136',2,18,2.0,1),(5707,'132',2,21,1.0,1),(5708,'87',2,21,1.0,1),(5709,'65',2,18,1.0,1),(5710,'28',2,20,2.0,1),(5711,'101',2,22,3.0,1),(5712,'250',2,22,3.0,1),(5713,'84',2,19,3.0,1),(5714,'131',2,20,3.0,1),(5715,'242',2,22,3.0,1),(5716,'151',2,21,2.0,1),(5717,'152',2,17,2.0,1),(5718,'7',2,18,1.0,1),(5719,'15',2,18,2.0,1),(5720,'24',2,22,2.0,1),(5721,'19',2,21,3.0,1),(5722,'174',2,19,1.0,1),(5723,'94',2,24,2.0,1),(5724,'118',2,21,1.0,1),(5725,'226',2,21,3.0,1),(5726,'71',2,18,1.0,1),(5727,'131',2,22,3.0,1),(5728,'221',2,22,1.0,1),(5729,'171',2,21,1.0,1),(5730,'259',2,22,3.0,1),(5731,'26',2,21,2.0,1),(5732,'21',2,21,3.0,1),(5733,'31',2,17,2.0,1),(5734,'115',2,21,3.0,1),(5735,'4',2,21,3.0,1),(5736,'129',2,21,1.0,1),(5737,'183',2,18,2.0,1),(5738,'4',2,17,1.0,1),(5739,'258',2,16,3.0,1),(5740,'237',2,23,3.0,1),(5741,'225',2,21,1.0,1),(5742,'3',2,20,3.0,1),(5743,'33',2,20,3.0,1),(5744,'247',2,17,1.0,1),(5745,'3',2,18,2.0,1),(5746,'131',2,23,1.0,1),(5747,'27',2,21,1.0,1),(5748,'33',2,20,2.0,1),(5749,'247',2,22,1.0,1),(5750,'220',2,18,3.0,1),(5751,'103',2,19,1.0,1),(5752,'63',2,21,3.0,1),(5753,'230',2,16,2.0,1),(5754,'112',2,20,2.0,1),(5755,'92',2,21,3.0,1),(5756,'218',2,21,3.0,1),(5757,'110',2,17,3.0,1),(5758,'73',2,20,3.0,1),(5759,'151',2,21,2.0,1),(5760,'260',2,22,2.0,1),(5761,'194',2,24,1.0,1),(5762,'243',2,17,3.0,1),(5763,'218',2,17,1.0,1),(5764,'176',2,21,3.0,1),(5765,'98',2,22,3.0,1),(5766,'105',2,23,1.0,1),(5767,'117',2,21,1.0,1),(5768,'153',2,24,1.0,1),(5769,'72',2,20,3.0,1),(5770,'194',2,18,1.0,1),(5771,'78',2,21,3.0,1),(5772,'70',2,23,1.0,1),(5773,'245',2,21,1.0,1),(5774,'87',2,21,3.0,1),(5775,'16',2,17,3.0,1),(5776,'259',2,21,2.0,1),(5777,'235',2,18,2.0,1),(5778,'256',2,18,1.0,1),(5779,'52',2,21,2.0,1),(5780,'36',2,20,2.0,1),(5781,'158',2,20,1.0,1),(5782,'74',2,21,2.0,1),(5783,'140',2,18,3.0,1),(5784,'230',2,20,2.0,1),(5785,'172',2,22,3.0,1),(5786,'254',2,24,3.0,1),(5787,'170',2,21,3.0,1),(5788,'102',2,20,2.0,1),(5789,'9',2,22,3.0,1),(5790,'186',2,21,2.0,1),(5791,'166',2,22,1.0,1),(5792,'220',2,21,3.0,1),(5793,'38',2,21,1.0,1),(5794,'35',2,18,3.0,1),(5795,'31',2,23,1.0,1),(5796,'176',2,18,2.0,1),(5797,'56',2,21,2.0,1),(5798,'94',2,22,2.0,1),(5799,'3',2,16,1.0,1),(5800,'195',2,18,3.0,1),(5801,'151',2,21,3.0,1),(5802,'186',2,18,2.0,1),(5803,'173',2,18,3.0,1),(5804,'181',2,23,3.0,1),(5805,'30',2,17,3.0,1),(5806,'99',2,21,3.0,1),(5807,'140',2,18,1.0,1),(5808,'46',2,24,3.0,1),(5809,'238',2,20,2.0,1),(5810,'223',2,22,1.0,1),(5811,'122',2,20,1.0,1),(5812,'177',2,22,2.0,1),(5813,'46',2,18,1.0,1),(5814,'123',2,20,2.0,1),(5815,'6',2,22,1.0,1),(5816,'164',2,21,2.0,1),(5817,'233',2,17,3.0,1),(5818,'193',2,22,1.0,1),(5819,'160',2,21,1.0,1),(5820,'192',2,16,2.0,1),(5821,'161',2,22,2.0,1),(5822,'74',2,20,3.0,1),(5823,'44',2,22,3.0,1),(5824,'212',2,21,2.0,1),(5825,'5',2,18,1.0,1),(5826,'33',2,21,3.0,1),(5827,'8',2,24,3.0,1),(5828,'185',2,16,1.0,1),(5829,'24',2,18,2.0,1),(5830,'109',2,22,1.0,1),(5831,'31',2,22,2.0,1),(5832,'199',2,21,3.0,1),(5833,'176',2,18,1.0,1),(5834,'166',2,20,1.0,1),(5835,'220',2,20,3.0,1),(5836,'26',2,18,1.0,1),(5837,'72',2,16,3.0,1),(5838,'131',2,16,2.0,1),(5839,'145',2,21,1.0,1),(5840,'82',2,21,1.0,1),(5841,'30',2,24,3.0,1),(5842,'9',2,18,1.0,1),(5843,'107',2,21,1.0,1),(5844,'174',2,21,3.0,1),(5845,'256',2,20,2.0,1),(5846,'37',2,18,1.0,1),(5847,'212',2,23,1.0,1),(5848,'7',2,18,1.0,1),(5849,'150',2,21,2.0,1),(5850,'187',2,22,2.0,1),(5851,'115',2,22,3.0,1),(5852,'65',2,21,1.0,1),(5853,'4',2,22,1.0,1),(5854,'31',2,21,1.0,1),(5855,'140',2,23,2.0,1),(5856,'33',2,18,2.0,1),(5857,'71',2,22,1.0,1),(5858,'27',2,16,2.0,1),(5859,'57',2,22,2.0,1),(5860,'72',2,21,1.0,1),(5861,'242',2,16,1.0,1),(5862,'215',2,20,2.0,1),(5863,'92',2,18,1.0,1),(5864,'110',2,21,2.0,1),(5865,'167',2,20,3.0,1),(5866,'234',2,20,2.0,1),(5867,'177',2,20,3.0,1),(5868,'117',2,21,3.0,1),(5869,'130',2,19,3.0,1),(5870,'114',2,18,3.0,1),(5871,'253',2,16,2.0,1),(5872,'186',2,18,3.0,1),(5873,'95',2,18,3.0,1),(5874,'84',2,21,3.0,1),(5875,'41',2,21,3.0,1),(5876,'161',2,18,3.0,1),(5877,'251',2,22,2.0,1),(5878,'186',2,21,1.0,1),(5879,'38',2,20,3.0,1),(5880,'240',2,20,2.0,1),(5881,'123',2,21,3.0,1),(5882,'218',2,20,3.0,1),(5883,'79',2,22,1.0,1),(5884,'218',2,18,1.0,1),(5885,'129',2,21,3.0,1),(5886,'209',2,24,1.0,1),(5887,'125',2,18,3.0,1),(5888,'190',2,24,3.0,1),(5889,'201',2,16,1.0,1),(5890,'185',2,20,2.0,1),(5891,'212',2,20,3.0,1),(5892,'178',2,18,1.0,1),(5893,'160',2,18,1.0,1),(5894,'220',2,18,3.0,1),(5895,'86',2,22,1.0,1),(5896,'38',2,18,1.0,1),(5897,'85',2,24,2.0,1),(5898,'115',2,21,1.0,1),(5899,'124',2,24,2.0,1),(5900,'178',2,23,2.0,1),(5901,'112',2,20,3.0,1),(5902,'258',2,21,2.0,1),(5903,'76',2,23,1.0,1),(5904,'28',2,23,2.0,1),(5905,'149',2,17,3.0,1),(5906,'92',2,22,1.0,1),(5907,'220',2,18,3.0,1),(5908,'25',2,21,2.0,1),(5909,'256',2,21,1.0,1),(5910,'36',2,20,1.0,1),(5911,'123',2,16,2.0,1),(5912,'199',2,21,1.0,1),(5913,'71',2,20,2.0,1),(5914,'200',2,21,1.0,1),(5915,'132',2,17,3.0,1),(5916,'225',2,21,1.0,1),(5917,'116',2,18,3.0,1),(5918,'62',2,21,2.0,1),(5919,'89',2,22,3.0,1),(5920,'6',2,18,3.0,1),(5921,'249',2,20,1.0,1),(5922,'117',2,23,3.0,1),(5923,'243',2,18,3.0,1),(5924,'256',2,20,3.0,1),(5925,'236',2,20,1.0,1),(5926,'117',2,20,2.0,1),(5927,'3',2,18,3.0,1),(5928,'159',2,20,2.0,1),(5929,'40',2,17,3.0,1),(5930,'225',2,24,2.0,1),(5931,'53',2,18,3.0,1),(5932,'134',2,20,3.0,1),(5933,'58',2,20,1.0,1),(5934,'142',2,23,2.0,1),(5935,'4',2,19,3.0,1),(5936,'219',2,21,1.0,1),(5937,'252',2,21,3.0,1),(5938,'31',2,16,1.0,1),(5939,'213',2,18,2.0,1),(5940,'91',2,17,2.0,1),(5941,'94',2,24,3.0,1),(5942,'148',2,22,3.0,1),(5943,'187',2,18,3.0,1),(5944,'254',2,20,1.0,1),(5945,'60',2,24,2.0,1),(5946,'247',2,20,1.0,1),(5947,'178',2,22,2.0,1),(5948,'111',2,24,1.0,1),(5949,'105',2,17,1.0,1),(5950,'190',2,22,3.0,1),(5951,'79',2,20,2.0,1),(5952,'74',2,21,2.0,1),(5953,'136',2,21,3.0,1),(5954,'210',2,18,1.0,1),(5955,'154',2,20,3.0,1),(5956,'198',2,21,2.0,1),(5957,'143',2,17,1.0,1),(5958,'48',2,21,2.0,1),(5959,'254',2,21,1.0,1),(5960,'35',2,21,2.0,1),(5961,'37',2,16,3.0,1),(5962,'78',2,18,3.0,1),(5963,'192',2,22,1.0,1),(5964,'118',2,21,2.0,1),(5965,'165',2,18,1.0,1),(5966,'257',2,18,2.0,1),(5967,'174',2,22,1.0,1),(5968,'35',2,21,2.0,1),(5969,'104',2,16,1.0,1),(5970,'260',2,22,3.0,1),(5971,'246',2,20,3.0,1),(5972,'189',2,22,3.0,1),(5973,'215',2,20,2.0,1),(5974,'204',2,21,2.0,1),(5975,'87',2,20,3.0,1),(5976,'68',2,23,2.0,1),(5977,'61',2,21,1.0,1),(5978,'112',2,22,1.0,1),(5979,'232',2,21,1.0,1),(5980,'205',2,21,1.0,1),(5981,'203',2,18,2.0,1),(5982,'71',2,17,2.0,1),(5983,'123',2,18,1.0,1),(5984,'64',2,22,3.0,1),(5985,'202',2,23,3.0,1),(5986,'191',2,18,2.0,1),(5987,'157',2,21,1.0,1),(5988,'169',2,22,2.0,1),(5989,'102',2,19,1.0,1),(5990,'12',2,22,1.0,1),(5991,'168',2,18,3.0,1),(5992,'58',2,23,2.0,1),(5993,'239',2,17,2.0,1),(5994,'229',2,21,3.0,1),(5995,'183',2,16,2.0,1),(5996,'57',2,20,3.0,1),(5997,'110',2,16,3.0,1),(5998,'130',2,16,3.0,1),(5999,'69',2,22,2.0,1),(6000,'119',2,21,1.0,1),(6001,'162',3,20,2.0,1),(6002,'208',3,22,2.0,1),(6003,'91',3,18,3.0,1),(6004,'149',3,20,2.0,1),(6005,'114',3,21,1.0,1),(6006,'142',3,23,2.0,1),(6007,'240',3,16,2.0,1),(6008,'163',3,24,2.0,1),(6009,'141',3,20,1.0,1),(6010,'227',3,21,3.0,1),(6011,'256',3,19,2.0,1),(6012,'19',3,24,1.0,1),(6013,'101',3,23,1.0,1),(6014,'159',3,24,2.0,1),(6015,'122',3,17,2.0,1),(6016,'74',3,24,1.0,1),(6017,'73',3,19,1.0,1),(6018,'23',3,18,3.0,1),(6019,'229',3,18,1.0,1),(6020,'114',3,18,3.0,1),(6021,'160',3,19,3.0,1),(6022,'226',3,21,3.0,1),(6023,'82',3,18,3.0,1),(6024,'156',3,17,2.0,1),(6025,'258',3,17,2.0,1),(6026,'39',3,24,3.0,1),(6027,'59',3,20,3.0,1),(6028,'12',3,18,1.0,1),(6029,'157',3,24,2.0,1),(6030,'45',3,18,3.0,1),(6031,'112',3,21,1.0,1),(6032,'150',3,24,1.0,1),(6033,'86',3,16,3.0,1),(6034,'61',3,24,1.0,1),(6035,'166',3,22,2.0,1),(6036,'169',3,23,2.0,1),(6037,'128',3,23,2.0,1),(6038,'3',3,20,1.0,1),(6039,'46',3,18,2.0,1),(6040,'78',3,19,3.0,1),(6041,'203',3,20,1.0,1),(6042,'206',3,19,3.0,1),(6043,'219',3,23,2.0,1),(6044,'55',3,24,2.0,1),(6045,'231',3,24,2.0,1),(6046,'10',3,24,3.0,1),(6047,'259',3,20,2.0,1),(6048,'174',3,24,3.0,1),(6049,'208',3,23,1.0,1),(6050,'153',3,21,3.0,1),(6051,'19',3,24,2.0,1),(6052,'113',3,22,3.0,1),(6053,'241',3,18,3.0,1),(6054,'156',3,24,2.0,1),(6055,'103',3,16,3.0,1),(6056,'246',3,18,3.0,1),(6057,'162',3,24,1.0,1),(6058,'166',3,24,3.0,1),(6059,'223',3,17,1.0,1),(6060,'3',3,22,2.0,1),(6061,'6',3,18,2.0,1),(6062,'184',3,19,2.0,1),(6063,'172',3,22,2.0,1),(6064,'213',3,24,1.0,1),(6065,'183',3,20,2.0,1),(6066,'247',3,24,3.0,1),(6067,'247',3,23,1.0,1),(6068,'106',3,18,1.0,1),(6069,'116',3,19,3.0,1),(6070,'159',3,21,2.0,1),(6071,'194',3,22,2.0,1),(6072,'20',3,21,3.0,1),(6073,'203',3,18,1.0,1),(6074,'7',3,24,2.0,1),(6075,'221',3,17,1.0,1),(6076,'42',3,16,2.0,1),(6077,'74',3,16,1.0,1),(6078,'118',3,20,1.0,1),(6079,'157',3,17,3.0,1),(6080,'132',3,22,2.0,1),(6081,'190',3,19,3.0,1),(6082,'101',3,21,1.0,1),(6083,'238',3,19,2.0,1),(6084,'73',3,22,2.0,1),(6085,'22',3,19,2.0,1),(6086,'161',3,17,2.0,1),(6087,'16',3,22,1.0,1),(6088,'51',3,18,1.0,1),(6089,'121',3,24,1.0,1),(6090,'5',3,19,3.0,1),(6091,'8',3,19,2.0,1),(6092,'11',3,23,1.0,1),(6093,'156',3,24,2.0,1),(6094,'232',3,17,2.0,1),(6095,'229',3,21,2.0,1),(6096,'85',3,18,1.0,1),(6097,'117',3,24,2.0,1),(6098,'176',3,18,3.0,1),(6099,'80',3,19,3.0,1),(6100,'34',3,21,3.0,1),(6101,'256',3,24,1.0,1),(6102,'170',3,23,3.0,1),(6103,'182',3,24,2.0,1),(6104,'11',3,24,2.0,1),(6105,'196',3,21,3.0,1),(6106,'125',3,16,2.0,1),(6107,'79',3,23,1.0,1),(6108,'127',3,21,1.0,1),(6109,'232',3,18,3.0,1),(6110,'74',3,19,2.0,1),(6111,'145',3,19,1.0,1),(6112,'75',3,16,1.0,1),(6113,'49',3,22,1.0,1),(6114,'17',3,24,1.0,1),(6115,'243',3,21,1.0,1),(6116,'95',3,24,3.0,1),(6117,'73',3,18,1.0,1),(6118,'182',3,24,1.0,1),(6119,'96',3,16,1.0,1),(6120,'110',3,24,1.0,1),(6121,'14',3,21,1.0,1),(6122,'69',3,17,1.0,1),(6123,'105',3,19,2.0,1),(6124,'222',3,24,3.0,1),(6125,'100',3,23,2.0,1),(6126,'204',3,17,1.0,1),(6127,'101',3,18,1.0,1),(6128,'96',3,20,3.0,1),(6129,'158',3,23,1.0,1),(6130,'168',3,18,1.0,1),(6131,'170',3,24,2.0,1),(6132,'49',3,18,1.0,1),(6133,'134',3,16,2.0,1),(6134,'91',3,18,2.0,1),(6135,'131',3,20,1.0,1),(6136,'193',3,18,2.0,1),(6137,'82',3,20,2.0,1),(6138,'118',3,24,3.0,1),(6139,'165',3,18,2.0,1),(6140,'163',3,24,3.0,1),(6141,'169',3,21,3.0,1),(6142,'107',3,22,2.0,1),(6143,'240',3,21,1.0,1),(6144,'40',3,18,2.0,1),(6145,'207',3,16,2.0,1),(6146,'197',3,18,2.0,1),(6147,'229',3,22,3.0,1),(6148,'114',3,24,1.0,1),(6149,'44',3,21,3.0,1),(6150,'183',3,19,3.0,1),(6151,'72',3,19,3.0,1),(6152,'17',3,22,1.0,1),(6153,'29',3,24,3.0,1),(6154,'178',3,24,2.0,1),(6155,'147',3,19,1.0,1),(6156,'97',3,22,2.0,1),(6157,'105',3,18,1.0,1),(6158,'227',3,23,2.0,1),(6159,'52',3,17,2.0,1),(6160,'150',3,18,1.0,1),(6161,'40',3,20,3.0,1),(6162,'60',3,17,3.0,1),(6163,'202',3,20,1.0,1),(6164,'233',3,18,1.0,1),(6165,'224',3,17,2.0,1),(6166,'258',3,21,3.0,1),(6167,'80',3,23,3.0,1),(6168,'73',3,16,1.0,1),(6169,'222',3,23,3.0,1),(6170,'105',3,17,2.0,1),(6171,'232',3,24,1.0,1),(6172,'232',3,22,1.0,1),(6173,'218',3,21,2.0,1),(6174,'224',3,17,2.0,1),(6175,'123',3,22,3.0,1),(6176,'103',3,21,2.0,1),(6177,'207',3,16,3.0,1),(6178,'172',3,21,2.0,1),(6179,'178',3,19,1.0,1),(6180,'144',3,22,2.0,1),(6181,'260',3,24,2.0,1),(6182,'236',3,21,2.0,1),(6183,'259',3,18,3.0,1),(6184,'42',3,23,1.0,1),(6185,'14',3,21,1.0,1),(6186,'97',3,21,3.0,1),(6187,'170',3,23,3.0,1),(6188,'45',3,19,3.0,1),(6189,'259',3,20,1.0,1),(6190,'215',3,18,2.0,1),(6191,'247',3,23,3.0,1),(6192,'185',3,19,1.0,1),(6193,'72',3,24,2.0,1),(6194,'208',3,22,2.0,1),(6195,'173',3,22,3.0,1),(6196,'66',3,21,2.0,1),(6197,'99',3,22,3.0,1),(6198,'136',3,20,3.0,1),(6199,'49',3,18,2.0,1),(6200,'113',3,16,1.0,1),(6201,'169',3,21,1.0,1),(6202,'239',3,23,1.0,1),(6203,'253',3,18,2.0,1),(6204,'143',3,23,1.0,1),(6205,'37',3,17,1.0,1),(6206,'142',3,16,2.0,1),(6207,'229',3,17,3.0,1),(6208,'165',3,18,3.0,1),(6209,'139',3,19,1.0,1),(6210,'116',3,18,3.0,1),(6211,'120',3,21,3.0,1),(6212,'104',3,20,3.0,1),(6213,'221',3,19,2.0,1),(6214,'249',3,24,1.0,1),(6215,'119',3,19,1.0,1),(6216,'219',3,17,1.0,1),(6217,'119',3,21,2.0,1),(6218,'179',3,21,2.0,1),(6219,'258',3,23,1.0,1),(6220,'2',3,18,2.0,1),(6221,'162',3,17,3.0,1),(6222,'115',3,24,1.0,1),(6223,'258',3,24,2.0,1),(6224,'148',3,21,2.0,1),(6225,'234',3,19,3.0,1),(6226,'167',3,17,1.0,1),(6227,'5',3,18,2.0,1),(6228,'142',3,18,2.0,1),(6229,'88',3,24,2.0,1),(6230,'214',3,21,3.0,1),(6231,'75',3,24,1.0,1),(6232,'226',3,24,2.0,1),(6233,'105',3,18,1.0,1),(6234,'164',3,17,3.0,1),(6235,'232',3,21,3.0,1),(6236,'30',3,24,3.0,1),(6237,'15',3,24,2.0,1),(6238,'59',3,21,1.0,1),(6239,'240',3,17,3.0,1),(6240,'60',3,24,1.0,1),(6241,'254',3,23,2.0,1),(6242,'35',3,19,2.0,1),(6243,'52',3,17,3.0,1),(6244,'117',3,23,1.0,1),(6245,'70',3,22,2.0,1),(6246,'36',3,21,2.0,1),(6247,'152',3,18,1.0,1),(6248,'212',3,17,2.0,1),(6249,'212',3,21,3.0,1),(6250,'111',3,23,3.0,1),(6251,'114',3,21,2.0,1),(6252,'189',3,19,1.0,1),(6253,'40',3,17,3.0,1),(6254,'249',3,18,3.0,1),(6255,'126',3,19,2.0,1),(6256,'42',3,21,2.0,1),(6257,'243',3,23,1.0,1),(6258,'68',3,17,1.0,1),(6259,'232',3,22,2.0,1),(6260,'170',3,20,3.0,1),(6261,'130',3,17,3.0,1),(6262,'30',3,24,3.0,1),(6263,'253',3,21,3.0,1),(6264,'13',3,16,3.0,1),(6265,'11',3,23,3.0,1),(6266,'257',3,18,2.0,1),(6267,'138',3,17,2.0,1),(6268,'206',3,18,1.0,1),(6269,'103',3,16,1.0,1),(6270,'186',3,23,3.0,1),(6271,'220',3,19,2.0,1),(6272,'220',3,24,3.0,1),(6273,'87',3,21,2.0,1),(6274,'27',3,24,3.0,1),(6275,'64',3,22,2.0,1),(6276,'256',3,16,2.0,1),(6277,'241',3,23,2.0,1),(6278,'80',3,17,1.0,1),(6279,'6',3,19,3.0,1),(6280,'103',3,18,2.0,1),(6281,'197',3,16,1.0,1),(6282,'205',3,24,2.0,1),(6283,'138',3,19,1.0,1),(6284,'242',3,23,2.0,1),(6285,'251',3,23,3.0,1),(6286,'255',3,19,2.0,1),(6287,'91',3,23,3.0,1),(6288,'146',3,22,3.0,1),(6289,'231',3,21,3.0,1),(6290,'191',3,17,1.0,1),(6291,'105',3,18,1.0,1),(6292,'203',3,17,3.0,1),(6293,'218',3,21,1.0,1),(6294,'68',3,22,3.0,1),(6295,'218',3,19,2.0,1),(6296,'65',3,24,2.0,1),(6297,'221',3,16,1.0,1),(6298,'139',3,22,3.0,1),(6299,'189',3,16,2.0,1),(6300,'142',3,22,1.0,1),(6301,'202',3,19,3.0,1),(6302,'187',3,18,3.0,1),(6303,'253',3,18,2.0,1),(6304,'88',3,21,3.0,1),(6305,'187',3,23,1.0,1),(6306,'144',3,23,3.0,1),(6307,'123',3,21,2.0,1),(6308,'218',3,19,1.0,1),(6309,'132',3,17,2.0,1),(6310,'67',3,24,3.0,1),(6311,'126',3,23,1.0,1),(6312,'83',3,16,1.0,1),(6313,'42',3,21,3.0,1),(6314,'174',3,24,2.0,1),(6315,'96',3,24,3.0,1),(6316,'116',3,21,1.0,1),(6317,'10',3,24,1.0,1),(6318,'200',3,18,3.0,1),(6319,'88',3,20,1.0,1),(6320,'86',3,21,1.0,1),(6321,'183',3,21,2.0,1),(6322,'210',3,19,3.0,1),(6323,'69',3,22,2.0,1),(6324,'231',3,17,2.0,1),(6325,'164',3,17,1.0,1),(6326,'43',3,20,2.0,1),(6327,'62',3,19,1.0,1),(6328,'180',3,22,1.0,1),(6329,'151',3,22,3.0,1),(6330,'187',3,20,2.0,1),(6331,'90',3,21,2.0,1),(6332,'31',3,17,3.0,1),(6333,'117',3,18,1.0,1),(6334,'130',3,22,1.0,1),(6335,'181',3,23,3.0,1),(6336,'6',3,18,1.0,1),(6337,'200',3,18,1.0,1),(6338,'154',3,20,1.0,1),(6339,'201',3,16,2.0,1),(6340,'221',3,20,3.0,1),(6341,'3',3,20,2.0,1),(6342,'158',3,21,1.0,1),(6343,'177',3,18,2.0,1),(6344,'231',3,18,2.0,1),(6345,'125',3,20,1.0,1),(6346,'14',3,20,3.0,1),(6347,'155',3,17,1.0,1),(6348,'196',3,20,2.0,1),(6349,'125',3,19,3.0,1),(6350,'185',3,17,1.0,1),(6351,'18',3,24,3.0,1),(6352,'245',3,18,2.0,1),(6353,'148',3,18,3.0,1),(6354,'88',3,17,3.0,1),(6355,'112',3,20,3.0,1),(6356,'209',3,19,3.0,1),(6357,'159',3,20,1.0,1),(6358,'31',3,23,1.0,1),(6359,'157',3,21,1.0,1),(6360,'153',3,21,2.0,1),(6361,'220',3,24,2.0,1),(6362,'146',3,18,2.0,1),(6363,'26',3,17,2.0,1),(6364,'193',3,17,2.0,1),(6365,'234',3,24,2.0,1),(6366,'170',3,23,2.0,1),(6367,'188',3,18,1.0,1),(6368,'70',3,23,1.0,1),(6369,'147',3,23,2.0,1),(6370,'88',3,16,3.0,1),(6371,'188',3,24,1.0,1),(6372,'200',3,21,3.0,1),(6373,'155',3,24,1.0,1),(6374,'140',3,23,1.0,1),(6375,'185',3,21,3.0,1),(6376,'131',3,21,3.0,1),(6377,'142',3,19,3.0,1),(6378,'211',3,20,3.0,1),(6379,'127',3,24,3.0,1),(6380,'174',3,17,3.0,1),(6381,'76',3,20,1.0,1),(6382,'46',3,21,2.0,1),(6383,'229',3,18,3.0,1),(6384,'186',3,23,1.0,1),(6385,'126',3,24,3.0,1),(6386,'119',3,16,2.0,1),(6387,'192',3,22,1.0,1),(6388,'100',3,21,2.0,1),(6389,'105',3,21,3.0,1),(6390,'31',3,17,2.0,1),(6391,'54',3,18,2.0,1),(6392,'167',3,17,2.0,1),(6393,'248',3,17,1.0,1),(6394,'209',3,20,3.0,1),(6395,'260',3,17,2.0,1),(6396,'219',3,16,2.0,1),(6397,'45',3,20,2.0,1),(6398,'155',3,17,2.0,1),(6399,'147',3,16,3.0,1),(6400,'85',3,18,2.0,1),(6401,'79',3,16,3.0,1),(6402,'85',3,24,1.0,1),(6403,'174',3,24,3.0,1),(6404,'70',3,21,3.0,1),(6405,'107',3,24,2.0,1),(6406,'204',3,23,1.0,1),(6407,'241',3,23,2.0,1),(6408,'162',3,17,2.0,1),(6409,'42',3,23,1.0,1),(6410,'23',3,24,3.0,1),(6411,'220',3,21,2.0,1),(6412,'151',3,18,2.0,1),(6413,'167',3,16,1.0,1),(6414,'240',3,17,1.0,1),(6415,'205',3,21,2.0,1),(6416,'176',3,24,2.0,1),(6417,'228',3,18,1.0,1),(6418,'237',3,24,1.0,1),(6419,'240',3,21,2.0,1),(6420,'34',3,17,1.0,1),(6421,'139',3,20,1.0,1),(6422,'93',3,19,2.0,1),(6423,'143',3,20,1.0,1),(6424,'23',3,19,1.0,1),(6425,'173',3,21,3.0,1),(6426,'193',3,24,1.0,1),(6427,'99',3,22,1.0,1),(6428,'116',3,20,3.0,1),(6429,'93',3,18,1.0,1),(6430,'91',3,20,2.0,1),(6431,'249',3,24,2.0,1),(6432,'221',3,24,3.0,1),(6433,'34',3,22,2.0,1),(6434,'25',3,22,1.0,1),(6435,'48',3,21,1.0,1),(6436,'184',3,24,3.0,1),(6437,'138',3,23,3.0,1),(6438,'227',3,21,3.0,1),(6439,'146',3,17,3.0,1),(6440,'100',3,18,2.0,1),(6441,'166',3,18,1.0,1),(6442,'132',3,21,1.0,1),(6443,'241',3,21,1.0,1),(6444,'168',3,24,2.0,1),(6445,'157',3,23,1.0,1),(6446,'23',3,20,2.0,1),(6447,'58',3,17,1.0,1),(6448,'18',3,18,3.0,1),(6449,'251',3,19,2.0,1),(6450,'100',3,17,3.0,1),(6451,'250',3,19,3.0,1),(6452,'6',3,16,1.0,1),(6453,'5',3,22,3.0,1),(6454,'133',3,21,2.0,1),(6455,'111',3,24,2.0,1),(6456,'171',3,19,3.0,1),(6457,'48',3,21,2.0,1),(6458,'104',3,18,1.0,1),(6459,'52',3,21,1.0,1),(6460,'67',3,16,2.0,1),(6461,'159',3,21,1.0,1),(6462,'59',3,23,2.0,1),(6463,'206',3,24,3.0,1),(6464,'21',3,18,1.0,1),(6465,'50',3,17,2.0,1),(6466,'217',3,18,1.0,1),(6467,'51',3,21,2.0,1),(6468,'205',3,22,3.0,1),(6469,'114',3,18,3.0,1),(6470,'256',3,22,1.0,1),(6471,'189',3,17,1.0,1),(6472,'207',3,24,2.0,1),(6473,'45',3,24,3.0,1),(6474,'22',3,24,3.0,1),(6475,'124',3,22,3.0,1),(6476,'6',3,22,2.0,1),(6477,'60',3,17,2.0,1),(6478,'166',3,18,3.0,1),(6479,'195',3,21,1.0,1),(6480,'44',3,17,3.0,1),(6481,'149',3,17,1.0,1),(6482,'118',3,17,2.0,1),(6483,'113',3,21,1.0,1),(6484,'166',3,19,2.0,1),(6485,'203',3,17,3.0,1),(6486,'178',3,16,3.0,1),(6487,'77',3,24,1.0,1),(6488,'199',3,16,3.0,1),(6489,'205',3,22,1.0,1),(6490,'49',3,23,1.0,1),(6491,'4',3,18,1.0,1),(6492,'96',3,21,1.0,1),(6493,'233',3,23,3.0,1),(6494,'247',3,21,1.0,1),(6495,'79',3,21,3.0,1),(6496,'81',3,22,3.0,1),(6497,'171',3,18,2.0,1),(6498,'188',3,17,3.0,1),(6499,'180',3,16,1.0,1),(6500,'52',3,16,3.0,1),(6501,'93',3,22,3.0,1),(6502,'95',3,18,3.0,1),(6503,'238',3,21,1.0,1),(6504,'244',3,19,3.0,1),(6505,'154',3,22,2.0,1),(6506,'113',3,17,2.0,1),(6507,'243',3,20,1.0,1),(6508,'185',3,19,1.0,1),(6509,'116',3,17,2.0,1),(6510,'132',3,22,3.0,1),(6511,'125',3,16,1.0,1),(6512,'131',3,18,1.0,1),(6513,'11',3,16,2.0,1),(6514,'197',3,24,1.0,1),(6515,'69',3,18,2.0,1),(6516,'109',3,16,2.0,1),(6517,'239',3,19,2.0,1),(6518,'38',3,23,2.0,1),(6519,'182',3,20,1.0,1),(6520,'109',3,21,2.0,1),(6521,'28',3,17,3.0,1),(6522,'118',3,24,2.0,1),(6523,'65',3,19,1.0,1),(6524,'38',3,17,1.0,1),(6525,'158',3,18,1.0,1),(6526,'60',3,19,3.0,1),(6527,'173',3,23,3.0,1),(6528,'215',3,22,2.0,1),(6529,'134',3,21,2.0,1),(6530,'137',3,17,2.0,1),(6531,'67',3,24,1.0,1),(6532,'140',3,18,1.0,1),(6533,'36',3,24,1.0,1),(6534,'193',3,17,1.0,1),(6535,'94',3,21,3.0,1),(6536,'73',3,23,2.0,1),(6537,'233',3,16,3.0,1),(6538,'145',3,19,3.0,1),(6539,'156',3,18,2.0,1),(6540,'137',3,17,3.0,1),(6541,'156',3,21,3.0,1),(6542,'183',3,18,1.0,1),(6543,'170',3,16,1.0,1),(6544,'232',3,23,1.0,1),(6545,'99',3,21,3.0,1),(6546,'120',3,18,1.0,1),(6547,'224',3,20,3.0,1),(6548,'48',3,17,1.0,1),(6549,'136',3,16,3.0,1),(6550,'194',3,23,1.0,1),(6551,'219',3,24,3.0,1),(6552,'235',3,21,2.0,1),(6553,'45',3,21,2.0,1),(6554,'124',3,21,2.0,1),(6555,'195',3,19,1.0,1),(6556,'176',3,17,1.0,1),(6557,'191',3,18,3.0,1),(6558,'134',3,22,1.0,1),(6559,'72',3,20,3.0,1),(6560,'43',3,20,2.0,1),(6561,'196',3,21,1.0,1),(6562,'191',3,19,3.0,1),(6563,'246',3,21,2.0,1),(6564,'173',3,17,3.0,1),(6565,'200',3,23,3.0,1),(6566,'186',3,21,3.0,1),(6567,'63',3,20,1.0,1),(6568,'43',3,19,1.0,1),(6569,'189',3,18,2.0,1),(6570,'53',3,24,2.0,1),(6571,'161',3,18,3.0,1),(6572,'157',3,24,1.0,1),(6573,'142',3,22,3.0,1),(6574,'55',3,22,3.0,1),(6575,'11',3,20,1.0,1),(6576,'13',3,21,1.0,1),(6577,'213',3,22,3.0,1),(6578,'183',3,22,1.0,1),(6579,'207',3,22,2.0,1),(6580,'198',3,16,2.0,1),(6581,'245',3,19,3.0,1),(6582,'187',3,24,1.0,1),(6583,'38',3,21,2.0,1),(6584,'236',3,21,2.0,1),(6585,'30',3,18,1.0,1),(6586,'213',3,17,3.0,1),(6587,'170',3,17,2.0,1),(6588,'173',3,16,2.0,1),(6589,'196',3,18,1.0,1),(6590,'35',3,22,1.0,1),(6591,'42',3,20,3.0,1),(6592,'48',3,21,1.0,1),(6593,'107',3,18,1.0,1),(6594,'193',3,20,2.0,1),(6595,'233',3,20,1.0,1),(6596,'126',3,23,2.0,1),(6597,'12',3,16,1.0,1),(6598,'207',3,21,1.0,1),(6599,'92',3,20,2.0,1),(6600,'141',3,20,3.0,1),(6601,'128',3,21,1.0,1),(6602,'208',3,21,3.0,1),(6603,'152',3,24,2.0,1),(6604,'37',3,22,2.0,1),(6605,'38',3,20,2.0,1),(6606,'122',3,17,1.0,1),(6607,'198',3,18,3.0,1),(6608,'78',3,23,2.0,1),(6609,'212',3,17,2.0,1),(6610,'104',3,24,1.0,1),(6611,'153',3,21,1.0,1),(6612,'182',3,22,3.0,1),(6613,'258',3,21,3.0,1),(6614,'165',3,19,3.0,1),(6615,'42',3,18,3.0,1),(6616,'60',3,16,2.0,1),(6617,'18',3,22,3.0,1),(6618,'32',3,19,3.0,1),(6619,'47',3,18,3.0,1),(6620,'122',3,21,2.0,1),(6621,'92',3,16,1.0,1),(6622,'14',3,24,1.0,1),(6623,'43',3,21,2.0,1),(6624,'168',3,17,2.0,1),(6625,'107',3,16,1.0,1),(6626,'104',3,22,3.0,1),(6627,'255',3,20,1.0,1),(6628,'33',3,21,1.0,1),(6629,'35',3,16,3.0,1),(6630,'133',3,23,3.0,1),(6631,'119',3,22,1.0,1),(6632,'256',3,16,3.0,1),(6633,'1',3,24,1.0,1),(6634,'67',3,22,3.0,1),(6635,'236',3,21,3.0,1),(6636,'174',3,22,3.0,1),(6637,'227',3,20,3.0,1),(6638,'45',3,18,3.0,1),(6639,'21',3,24,3.0,1),(6640,'182',3,18,1.0,1),(6641,'134',3,24,3.0,1),(6642,'19',3,24,1.0,1),(6643,'9',3,20,2.0,1),(6644,'88',3,21,2.0,1),(6645,'195',3,16,2.0,1),(6646,'238',3,22,3.0,1),(6647,'248',3,20,2.0,1),(6648,'22',3,24,1.0,1),(6649,'18',3,24,2.0,1),(6650,'52',3,18,2.0,1),(6651,'224',3,17,2.0,1),(6652,'48',3,19,2.0,1),(6653,'100',3,20,3.0,1),(6654,'178',3,24,1.0,1),(6655,'126',3,16,2.0,1),(6656,'160',3,22,2.0,1),(6657,'101',3,17,1.0,1),(6658,'138',3,21,1.0,1),(6659,'170',3,23,1.0,1),(6660,'172',3,22,3.0,1),(6661,'191',3,24,1.0,1),(6662,'54',3,23,2.0,1),(6663,'53',3,17,3.0,1),(6664,'118',3,20,1.0,1),(6665,'51',3,24,3.0,1),(6666,'216',3,22,1.0,1),(6667,'149',3,23,1.0,1),(6668,'165',3,23,1.0,1),(6669,'256',3,18,3.0,1),(6670,'78',3,17,2.0,1),(6671,'54',3,17,1.0,1),(6672,'77',3,19,1.0,1),(6673,'198',3,21,1.0,1),(6674,'198',3,18,2.0,1),(6675,'166',3,24,3.0,1),(6676,'91',3,18,2.0,1),(6677,'209',3,20,1.0,1),(6678,'74',3,22,2.0,1),(6679,'93',3,21,2.0,1),(6680,'51',3,20,3.0,1),(6681,'78',3,16,3.0,1),(6682,'71',3,20,3.0,1),(6683,'94',3,23,3.0,1),(6684,'175',3,23,2.0,1),(6685,'70',3,21,2.0,1),(6686,'23',3,20,2.0,1),(6687,'126',3,17,3.0,1),(6688,'122',3,24,3.0,1),(6689,'258',3,20,3.0,1),(6690,'237',3,20,2.0,1),(6691,'244',3,21,3.0,1),(6692,'74',3,23,3.0,1),(6693,'128',3,16,3.0,1),(6694,'86',3,21,3.0,1),(6695,'44',3,22,3.0,1),(6696,'75',3,18,2.0,1),(6697,'246',3,19,1.0,1),(6698,'93',3,24,2.0,1),(6699,'220',3,18,2.0,1),(6700,'54',3,18,3.0,1),(6701,'21',3,23,3.0,1),(6702,'236',3,18,3.0,1),(6703,'174',3,19,3.0,1),(6704,'211',3,24,3.0,1),(6705,'188',3,23,3.0,1),(6706,'235',3,23,2.0,1),(6707,'51',3,19,2.0,1),(6708,'85',3,18,3.0,1),(6709,'175',3,20,2.0,1),(6710,'100',3,21,2.0,1),(6711,'199',3,24,2.0,1),(6712,'116',3,21,1.0,1),(6713,'195',3,19,3.0,1),(6714,'92',3,18,1.0,1),(6715,'13',3,19,1.0,1),(6716,'221',3,21,2.0,1),(6717,'224',3,22,2.0,1),(6718,'16',3,24,2.0,1),(6719,'195',3,21,2.0,1),(6720,'102',3,18,3.0,1),(6721,'94',3,24,3.0,1),(6722,'115',3,24,2.0,1),(6723,'25',3,17,2.0,1),(6724,'156',3,18,2.0,1),(6725,'72',3,22,1.0,1),(6726,'26',3,18,2.0,1),(6727,'130',3,20,2.0,1),(6728,'76',3,24,3.0,1),(6729,'111',3,23,1.0,1),(6730,'67',3,16,3.0,1),(6731,'207',3,23,1.0,1),(6732,'258',3,20,1.0,1),(6733,'254',3,23,2.0,1),(6734,'14',3,21,2.0,1),(6735,'58',3,24,1.0,1),(6736,'217',3,18,2.0,1),(6737,'6',3,24,1.0,1),(6738,'181',3,21,1.0,1),(6739,'137',3,20,3.0,1),(6740,'125',3,24,2.0,1),(6741,'20',3,24,3.0,1),(6742,'206',3,24,3.0,1),(6743,'91',3,17,2.0,1),(6744,'232',3,18,1.0,1),(6745,'75',3,18,1.0,1),(6746,'208',3,24,1.0,1),(6747,'199',3,16,3.0,1),(6748,'35',3,18,1.0,1),(6749,'227',3,18,2.0,1),(6750,'131',3,24,3.0,1),(6751,'223',3,17,1.0,1),(6752,'136',3,23,2.0,1),(6753,'61',3,16,2.0,1),(6754,'101',3,19,1.0,1),(6755,'104',3,24,3.0,1),(6756,'2',3,17,3.0,1),(6757,'176',3,20,2.0,1),(6758,'170',3,18,3.0,1),(6759,'132',3,23,3.0,1),(6760,'33',3,19,2.0,1),(6761,'72',3,24,1.0,1),(6762,'240',3,20,2.0,1),(6763,'86',3,21,3.0,1),(6764,'41',3,18,1.0,1),(6765,'109',3,18,1.0,1),(6766,'105',3,23,2.0,1),(6767,'9',3,24,1.0,1),(6768,'258',3,17,1.0,1),(6769,'68',3,21,3.0,1),(6770,'82',3,18,1.0,1),(6771,'224',3,17,2.0,1),(6772,'257',3,23,2.0,1),(6773,'103',3,18,3.0,1),(6774,'128',3,21,3.0,1),(6775,'165',3,19,1.0,1),(6776,'7',3,16,2.0,1),(6777,'190',3,21,2.0,1),(6778,'248',3,18,2.0,1),(6779,'202',3,23,3.0,1),(6780,'209',3,17,1.0,1),(6781,'35',3,18,1.0,1),(6782,'178',3,18,2.0,1),(6783,'156',3,17,2.0,1),(6784,'168',3,18,2.0,1),(6785,'42',3,18,3.0,1),(6786,'118',3,24,1.0,1),(6787,'163',3,23,1.0,1),(6788,'136',3,24,1.0,1),(6789,'57',3,21,3.0,1),(6790,'259',3,17,2.0,1),(6791,'20',3,23,2.0,1),(6792,'41',3,22,2.0,1),(6793,'72',3,18,1.0,1),(6794,'204',3,19,1.0,1),(6795,'136',3,22,3.0,1),(6796,'74',3,21,2.0,1),(6797,'19',3,19,3.0,1),(6798,'180',3,18,1.0,1),(6799,'49',3,21,3.0,1),(6800,'83',3,21,3.0,1),(6801,'197',3,16,3.0,1),(6802,'101',3,20,3.0,1),(6803,'114',3,17,3.0,1),(6804,'23',3,24,3.0,1),(6805,'212',3,17,3.0,1),(6806,'69',3,23,2.0,1),(6807,'172',3,23,2.0,1),(6808,'112',3,21,2.0,1),(6809,'89',3,23,2.0,1),(6810,'164',3,21,2.0,1),(6811,'125',3,21,2.0,1),(6812,'52',3,16,3.0,1),(6813,'138',3,17,3.0,1),(6814,'138',3,24,2.0,1),(6815,'146',3,20,2.0,1),(6816,'72',3,18,1.0,1),(6817,'1',3,18,2.0,1),(6818,'56',3,19,1.0,1),(6819,'136',3,17,3.0,1),(6820,'118',3,18,3.0,1),(6821,'141',3,24,3.0,1),(6822,'84',3,22,3.0,1),(6823,'65',3,21,1.0,1),(6824,'6',3,23,1.0,1),(6825,'99',3,21,3.0,1),(6826,'138',3,22,2.0,1),(6827,'240',3,23,2.0,1),(6828,'38',3,21,2.0,1),(6829,'208',3,21,1.0,1),(6830,'217',3,17,1.0,1),(6831,'124',3,17,1.0,1),(6832,'31',3,24,1.0,1),(6833,'247',3,21,3.0,1),(6834,'14',3,24,3.0,1),(6835,'171',3,21,2.0,1),(6836,'165',3,17,1.0,1),(6837,'125',3,21,3.0,1),(6838,'177',3,21,3.0,1),(6839,'130',3,19,1.0,1),(6840,'180',3,21,3.0,1),(6841,'165',3,19,2.0,1),(6842,'256',3,17,3.0,1),(6843,'55',3,18,2.0,1),(6844,'110',3,21,3.0,1),(6845,'125',3,23,1.0,1),(6846,'216',3,20,3.0,1),(6847,'35',3,18,2.0,1),(6848,'140',3,22,1.0,1),(6849,'110',3,21,1.0,1),(6850,'241',3,18,2.0,1),(6851,'226',3,23,1.0,1),(6852,'187',3,24,3.0,1),(6853,'181',3,22,2.0,1),(6854,'196',3,22,2.0,1),(6855,'91',3,16,1.0,1),(6856,'248',3,24,3.0,1),(6857,'187',3,21,3.0,1),(6858,'260',3,17,3.0,1),(6859,'27',3,16,3.0,1),(6860,'255',3,20,1.0,1),(6861,'57',3,22,1.0,1),(6862,'69',3,20,3.0,1),(6863,'190',3,21,2.0,1),(6864,'51',3,18,3.0,1),(6865,'207',3,21,2.0,1),(6866,'167',3,18,2.0,1),(6867,'197',3,16,2.0,1),(6868,'247',3,19,3.0,1),(6869,'212',3,18,1.0,1),(6870,'258',3,22,3.0,1),(6871,'65',3,22,2.0,1),(6872,'33',3,24,1.0,1),(6873,'66',3,24,1.0,1),(6874,'143',3,23,3.0,1),(6875,'59',3,18,1.0,1),(6876,'127',3,19,1.0,1),(6877,'80',3,23,2.0,1),(6878,'94',3,19,2.0,1),(6879,'130',3,18,2.0,1),(6880,'183',3,24,1.0,1),(6881,'170',3,21,2.0,1),(6882,'182',3,17,1.0,1),(6883,'138',3,22,2.0,1),(6884,'146',3,21,1.0,1),(6885,'220',3,21,1.0,1),(6886,'204',3,21,2.0,1),(6887,'130',3,21,1.0,1),(6888,'27',3,22,2.0,1),(6889,'10',3,24,2.0,1),(6890,'214',3,22,2.0,1),(6891,'41',3,18,3.0,1),(6892,'73',3,17,2.0,1),(6893,'243',3,18,2.0,1),(6894,'243',3,20,3.0,1),(6895,'150',3,22,3.0,1),(6896,'41',3,19,3.0,1),(6897,'202',3,17,3.0,1),(6898,'165',3,24,1.0,1),(6899,'202',3,23,1.0,1),(6900,'170',3,22,3.0,1),(6901,'161',3,19,3.0,1),(6902,'243',3,17,3.0,1),(6903,'172',3,20,2.0,1),(6904,'143',3,18,1.0,1),(6905,'254',3,16,2.0,1),(6906,'140',3,21,2.0,1),(6907,'139',3,16,3.0,1),(6908,'144',3,24,1.0,1),(6909,'3',3,18,2.0,1),(6910,'255',3,23,2.0,1),(6911,'253',3,21,3.0,1),(6912,'88',3,18,1.0,1),(6913,'214',3,21,3.0,1),(6914,'242',3,18,3.0,1),(6915,'35',3,22,1.0,1),(6916,'78',3,21,3.0,1),(6917,'150',3,21,2.0,1),(6918,'26',3,18,3.0,1),(6919,'68',3,23,3.0,1),(6920,'129',3,24,2.0,1),(6921,'127',3,24,3.0,1),(6922,'204',3,23,3.0,1),(6923,'31',3,24,1.0,1),(6924,'174',3,24,3.0,1),(6925,'132',3,21,2.0,1),(6926,'89',3,23,2.0,1),(6927,'77',3,22,1.0,1),(6928,'256',3,24,1.0,1),(6929,'116',3,19,3.0,1),(6930,'42',3,18,2.0,1),(6931,'242',3,22,2.0,1),(6932,'246',3,21,3.0,1),(6933,'42',3,22,2.0,1),(6934,'130',3,21,1.0,1),(6935,'245',3,22,1.0,1),(6936,'260',3,20,2.0,1),(6937,'109',3,21,3.0,1),(6938,'172',3,24,1.0,1),(6939,'20',3,17,2.0,1),(6940,'248',3,24,3.0,1),(6941,'49',3,24,2.0,1),(6942,'163',3,24,1.0,1),(6943,'43',3,19,3.0,1),(6944,'54',3,21,2.0,1),(6945,'206',3,20,3.0,1),(6946,'19',3,19,1.0,1),(6947,'112',3,19,3.0,1),(6948,'123',3,19,1.0,1),(6949,'4',3,21,3.0,1),(6950,'260',3,17,3.0,1),(6951,'15',3,20,1.0,1),(6952,'239',3,22,1.0,1),(6953,'5',3,22,1.0,1),(6954,'208',3,19,1.0,1),(6955,'128',3,21,1.0,1),(6956,'34',3,23,2.0,1),(6957,'53',3,18,2.0,1),(6958,'97',3,16,1.0,1),(6959,'92',3,18,3.0,1),(6960,'210',3,23,3.0,1),(6961,'69',3,18,2.0,1),(6962,'194',3,19,2.0,1),(6963,'15',3,19,3.0,1),(6964,'213',3,18,3.0,1),(6965,'242',3,24,3.0,1),(6966,'101',3,23,2.0,1),(6967,'97',3,17,2.0,1),(6968,'201',3,20,2.0,1),(6969,'72',3,21,1.0,1),(6970,'131',3,18,2.0,1),(6971,'135',3,22,2.0,1),(6972,'236',3,24,3.0,1),(6973,'259',3,21,1.0,1),(6974,'114',3,16,2.0,1),(6975,'257',3,17,2.0,1),(6976,'42',3,24,1.0,1),(6977,'139',3,21,1.0,1),(6978,'208',3,22,3.0,1),(6979,'250',3,23,2.0,1),(6980,'244',3,16,1.0,1),(6981,'247',3,19,3.0,1),(6982,'155',3,24,2.0,1),(6983,'201',3,19,1.0,1),(6984,'240',3,22,1.0,1),(6985,'42',3,17,3.0,1),(6986,'45',3,23,2.0,1),(6987,'187',3,20,2.0,1),(6988,'231',3,23,3.0,1),(6989,'162',3,19,3.0,1),(6990,'251',3,19,2.0,1),(6991,'117',3,19,1.0,1),(6992,'46',3,21,3.0,1),(6993,'156',3,20,1.0,1),(6994,'72',3,19,2.0,1),(6995,'50',3,18,1.0,1),(6996,'245',3,17,2.0,1),(6997,'249',3,18,3.0,1),(6998,'40',3,22,3.0,1),(6999,'42',3,17,2.0,1),(7000,'144',3,18,1.0,1),(7001,'161',4,16,1.0,1),(7002,'164',4,19,3.0,1),(7003,'92',4,17,3.0,1),(7004,'257',4,21,1.0,1),(7005,'58',4,18,3.0,1),(7006,'143',4,16,3.0,1),(7007,'59',4,17,1.0,1),(7008,'246',4,19,1.0,1),(7009,'221',4,19,3.0,1),(7010,'158',4,17,2.0,1),(7011,'212',4,18,1.0,1),(7012,'24',4,18,2.0,1),(7013,'168',4,18,2.0,1),(7014,'137',4,16,3.0,1),(7015,'206',4,17,2.0,1),(7016,'1',4,21,1.0,1),(7017,'219',4,20,3.0,1),(7018,'106',4,17,2.0,1),(7019,'186',4,18,2.0,1),(7020,'82',4,19,3.0,1),(7021,'132',4,22,3.0,1),(7022,'109',4,17,2.0,1),(7023,'197',4,17,3.0,1),(7024,'32',4,21,3.0,1),(7025,'66',4,18,2.0,1),(7026,'86',4,20,3.0,1),(7027,'81',4,19,2.0,1),(7028,'79',4,17,2.0,1),(7029,'38',4,20,2.0,1),(7030,'246',4,21,1.0,1),(7031,'152',4,18,2.0,1),(7032,'201',4,20,3.0,1),(7033,'204',4,19,3.0,1),(7034,'46',4,23,3.0,1),(7035,'140',4,18,2.0,1),(7036,'4',4,20,3.0,1),(7037,'4',4,18,1.0,1),(7038,'244',4,23,3.0,1),(7039,'147',4,22,1.0,1),(7040,'5',4,23,3.0,1),(7041,'74',4,17,1.0,1),(7042,'243',4,16,1.0,1),(7043,'92',4,23,1.0,1),(7044,'38',4,18,2.0,1),(7045,'50',4,18,3.0,1),(7046,'50',4,17,1.0,1),(7047,'130',4,19,2.0,1),(7048,'190',4,23,3.0,1),(7049,'1',4,19,1.0,1),(7050,'214',4,24,1.0,1),(7051,'147',4,16,2.0,1),(7052,'192',4,17,2.0,1),(7053,'140',4,17,1.0,1),(7054,'189',4,18,3.0,1),(7055,'165',4,18,3.0,1),(7056,'180',4,18,2.0,1),(7057,'228',4,19,2.0,1),(7058,'100',4,17,2.0,1),(7059,'136',4,16,1.0,1),(7060,'170',4,18,3.0,1),(7061,'87',4,17,3.0,1),(7062,'258',4,17,3.0,1),(7063,'14',4,18,3.0,1),(7064,'70',4,24,2.0,1),(7065,'55',4,20,3.0,1),(7066,'190',4,22,2.0,1),(7067,'4',4,21,1.0,1),(7068,'11',4,17,1.0,1),(7069,'150',4,21,2.0,1),(7070,'105',4,17,2.0,1),(7071,'233',4,18,1.0,1),(7072,'182',4,17,3.0,1),(7073,'151',4,20,1.0,1),(7074,'249',4,18,3.0,1),(7075,'22',4,21,3.0,1),(7076,'234',4,22,1.0,1),(7077,'42',4,23,2.0,1),(7078,'52',4,23,1.0,1),(7079,'242',4,18,1.0,1),(7080,'215',4,18,2.0,1),(7081,'141',4,21,3.0,1),(7082,'27',4,16,2.0,1),(7083,'147',4,17,1.0,1),(7084,'41',4,24,3.0,1),(7085,'80',4,19,3.0,1),(7086,'42',4,23,3.0,1),(7087,'247',4,18,2.0,1),(7088,'134',4,19,2.0,1),(7089,'213',4,17,3.0,1),(7090,'44',4,17,3.0,1),(7091,'181',4,21,3.0,1),(7092,'19',4,24,1.0,1),(7093,'240',4,18,2.0,1),(7094,'39',4,21,2.0,1),(7095,'172',4,23,3.0,1),(7096,'174',4,17,2.0,1),(7097,'192',4,24,2.0,1),(7098,'151',4,19,3.0,1),(7099,'186',4,18,2.0,1),(7100,'21',4,16,3.0,1),(7101,'253',4,22,3.0,1),(7102,'40',4,21,1.0,1),(7103,'5',4,17,1.0,1),(7104,'184',4,19,3.0,1),(7105,'77',4,20,3.0,1),(7106,'227',4,17,2.0,1),(7107,'132',4,18,1.0,1),(7108,'92',4,19,1.0,1),(7109,'75',4,16,2.0,1),(7110,'54',4,17,1.0,1),(7111,'105',4,18,1.0,1),(7112,'131',4,19,2.0,1),(7113,'152',4,19,3.0,1),(7114,'224',4,23,3.0,1),(7115,'232',4,16,1.0,1),(7116,'197',4,21,2.0,1),(7117,'178',4,23,3.0,1),(7118,'91',4,20,2.0,1),(7119,'61',4,24,3.0,1),(7120,'21',4,23,3.0,1),(7121,'6',4,23,1.0,1),(7122,'140',4,17,3.0,1),(7123,'136',4,19,2.0,1),(7124,'45',4,21,3.0,1),(7125,'91',4,17,3.0,1),(7126,'123',4,17,3.0,1),(7127,'30',4,17,1.0,1),(7128,'125',4,22,1.0,1),(7129,'153',4,17,3.0,1),(7130,'48',4,18,3.0,1),(7131,'143',4,23,2.0,1),(7132,'106',4,17,3.0,1),(7133,'89',4,20,1.0,1),(7134,'63',4,24,2.0,1),(7135,'145',4,16,2.0,1),(7136,'223',4,18,1.0,1),(7137,'238',4,16,2.0,1),(7138,'106',4,17,1.0,1),(7139,'104',4,23,1.0,1),(7140,'84',4,18,2.0,1),(7141,'242',4,23,2.0,1),(7142,'39',4,18,1.0,1),(7143,'92',4,24,3.0,1),(7144,'185',4,20,2.0,1),(7145,'85',4,20,2.0,1),(7146,'121',4,21,1.0,1),(7147,'104',4,19,3.0,1),(7148,'126',4,20,3.0,1),(7149,'194',4,18,3.0,1),(7150,'167',4,24,2.0,1),(7151,'182',4,17,3.0,1),(7152,'13',4,24,3.0,1),(7153,'260',4,19,2.0,1),(7154,'19',4,21,3.0,1),(7155,'67',4,19,3.0,1),(7156,'17',4,18,3.0,1),(7157,'214',4,18,1.0,1),(7158,'134',4,19,1.0,1),(7159,'201',4,24,2.0,1),(7160,'41',4,20,2.0,1),(7161,'91',4,18,1.0,1),(7162,'113',4,17,3.0,1),(7163,'24',4,18,1.0,1),(7164,'83',4,19,1.0,1),(7165,'236',4,24,2.0,1),(7166,'57',4,21,3.0,1),(7167,'123',4,18,2.0,1),(7168,'210',4,17,1.0,1),(7169,'125',4,23,3.0,1),(7170,'59',4,17,3.0,1),(7171,'157',4,17,2.0,1),(7172,'53',4,17,3.0,1),(7173,'77',4,23,1.0,1),(7174,'257',4,18,2.0,1),(7175,'78',4,17,2.0,1),(7176,'182',4,16,2.0,1),(7177,'87',4,18,1.0,1),(7178,'244',4,20,1.0,1),(7179,'191',4,20,2.0,1),(7180,'210',4,23,2.0,1),(7181,'179',4,19,3.0,1),(7182,'248',4,21,3.0,1),(7183,'69',4,18,3.0,1),(7184,'5',4,17,1.0,1),(7185,'9',4,19,2.0,1),(7186,'260',4,21,3.0,1),(7187,'199',4,18,1.0,1),(7188,'87',4,16,1.0,1),(7189,'143',4,24,1.0,1),(7190,'58',4,22,3.0,1),(7191,'51',4,24,3.0,1),(7192,'245',4,21,2.0,1),(7193,'54',4,17,3.0,1),(7194,'148',4,18,2.0,1),(7195,'223',4,18,3.0,1),(7196,'185',4,18,2.0,1),(7197,'236',4,22,1.0,1),(7198,'117',4,22,2.0,1),(7199,'256',4,17,2.0,1),(7200,'18',4,24,3.0,1),(7201,'69',4,18,1.0,1),(7202,'76',4,18,1.0,1),(7203,'163',4,18,1.0,1),(7204,'223',4,18,3.0,1),(7205,'212',4,19,3.0,1),(7206,'197',4,18,1.0,1),(7207,'128',4,18,2.0,1),(7208,'125',4,21,1.0,1),(7209,'204',4,20,1.0,1),(7210,'223',4,18,3.0,1),(7211,'250',4,22,1.0,1),(7212,'72',4,18,1.0,1),(7213,'119',4,18,1.0,1),(7214,'177',4,23,2.0,1),(7215,'194',4,19,2.0,1),(7216,'189',4,23,1.0,1),(7217,'152',4,17,2.0,1),(7218,'186',4,21,2.0,1),(7219,'62',4,19,3.0,1),(7220,'9',4,23,3.0,1),(7221,'202',4,19,3.0,1),(7222,'14',4,20,3.0,1),(7223,'133',4,16,1.0,1),(7224,'74',4,17,3.0,1),(7225,'183',4,23,3.0,1),(7226,'246',4,18,2.0,1),(7227,'204',4,17,1.0,1),(7228,'204',4,16,1.0,1),(7229,'182',4,17,2.0,1),(7230,'232',4,20,1.0,1),(7231,'204',4,17,2.0,1),(7232,'181',4,20,1.0,1),(7233,'194',4,18,1.0,1),(7234,'45',4,24,2.0,1),(7235,'226',4,19,2.0,1),(7236,'181',4,20,1.0,1),(7237,'173',4,17,1.0,1),(7238,'19',4,24,1.0,1),(7239,'138',4,16,1.0,1),(7240,'86',4,23,2.0,1),(7241,'177',4,23,3.0,1),(7242,'105',4,18,3.0,1),(7243,'63',4,17,2.0,1),(7244,'127',4,18,1.0,1),(7245,'172',4,17,1.0,1),(7246,'149',4,21,2.0,1),(7247,'7',4,18,1.0,1),(7248,'11',4,16,3.0,1),(7249,'123',4,16,2.0,1),(7250,'57',4,24,3.0,1),(7251,'42',4,24,1.0,1),(7252,'102',4,19,2.0,1),(7253,'230',4,18,2.0,1),(7254,'39',4,21,2.0,1),(7255,'125',4,22,3.0,1),(7256,'77',4,17,3.0,1),(7257,'131',4,18,1.0,1),(7258,'127',4,23,1.0,1),(7259,'212',4,23,1.0,1),(7260,'125',4,18,1.0,1),(7261,'53',4,21,1.0,1),(7262,'67',4,24,1.0,1),(7263,'210',4,18,3.0,1),(7264,'157',4,17,3.0,1),(7265,'30',4,18,2.0,1),(7266,'174',4,18,3.0,1),(7267,'45',4,19,1.0,1),(7268,'222',4,17,2.0,1),(7269,'56',4,21,3.0,1),(7270,'247',4,18,1.0,1),(7271,'127',4,24,1.0,1),(7272,'55',4,23,3.0,1),(7273,'129',4,17,3.0,1),(7274,'192',4,19,3.0,1),(7275,'92',4,23,1.0,1),(7276,'107',4,23,3.0,1),(7277,'189',4,17,2.0,1),(7278,'177',4,21,3.0,1),(7279,'116',4,18,1.0,1),(7280,'229',4,24,1.0,1),(7281,'78',4,19,1.0,1),(7282,'16',4,22,2.0,1),(7283,'133',4,23,3.0,1),(7284,'231',4,18,2.0,1),(7285,'190',4,19,1.0,1),(7286,'235',4,19,2.0,1),(7287,'196',4,22,1.0,1),(7288,'155',4,16,1.0,1),(7289,'3',4,18,1.0,1),(7290,'144',4,18,1.0,1),(7291,'32',4,19,3.0,1),(7292,'125',4,23,1.0,1),(7293,'69',4,17,1.0,1),(7294,'259',4,18,1.0,1),(7295,'173',4,19,2.0,1),(7296,'145',4,24,2.0,1),(7297,'65',4,22,2.0,1),(7298,'104',4,23,1.0,1),(7299,'123',4,19,1.0,1),(7300,'125',4,24,3.0,1),(7301,'206',4,18,3.0,1),(7302,'253',4,17,3.0,1),(7303,'8',4,16,2.0,1),(7304,'176',4,21,3.0,1),(7305,'255',4,17,2.0,1),(7306,'41',4,18,3.0,1),(7307,'22',4,20,3.0,1),(7308,'25',4,19,2.0,1),(7309,'229',4,17,3.0,1),(7310,'53',4,17,2.0,1),(7311,'197',4,17,3.0,1),(7312,'170',4,19,1.0,1),(7313,'27',4,20,2.0,1),(7314,'163',4,23,1.0,1),(7315,'106',4,17,2.0,1),(7316,'158',4,16,3.0,1),(7317,'151',4,18,1.0,1),(7318,'206',4,18,1.0,1),(7319,'78',4,23,1.0,1),(7320,'256',4,19,2.0,1),(7321,'118',4,17,1.0,1),(7322,'46',4,18,2.0,1),(7323,'165',4,22,1.0,1),(7324,'144',4,18,1.0,1),(7325,'223',4,19,3.0,1),(7326,'191',4,23,1.0,1),(7327,'51',4,19,1.0,1),(7328,'196',4,17,3.0,1),(7329,'4',4,18,1.0,1),(7330,'165',4,23,2.0,1),(7331,'42',4,18,3.0,1),(7332,'59',4,23,1.0,1),(7333,'181',4,18,1.0,1),(7334,'248',4,17,3.0,1),(7335,'6',4,20,2.0,1),(7336,'63',4,18,2.0,1),(7337,'87',4,24,1.0,1),(7338,'209',4,17,2.0,1),(7339,'82',4,17,1.0,1),(7340,'239',4,20,3.0,1),(7341,'63',4,23,3.0,1),(7342,'68',4,24,3.0,1),(7343,'212',4,21,2.0,1),(7344,'161',4,18,1.0,1),(7345,'44',4,17,2.0,1),(7346,'70',4,19,1.0,1),(7347,'68',4,22,1.0,1),(7348,'115',4,21,1.0,1),(7349,'163',4,22,3.0,1),(7350,'105',4,18,1.0,1),(7351,'3',4,17,3.0,1),(7352,'49',4,18,2.0,1),(7353,'61',4,24,1.0,1),(7354,'6',4,16,1.0,1),(7355,'131',4,20,1.0,1),(7356,'74',4,20,3.0,1),(7357,'54',4,18,3.0,1),(7358,'219',4,24,2.0,1),(7359,'155',4,24,2.0,1),(7360,'41',4,18,1.0,1),(7361,'167',4,19,1.0,1),(7362,'140',4,17,1.0,1),(7363,'239',4,17,1.0,1),(7364,'62',4,16,2.0,1),(7365,'162',4,19,3.0,1),(7366,'6',4,17,3.0,1),(7367,'84',4,23,3.0,1),(7368,'112',4,19,3.0,1),(7369,'201',4,19,3.0,1),(7370,'164',4,17,1.0,1),(7371,'107',4,18,1.0,1),(7372,'216',4,17,1.0,1),(7373,'109',4,19,2.0,1),(7374,'74',4,22,2.0,1),(7375,'143',4,18,2.0,1),(7376,'160',4,20,3.0,1),(7377,'189',4,21,3.0,1),(7378,'251',4,20,1.0,1),(7379,'110',4,19,2.0,1),(7380,'252',4,19,1.0,1),(7381,'47',4,23,3.0,1),(7382,'236',4,16,1.0,1),(7383,'17',4,23,1.0,1),(7384,'212',4,18,3.0,1),(7385,'93',4,24,3.0,1),(7386,'10',4,18,3.0,1),(7387,'11',4,21,1.0,1),(7388,'3',4,18,1.0,1),(7389,'211',4,17,1.0,1),(7390,'254',4,17,1.0,1),(7391,'87',4,23,3.0,1),(7392,'117',4,18,1.0,1),(7393,'130',4,22,1.0,1),(7394,'92',4,23,1.0,1),(7395,'220',4,16,1.0,1),(7396,'106',4,23,2.0,1),(7397,'192',4,18,2.0,1),(7398,'247',4,18,2.0,1),(7399,'252',4,17,2.0,1),(7400,'98',4,16,1.0,1),(7401,'224',4,17,2.0,1),(7402,'61',4,19,3.0,1),(7403,'238',4,21,3.0,1),(7404,'215',4,24,3.0,1),(7405,'75',4,18,1.0,1),(7406,'52',4,23,2.0,1),(7407,'210',4,17,3.0,1),(7408,'36',4,17,1.0,1),(7409,'126',4,22,2.0,1),(7410,'190',4,18,3.0,1),(7411,'254',4,18,2.0,1),(7412,'128',4,22,3.0,1),(7413,'197',4,23,1.0,1),(7414,'3',4,22,1.0,1),(7415,'224',4,19,2.0,1),(7416,'17',4,24,1.0,1),(7417,'160',4,22,3.0,1),(7418,'182',4,18,3.0,1),(7419,'85',4,17,2.0,1),(7420,'48',4,20,1.0,1),(7421,'157',4,17,3.0,1),(7422,'23',4,17,3.0,1),(7423,'54',4,18,3.0,1),(7424,'36',4,17,3.0,1),(7425,'43',4,19,3.0,1),(7426,'9',4,20,2.0,1),(7427,'148',4,18,1.0,1),(7428,'82',4,18,1.0,1),(7429,'166',4,16,2.0,1),(7430,'126',4,22,1.0,1),(7431,'26',4,23,2.0,1),(7432,'98',4,18,1.0,1),(7433,'145',4,21,3.0,1),(7434,'156',4,19,2.0,1),(7435,'207',4,22,1.0,1),(7436,'245',4,19,2.0,1),(7437,'218',4,19,3.0,1),(7438,'233',4,17,1.0,1),(7439,'237',4,20,1.0,1),(7440,'127',4,18,3.0,1),(7441,'9',4,17,2.0,1),(7442,'166',4,24,2.0,1),(7443,'37',4,23,1.0,1),(7444,'81',4,17,2.0,1),(7445,'201',4,18,2.0,1),(7446,'230',4,16,2.0,1),(7447,'204',4,17,3.0,1),(7448,'255',4,18,3.0,1),(7449,'44',4,20,2.0,1),(7450,'236',4,18,1.0,1),(7451,'8',4,22,2.0,1),(7452,'49',4,16,1.0,1),(7453,'32',4,19,3.0,1),(7454,'118',4,18,2.0,1),(7455,'258',4,23,1.0,1),(7456,'23',4,18,3.0,1),(7457,'59',4,18,2.0,1),(7458,'69',4,19,3.0,1),(7459,'226',4,16,2.0,1),(7460,'258',4,18,1.0,1),(7461,'39',4,17,2.0,1),(7462,'125',4,18,3.0,1),(7463,'64',4,21,3.0,1),(7464,'245',4,23,1.0,1),(7465,'207',4,19,2.0,1),(7466,'169',4,24,2.0,1),(7467,'144',4,23,2.0,1),(7468,'59',4,18,1.0,1),(7469,'185',4,22,2.0,1),(7470,'93',4,17,1.0,1),(7471,'121',4,17,3.0,1),(7472,'248',4,17,3.0,1),(7473,'194',4,18,2.0,1),(7474,'90',4,18,2.0,1),(7475,'193',4,18,1.0,1),(7476,'151',4,22,1.0,1),(7477,'220',4,18,1.0,1),(7478,'88',4,16,3.0,1),(7479,'10',4,24,2.0,1),(7480,'199',4,24,3.0,1),(7481,'98',4,18,1.0,1),(7482,'152',4,23,1.0,1),(7483,'247',4,18,3.0,1),(7484,'177',4,20,1.0,1),(7485,'184',4,18,2.0,1),(7486,'63',4,18,1.0,1),(7487,'197',4,23,1.0,1),(7488,'56',4,19,1.0,1),(7489,'66',4,18,2.0,1),(7490,'25',4,19,2.0,1),(7491,'177',4,23,1.0,1),(7492,'147',4,18,3.0,1),(7493,'4',4,24,1.0,1),(7494,'61',4,17,2.0,1),(7495,'194',4,17,3.0,1),(7496,'121',4,19,1.0,1),(7497,'163',4,24,3.0,1),(7498,'47',4,18,2.0,1),(7499,'257',4,23,2.0,1),(7500,'55',4,18,1.0,1),(7501,'36',4,16,2.0,1),(7502,'124',4,18,2.0,1),(7503,'209',4,22,3.0,1),(7504,'72',4,18,2.0,1),(7505,'104',4,22,2.0,1),(7506,'39',4,24,2.0,1),(7507,'14',4,23,3.0,1),(7508,'72',4,18,1.0,1),(7509,'152',4,23,1.0,1),(7510,'63',4,24,2.0,1),(7511,'125',4,24,2.0,1),(7512,'114',4,17,2.0,1),(7513,'7',4,18,1.0,1),(7514,'196',4,16,3.0,1),(7515,'196',4,21,3.0,1),(7516,'28',4,17,3.0,1),(7517,'99',4,23,2.0,1),(7518,'197',4,23,3.0,1),(7519,'216',4,17,3.0,1),(7520,'196',4,23,2.0,1),(7521,'241',4,20,3.0,1),(7522,'146',4,21,3.0,1),(7523,'7',4,19,2.0,1),(7524,'200',4,17,1.0,1),(7525,'121',4,20,2.0,1),(7526,'89',4,18,1.0,1),(7527,'30',4,24,3.0,1),(7528,'181',4,19,2.0,1),(7529,'145',4,18,2.0,1),(7530,'131',4,22,2.0,1),(7531,'89',4,16,2.0,1),(7532,'183',4,23,2.0,1),(7533,'169',4,23,3.0,1),(7534,'9',4,24,1.0,1),(7535,'164',4,24,1.0,1),(7536,'22',4,20,2.0,1),(7537,'223',4,19,1.0,1),(7538,'4',4,24,1.0,1),(7539,'52',4,18,1.0,1),(7540,'51',4,18,3.0,1),(7541,'125',4,18,3.0,1),(7542,'109',4,17,1.0,1),(7543,'238',4,19,3.0,1),(7544,'97',4,18,2.0,1),(7545,'242',4,19,1.0,1),(7546,'166',4,20,2.0,1),(7547,'68',4,19,3.0,1),(7548,'86',4,17,1.0,1),(7549,'150',4,20,2.0,1),(7550,'140',4,23,3.0,1),(7551,'17',4,17,3.0,1),(7552,'113',4,23,3.0,1),(7553,'21',4,21,2.0,1),(7554,'194',4,18,2.0,1),(7555,'181',4,16,1.0,1),(7556,'160',4,19,2.0,1),(7557,'87',4,21,3.0,1),(7558,'105',4,17,1.0,1),(7559,'228',4,18,3.0,1),(7560,'120',4,17,1.0,1),(7561,'225',4,22,1.0,1),(7562,'108',4,23,3.0,1),(7563,'112',4,19,1.0,1),(7564,'154',4,19,3.0,1),(7565,'68',4,19,1.0,1),(7566,'86',4,19,1.0,1),(7567,'66',4,18,3.0,1),(7568,'88',4,18,3.0,1),(7569,'209',4,20,1.0,1),(7570,'8',4,19,3.0,1),(7571,'32',4,18,1.0,1),(7572,'188',4,23,1.0,1),(7573,'234',4,20,3.0,1),(7574,'21',4,23,1.0,1),(7575,'217',4,18,2.0,1),(7576,'202',4,18,1.0,1),(7577,'180',4,23,1.0,1),(7578,'223',4,19,3.0,1),(7579,'197',4,21,1.0,1),(7580,'17',4,19,1.0,1),(7581,'73',4,23,1.0,1),(7582,'197',4,23,3.0,1),(7583,'127',4,23,2.0,1),(7584,'38',4,19,2.0,1),(7585,'156',4,18,3.0,1),(7586,'75',4,20,3.0,1),(7587,'143',4,18,3.0,1),(7588,'99',4,19,1.0,1),(7589,'36',4,22,3.0,1),(7590,'168',4,23,2.0,1),(7591,'245',4,21,3.0,1),(7592,'91',4,23,3.0,1),(7593,'151',4,18,1.0,1),(7594,'13',4,19,2.0,1),(7595,'149',4,24,3.0,1),(7596,'223',4,19,3.0,1),(7597,'76',4,17,2.0,1),(7598,'7',4,17,3.0,1),(7599,'228',4,23,3.0,1),(7600,'189',4,24,1.0,1),(7601,'201',4,18,1.0,1),(7602,'1',4,18,2.0,1),(7603,'88',4,22,1.0,1),(7604,'81',4,23,3.0,1),(7605,'158',4,17,2.0,1),(7606,'7',4,20,3.0,1),(7607,'136',4,17,1.0,1),(7608,'218',4,18,1.0,1),(7609,'112',4,23,3.0,1),(7610,'99',4,23,3.0,1),(7611,'97',4,20,3.0,1),(7612,'100',4,23,3.0,1),(7613,'147',4,19,3.0,1),(7614,'37',4,22,2.0,1),(7615,'92',4,24,1.0,1),(7616,'218',4,23,2.0,1),(7617,'65',4,17,2.0,1),(7618,'93',4,23,2.0,1),(7619,'37',4,16,3.0,1),(7620,'216',4,17,1.0,1),(7621,'50',4,21,1.0,1),(7622,'92',4,24,1.0,1),(7623,'134',4,17,2.0,1),(7624,'187',4,22,3.0,1),(7625,'91',4,17,3.0,1),(7626,'198',4,24,1.0,1),(7627,'107',4,21,1.0,1),(7628,'251',4,22,2.0,1),(7629,'111',4,17,2.0,1),(7630,'72',4,22,1.0,1),(7631,'256',4,19,2.0,1),(7632,'72',4,18,2.0,1),(7633,'242',4,21,2.0,1),(7634,'14',4,18,3.0,1),(7635,'160',4,21,2.0,1),(7636,'226',4,23,1.0,1),(7637,'129',4,19,1.0,1),(7638,'91',4,18,1.0,1),(7639,'91',4,18,2.0,1),(7640,'20',4,23,2.0,1),(7641,'256',4,17,1.0,1),(7642,'193',4,18,3.0,1),(7643,'182',4,24,2.0,1),(7644,'8',4,24,3.0,1),(7645,'113',4,23,1.0,1),(7646,'165',4,22,2.0,1),(7647,'71',4,18,3.0,1),(7648,'62',4,18,2.0,1),(7649,'193',4,22,2.0,1),(7650,'31',4,22,3.0,1),(7651,'213',4,21,1.0,1),(7652,'99',4,21,3.0,1),(7653,'124',4,22,2.0,1),(7654,'35',4,19,1.0,1),(7655,'90',4,21,1.0,1),(7656,'218',4,20,1.0,1),(7657,'78',4,22,3.0,1),(7658,'195',4,18,2.0,1),(7659,'7',4,19,2.0,1),(7660,'44',4,23,3.0,1),(7661,'198',4,18,3.0,1),(7662,'210',4,18,1.0,1),(7663,'135',4,21,1.0,1),(7664,'45',4,18,3.0,1),(7665,'25',4,17,3.0,1),(7666,'83',4,19,1.0,1),(7667,'43',4,20,1.0,1),(7668,'106',4,18,2.0,1),(7669,'97',4,17,2.0,1),(7670,'258',4,22,3.0,1),(7671,'254',4,18,2.0,1),(7672,'5',4,24,2.0,1),(7673,'15',4,17,2.0,1),(7674,'243',4,19,3.0,1),(7675,'233',4,17,1.0,1),(7676,'150',4,21,1.0,1),(7677,'71',4,24,2.0,1),(7678,'59',4,20,2.0,1),(7679,'198',4,20,3.0,1),(7680,'140',4,19,3.0,1),(7681,'93',4,20,3.0,1),(7682,'186',4,21,2.0,1),(7683,'135',4,19,1.0,1),(7684,'40',4,18,2.0,1),(7685,'188',4,17,2.0,1),(7686,'170',4,16,2.0,1),(7687,'183',4,18,1.0,1),(7688,'242',4,23,3.0,1),(7689,'196',4,23,1.0,1),(7690,'209',4,18,3.0,1),(7691,'202',4,22,3.0,1),(7692,'192',4,19,3.0,1),(7693,'156',4,18,1.0,1),(7694,'106',4,20,1.0,1),(7695,'232',4,19,1.0,1),(7696,'63',4,21,2.0,1),(7697,'246',4,23,1.0,1),(7698,'78',4,22,1.0,1),(7699,'56',4,18,2.0,1),(7700,'190',4,23,3.0,1),(7701,'257',4,19,2.0,1),(7702,'13',4,24,1.0,1),(7703,'99',4,18,1.0,1),(7704,'81',4,18,3.0,1),(7705,'212',4,19,1.0,1),(7706,'43',4,16,1.0,1),(7707,'69',4,23,2.0,1),(7708,'7',4,20,1.0,1),(7709,'16',4,22,3.0,1),(7710,'251',4,24,2.0,1),(7711,'143',4,18,2.0,1),(7712,'168',4,24,1.0,1),(7713,'32',4,21,2.0,1),(7714,'94',4,24,3.0,1),(7715,'69',4,24,1.0,1),(7716,'147',4,24,2.0,1),(7717,'180',4,23,2.0,1),(7718,'96',4,17,1.0,1),(7719,'207',4,17,1.0,1),(7720,'89',4,23,3.0,1),(7721,'222',4,21,1.0,1),(7722,'228',4,23,1.0,1),(7723,'172',4,22,1.0,1),(7724,'23',4,21,3.0,1),(7725,'166',4,17,1.0,1),(7726,'119',4,24,2.0,1),(7727,'20',4,21,3.0,1),(7728,'151',4,18,2.0,1),(7729,'90',4,19,1.0,1),(7730,'124',4,23,3.0,1),(7731,'34',4,23,2.0,1),(7732,'170',4,23,2.0,1),(7733,'181',4,19,3.0,1),(7734,'183',4,21,3.0,1),(7735,'107',4,24,3.0,1),(7736,'255',4,18,1.0,1),(7737,'165',4,22,3.0,1),(7738,'170',4,23,1.0,1),(7739,'79',4,18,1.0,1),(7740,'59',4,18,3.0,1),(7741,'156',4,22,2.0,1),(7742,'198',4,22,1.0,1),(7743,'83',4,23,3.0,1),(7744,'105',4,19,1.0,1),(7745,'63',4,23,2.0,1),(7746,'183',4,17,2.0,1),(7747,'67',4,18,2.0,1),(7748,'253',4,19,3.0,1),(7749,'245',4,17,2.0,1),(7750,'227',4,23,2.0,1),(7751,'166',4,16,3.0,1),(7752,'107',4,16,2.0,1),(7753,'114',4,17,2.0,1),(7754,'198',4,20,1.0,1),(7755,'14',4,17,3.0,1),(7756,'118',4,21,2.0,1),(7757,'107',4,18,2.0,1),(7758,'200',4,19,2.0,1),(7759,'187',4,22,2.0,1),(7760,'235',4,23,1.0,1),(7761,'217',4,19,1.0,1),(7762,'75',4,21,3.0,1),(7763,'146',4,23,3.0,1),(7764,'119',4,18,3.0,1),(7765,'77',4,17,2.0,1),(7766,'260',4,18,3.0,1),(7767,'98',4,18,3.0,1),(7768,'68',4,18,3.0,1),(7769,'139',4,23,2.0,1),(7770,'172',4,24,2.0,1),(7771,'243',4,23,2.0,1),(7772,'223',4,22,2.0,1),(7773,'192',4,24,1.0,1),(7774,'259',4,23,1.0,1),(7775,'5',4,24,3.0,1),(7776,'211',4,17,3.0,1),(7777,'146',4,16,3.0,1),(7778,'157',4,24,2.0,1),(7779,'66',4,22,2.0,1),(7780,'85',4,23,2.0,1),(7781,'173',4,23,1.0,1),(7782,'248',4,17,2.0,1),(7783,'95',4,19,3.0,1),(7784,'30',4,24,3.0,1),(7785,'145',4,21,2.0,1),(7786,'1',4,22,3.0,1),(7787,'96',4,18,2.0,1),(7788,'180',4,24,1.0,1),(7789,'192',4,23,2.0,1),(7790,'45',4,19,2.0,1),(7791,'14',4,20,2.0,1),(7792,'119',4,16,3.0,1),(7793,'195',4,19,2.0,1),(7794,'210',4,19,3.0,1),(7795,'193',4,20,3.0,1),(7796,'245',4,19,1.0,1),(7797,'166',4,24,2.0,1),(7798,'226',4,18,3.0,1),(7799,'202',4,24,3.0,1),(7800,'12',4,23,2.0,1),(7801,'189',4,17,1.0,1),(7802,'40',4,17,3.0,1),(7803,'72',4,18,1.0,1),(7804,'152',4,18,1.0,1),(7805,'56',4,18,3.0,1),(7806,'134',4,16,3.0,1),(7807,'230',4,16,2.0,1),(7808,'225',4,18,3.0,1),(7809,'130',4,22,2.0,1),(7810,'33',4,16,2.0,1),(7811,'107',4,21,2.0,1),(7812,'128',4,21,1.0,1),(7813,'241',4,19,3.0,1),(7814,'74',4,18,3.0,1),(7815,'125',4,16,2.0,1),(7816,'196',4,23,2.0,1),(7817,'251',4,18,3.0,1),(7818,'229',4,19,1.0,1),(7819,'194',4,17,2.0,1),(7820,'180',4,16,3.0,1),(7821,'247',4,21,3.0,1),(7822,'52',4,17,2.0,1),(7823,'111',4,24,3.0,1),(7824,'103',4,23,1.0,1),(7825,'83',4,17,3.0,1),(7826,'210',4,18,1.0,1),(7827,'188',4,17,1.0,1),(7828,'148',4,17,2.0,1),(7829,'74',4,22,1.0,1),(7830,'234',4,24,1.0,1),(7831,'249',4,24,3.0,1),(7832,'72',4,17,2.0,1),(7833,'13',4,19,1.0,1),(7834,'176',4,19,3.0,1),(7835,'147',4,22,3.0,1),(7836,'53',4,16,3.0,1),(7837,'10',4,18,1.0,1),(7838,'118',4,20,2.0,1),(7839,'67',4,23,2.0,1),(7840,'171',4,19,3.0,1),(7841,'86',4,21,3.0,1),(7842,'93',4,16,3.0,1),(7843,'14',4,19,2.0,1),(7844,'10',4,21,1.0,1),(7845,'56',4,18,2.0,1),(7846,'110',4,18,1.0,1),(7847,'176',4,16,3.0,1),(7848,'41',4,17,2.0,1),(7849,'98',4,17,1.0,1),(7850,'165',4,19,2.0,1),(7851,'110',4,17,3.0,1),(7852,'88',4,24,3.0,1),(7853,'230',4,18,2.0,1),(7854,'10',4,18,3.0,1),(7855,'65',4,17,3.0,1),(7856,'228',4,17,2.0,1),(7857,'131',4,23,1.0,1),(7858,'222',4,21,1.0,1),(7859,'226',4,19,3.0,1),(7860,'29',4,17,1.0,1),(7861,'170',4,17,1.0,1),(7862,'100',4,21,2.0,1),(7863,'182',4,23,2.0,1),(7864,'8',4,16,1.0,1),(7865,'125',4,17,1.0,1),(7866,'150',4,21,1.0,1),(7867,'241',4,21,3.0,1),(7868,'120',4,23,2.0,1),(7869,'65',4,22,3.0,1),(7870,'257',4,19,3.0,1),(7871,'124',4,24,3.0,1),(7872,'136',4,18,2.0,1),(7873,'217',4,24,1.0,1),(7874,'63',4,23,3.0,1),(7875,'174',4,21,2.0,1),(7876,'132',4,24,3.0,1),(7877,'18',4,23,1.0,1),(7878,'256',4,23,2.0,1),(7879,'124',4,23,2.0,1),(7880,'101',4,18,2.0,1),(7881,'215',4,23,2.0,1),(7882,'54',4,20,1.0,1),(7883,'226',4,20,2.0,1),(7884,'55',4,16,3.0,1),(7885,'152',4,17,3.0,1),(7886,'15',4,22,1.0,1),(7887,'37',4,23,2.0,1),(7888,'106',4,24,3.0,1),(7889,'228',4,18,2.0,1),(7890,'52',4,17,2.0,1),(7891,'219',4,17,3.0,1),(7892,'149',4,18,2.0,1),(7893,'159',4,24,1.0,1),(7894,'178',4,18,3.0,1),(7895,'105',4,19,3.0,1),(7896,'48',4,18,1.0,1),(7897,'172',4,23,2.0,1),(7898,'89',4,16,3.0,1),(7899,'20',4,19,2.0,1),(7900,'111',4,18,1.0,1),(7901,'233',4,21,3.0,1),(7902,'189',4,24,3.0,1),(7903,'24',4,20,2.0,1),(7904,'31',4,18,2.0,1),(7905,'172',4,24,1.0,1),(7906,'124',4,19,2.0,1),(7907,'98',4,18,3.0,1),(7908,'215',4,19,3.0,1),(7909,'107',4,18,3.0,1),(7910,'201',4,16,3.0,1),(7911,'200',4,19,1.0,1),(7912,'127',4,23,3.0,1),(7913,'95',4,23,3.0,1),(7914,'219',4,18,3.0,1),(7915,'124',4,21,2.0,1),(7916,'240',4,21,2.0,1),(7917,'129',4,18,3.0,1),(7918,'97',4,24,3.0,1),(7919,'153',4,21,1.0,1),(7920,'89',4,19,2.0,1),(7921,'56',4,21,3.0,1),(7922,'191',4,16,2.0,1),(7923,'115',4,19,3.0,1),(7924,'174',4,16,2.0,1),(7925,'141',4,22,1.0,1),(7926,'183',4,18,2.0,1),(7927,'103',4,23,1.0,1),(7928,'107',4,20,1.0,1),(7929,'66',4,18,3.0,1),(7930,'108',4,22,2.0,1),(7931,'13',4,23,1.0,1),(7932,'197',4,18,2.0,1),(7933,'181',4,17,2.0,1),(7934,'84',4,23,3.0,1),(7935,'260',4,21,1.0,1),(7936,'197',4,19,2.0,1),(7937,'59',4,23,1.0,1),(7938,'250',4,18,1.0,1),(7939,'206',4,18,2.0,1),(7940,'153',4,18,2.0,1),(7941,'251',4,18,3.0,1),(7942,'141',4,19,3.0,1),(7943,'251',4,20,2.0,1),(7944,'118',4,18,3.0,1),(7945,'113',4,23,2.0,1),(7946,'177',4,23,3.0,1),(7947,'205',4,19,1.0,1),(7948,'193',4,17,2.0,1),(7949,'204',4,19,1.0,1),(7950,'115',4,19,3.0,1),(7951,'69',4,18,1.0,1),(7952,'64',4,16,3.0,1),(7953,'35',4,19,2.0,1),(7954,'17',4,24,1.0,1),(7955,'143',4,19,3.0,1),(7956,'46',4,18,3.0,1),(7957,'31',4,21,3.0,1),(7958,'159',4,20,3.0,1),(7959,'160',4,23,3.0,1),(7960,'86',4,24,3.0,1),(7961,'241',4,24,1.0,1),(7962,'235',4,20,3.0,1),(7963,'246',4,23,2.0,1),(7964,'188',4,19,3.0,1),(7965,'166',4,24,2.0,1),(7966,'158',4,17,1.0,1),(7967,'63',4,18,3.0,1),(7968,'85',4,23,1.0,1),(7969,'230',4,18,3.0,1),(7970,'222',4,17,3.0,1),(7971,'255',4,19,3.0,1),(7972,'224',4,24,3.0,1),(7973,'148',4,17,3.0,1),(7974,'187',4,18,1.0,1),(7975,'25',4,20,3.0,1),(7976,'114',4,21,3.0,1),(7977,'145',4,23,1.0,1),(7978,'132',4,18,3.0,1),(7979,'188',4,17,1.0,1),(7980,'83',4,18,1.0,1),(7981,'255',4,19,3.0,1),(7982,'3',4,20,2.0,1),(7983,'59',4,17,2.0,1),(7984,'208',4,19,2.0,1),(7985,'168',4,18,2.0,1),(7986,'257',4,20,1.0,1),(7987,'182',4,20,1.0,1),(7988,'128',4,19,3.0,1),(7989,'5',4,23,2.0,1),(7990,'116',4,18,1.0,1),(7991,'119',4,19,1.0,1),(7992,'45',4,17,2.0,1),(7993,'205',4,24,2.0,1),(7994,'252',4,18,3.0,1),(7995,'243',4,18,3.0,1),(7996,'103',4,23,1.0,1),(7997,'195',4,23,1.0,1),(7998,'125',4,24,1.0,1),(7999,'23',4,19,1.0,1),(8000,'24',4,18,2.0,1),(8001,'50',5,18,3.0,1),(8002,'3',5,24,1.0,1),(8003,'132',5,16,2.0,1),(8004,'186',5,23,3.0,1),(8005,'164',5,20,2.0,1),(8006,'156',5,22,2.0,1),(8007,'222',5,16,1.0,1),(8008,'163',5,23,3.0,1),(8009,'236',5,21,1.0,1),(8010,'216',5,24,3.0,1),(8011,'35',5,23,2.0,1),(8012,'119',5,17,1.0,1),(8013,'104',5,23,1.0,1),(8014,'2',5,24,2.0,1),(8015,'84',5,16,1.0,1),(8016,'84',5,18,1.0,1),(8017,'253',5,16,2.0,1),(8018,'55',5,23,2.0,1),(8019,'140',5,16,1.0,1),(8020,'182',5,20,3.0,1),(8021,'143',5,20,1.0,1),(8022,'192',5,24,3.0,1),(8023,'121',5,19,3.0,1),(8024,'31',5,16,2.0,1),(8025,'218',5,23,3.0,1),(8026,'20',5,18,1.0,1),(8027,'99',5,24,1.0,1),(8028,'222',5,22,3.0,1),(8029,'208',5,16,1.0,1),(8030,'253',5,22,2.0,1),(8031,'206',5,23,3.0,1),(8032,'119',5,22,2.0,1),(8033,'203',5,20,1.0,1),(8034,'202',5,16,3.0,1),(8035,'180',5,24,1.0,1),(8036,'202',5,16,1.0,1),(8037,'153',5,16,2.0,1),(8038,'154',5,17,3.0,1),(8039,'19',5,18,1.0,1),(8040,'95',5,16,3.0,1),(8041,'12',5,16,3.0,1),(8042,'177',5,16,2.0,1),(8043,'242',5,21,1.0,1),(8044,'194',5,24,1.0,1),(8045,'171',5,21,1.0,1),(8046,'190',5,21,3.0,1),(8047,'193',5,20,3.0,1),(8048,'26',5,16,3.0,1),(8049,'32',5,24,3.0,1),(8050,'49',5,21,3.0,1),(8051,'248',5,21,1.0,1),(8052,'102',5,19,3.0,1),(8053,'44',5,16,1.0,1),(8054,'205',5,24,1.0,1),(8055,'6',5,17,2.0,1),(8056,'219',5,19,1.0,1),(8057,'72',5,22,2.0,1),(8058,'185',5,18,1.0,1),(8059,'7',5,16,1.0,1),(8060,'260',5,23,1.0,1),(8061,'14',5,23,3.0,1),(8062,'40',5,16,3.0,1),(8063,'181',5,16,2.0,1),(8064,'120',5,17,1.0,1),(8065,'42',5,20,1.0,1),(8066,'253',5,24,1.0,1),(8067,'57',5,17,3.0,1),(8068,'230',5,17,3.0,1),(8069,'66',5,23,2.0,1),(8070,'168',5,16,2.0,1),(8071,'10',5,24,3.0,1),(8072,'259',5,17,1.0,1),(8073,'46',5,17,1.0,1),(8074,'9',5,17,3.0,1),(8075,'11',5,16,2.0,1),(8076,'217',5,18,1.0,1),(8077,'81',5,16,3.0,1),(8078,'92',5,20,2.0,1),(8079,'39',5,17,2.0,1),(8080,'248',5,24,1.0,1),(8081,'231',5,17,2.0,1),(8082,'6',5,24,3.0,1),(8083,'6',5,18,2.0,1),(8084,'106',5,23,2.0,1),(8085,'192',5,23,1.0,1),(8086,'54',5,17,1.0,1),(8087,'218',5,21,3.0,1),(8088,'138',5,19,1.0,1),(8089,'147',5,18,1.0,1),(8090,'53',5,19,2.0,1),(8091,'12',5,23,1.0,1),(8092,'1',5,16,1.0,1),(8093,'65',5,24,2.0,1),(8094,'7',5,24,3.0,1),(8095,'151',5,17,1.0,1),(8096,'164',5,22,1.0,1),(8097,'194',5,19,1.0,1),(8098,'22',5,20,3.0,1),(8099,'72',5,22,1.0,1),(8100,'231',5,19,1.0,1),(8101,'54',5,23,3.0,1),(8102,'167',5,20,3.0,1),(8103,'239',5,19,2.0,1),(8104,'81',5,16,3.0,1),(8105,'33',5,16,2.0,1),(8106,'106',5,20,2.0,1),(8107,'244',5,18,3.0,1),(8108,'52',5,24,3.0,1),(8109,'45',5,16,1.0,1),(8110,'88',5,18,1.0,1),(8111,'253',5,24,3.0,1),(8112,'245',5,24,2.0,1),(8113,'137',5,20,1.0,1),(8114,'30',5,18,3.0,1),(8115,'9',5,20,1.0,1),(8116,'50',5,24,1.0,1),(8117,'149',5,21,3.0,1),(8118,'153',5,21,2.0,1),(8119,'241',5,19,1.0,1),(8120,'120',5,16,3.0,1),(8121,'149',5,20,2.0,1),(8122,'18',5,18,1.0,1),(8123,'39',5,18,1.0,1),(8124,'61',5,23,2.0,1),(8125,'177',5,23,1.0,1),(8126,'136',5,23,3.0,1),(8127,'220',5,20,2.0,1),(8128,'156',5,18,1.0,1),(8129,'123',5,20,2.0,1),(8130,'211',5,17,1.0,1),(8131,'58',5,23,1.0,1),(8132,'141',5,16,1.0,1),(8133,'132',5,16,3.0,1),(8134,'218',5,24,3.0,1),(8135,'249',5,21,1.0,1),(8136,'226',5,24,2.0,1),(8137,'236',5,18,2.0,1),(8138,'92',5,19,2.0,1),(8139,'213',5,20,2.0,1),(8140,'152',5,23,1.0,1),(8141,'131',5,24,1.0,1),(8142,'239',5,21,2.0,1),(8143,'216',5,17,2.0,1),(8144,'6',5,24,2.0,1),(8145,'107',5,22,3.0,1),(8146,'86',5,17,2.0,1),(8147,'215',5,16,3.0,1),(8148,'168',5,22,2.0,1),(8149,'129',5,22,1.0,1),(8150,'120',5,17,2.0,1),(8151,'121',5,22,1.0,1),(8152,'71',5,18,1.0,1),(8153,'15',5,24,1.0,1),(8154,'198',5,20,1.0,1),(8155,'238',5,20,1.0,1),(8156,'54',5,24,2.0,1),(8157,'156',5,21,1.0,1),(8158,'103',5,22,1.0,1),(8159,'85',5,19,1.0,1),(8160,'13',5,21,3.0,1),(8161,'46',5,19,2.0,1),(8162,'64',5,24,2.0,1),(8163,'188',5,20,1.0,1),(8164,'82',5,18,1.0,1),(8165,'174',5,21,2.0,1),(8166,'254',5,19,2.0,1),(8167,'165',5,17,2.0,1),(8168,'178',5,21,1.0,1),(8169,'143',5,24,3.0,1),(8170,'62',5,24,3.0,1),(8171,'69',5,24,3.0,1),(8172,'154',5,24,2.0,1),(8173,'252',5,19,2.0,1),(8174,'182',5,19,1.0,1),(8175,'205',5,24,3.0,1),(8176,'156',5,19,2.0,1),(8177,'68',5,17,3.0,1),(8178,'53',5,24,3.0,1),(8179,'61',5,24,2.0,1),(8180,'155',5,20,3.0,1),(8181,'216',5,24,3.0,1),(8182,'194',5,23,2.0,1),(8183,'174',5,20,1.0,1),(8184,'128',5,16,3.0,1),(8185,'17',5,24,3.0,1),(8186,'135',5,20,3.0,1),(8187,'52',5,20,2.0,1),(8188,'122',5,22,2.0,1),(8189,'55',5,16,1.0,1),(8190,'149',5,16,1.0,1),(8191,'251',5,24,3.0,1),(8192,'109',5,17,1.0,1),(8193,'170',5,16,2.0,1),(8194,'133',5,16,1.0,1),(8195,'9',5,19,2.0,1),(8196,'82',5,22,1.0,1),(8197,'16',5,17,3.0,1),(8198,'10',5,16,3.0,1),(8199,'241',5,24,2.0,1),(8200,'212',5,18,2.0,1),(8201,'46',5,24,2.0,1),(8202,'256',5,18,3.0,1),(8203,'50',5,16,1.0,1),(8204,'14',5,20,2.0,1),(8205,'142',5,21,1.0,1),(8206,'2',5,23,2.0,1),(8207,'30',5,16,3.0,1),(8208,'12',5,18,3.0,1),(8209,'226',5,18,1.0,1),(8210,'46',5,19,2.0,1),(8211,'52',5,16,2.0,1),(8212,'68',5,16,3.0,1),(8213,'232',5,24,3.0,1),(8214,'57',5,23,2.0,1),(8215,'232',5,21,1.0,1),(8216,'66',5,20,2.0,1),(8217,'107',5,16,1.0,1),(8218,'100',5,17,2.0,1),(8219,'217',5,22,2.0,1),(8220,'75',5,19,2.0,1),(8221,'55',5,24,1.0,1),(8222,'259',5,19,2.0,1),(8223,'96',5,16,1.0,1),(8224,'50',5,24,2.0,1),(8225,'189',5,23,3.0,1),(8226,'46',5,17,2.0,1),(8227,'116',5,16,3.0,1),(8228,'140',5,17,1.0,1),(8229,'45',5,20,2.0,1),(8230,'90',5,16,2.0,1),(8231,'79',5,18,3.0,1),(8232,'145',5,16,2.0,1),(8233,'87',5,17,2.0,1),(8234,'217',5,18,3.0,1),(8235,'156',5,18,2.0,1),(8236,'120',5,23,1.0,1),(8237,'169',5,19,2.0,1),(8238,'142',5,23,2.0,1),(8239,'94',5,18,3.0,1),(8240,'87',5,23,3.0,1),(8241,'79',5,17,2.0,1),(8242,'28',5,22,2.0,1),(8243,'88',5,23,3.0,1),(8244,'25',5,20,3.0,1),(8245,'180',5,18,2.0,1),(8246,'204',5,21,3.0,1),(8247,'79',5,22,1.0,1),(8248,'200',5,24,1.0,1),(8249,'133',5,17,2.0,1),(8250,'160',5,21,1.0,1),(8251,'234',5,17,3.0,1),(8252,'156',5,24,2.0,1),(8253,'135',5,19,3.0,1),(8254,'158',5,22,3.0,1),(8255,'7',5,17,3.0,1),(8256,'100',5,16,3.0,1),(8257,'220',5,22,3.0,1),(8258,'114',5,20,2.0,1),(8259,'106',5,22,3.0,1),(8260,'92',5,16,3.0,1),(8261,'49',5,24,3.0,1),(8262,'236',5,20,1.0,1),(8263,'26',5,21,2.0,1),(8264,'259',5,22,2.0,1),(8265,'147',5,24,3.0,1),(8266,'228',5,21,2.0,1),(8267,'189',5,20,3.0,1),(8268,'108',5,19,2.0,1),(8269,'142',5,18,2.0,1),(8270,'237',5,23,2.0,1),(8271,'54',5,24,2.0,1),(8272,'145',5,19,3.0,1),(8273,'51',5,18,1.0,1),(8274,'30',5,16,1.0,1),(8275,'94',5,19,3.0,1),(8276,'166',5,17,2.0,1),(8277,'195',5,21,2.0,1),(8278,'233',5,17,3.0,1),(8279,'202',5,16,1.0,1),(8280,'249',5,21,1.0,1),(8281,'242',5,22,3.0,1),(8282,'73',5,18,2.0,1),(8283,'229',5,16,2.0,1),(8284,'152',5,17,3.0,1),(8285,'203',5,16,2.0,1),(8286,'176',5,19,2.0,1),(8287,'37',5,16,3.0,1),(8288,'147',5,24,1.0,1),(8289,'72',5,22,2.0,1),(8290,'6',5,16,2.0,1),(8291,'37',5,20,3.0,1),(8292,'148',5,20,2.0,1),(8293,'234',5,23,1.0,1),(8294,'87',5,16,3.0,1),(8295,'233',5,22,1.0,1),(8296,'220',5,16,1.0,1),(8297,'75',5,24,1.0,1),(8298,'178',5,20,3.0,1),(8299,'101',5,19,1.0,1),(8300,'120',5,19,2.0,1),(8301,'37',5,20,3.0,1),(8302,'243',5,23,3.0,1),(8303,'176',5,24,3.0,1),(8304,'193',5,16,1.0,1),(8305,'188',5,16,1.0,1),(8306,'9',5,24,3.0,1),(8307,'49',5,16,3.0,1),(8308,'70',5,23,3.0,1),(8309,'171',5,21,1.0,1),(8310,'125',5,24,2.0,1),(8311,'184',5,23,1.0,1),(8312,'185',5,22,2.0,1),(8313,'147',5,18,1.0,1),(8314,'203',5,19,3.0,1),(8315,'245',5,24,2.0,1),(8316,'239',5,19,1.0,1),(8317,'62',5,20,3.0,1),(8318,'220',5,20,1.0,1),(8319,'243',5,17,2.0,1),(8320,'96',5,17,3.0,1),(8321,'112',5,19,3.0,1),(8322,'31',5,18,1.0,1),(8323,'178',5,24,3.0,1),(8324,'209',5,16,3.0,1),(8325,'32',5,24,1.0,1),(8326,'135',5,23,3.0,1),(8327,'2',5,20,3.0,1),(8328,'237',5,16,2.0,1),(8329,'39',5,24,2.0,1),(8330,'219',5,24,1.0,1),(8331,'117',5,17,1.0,1),(8332,'151',5,20,2.0,1),(8333,'145',5,20,2.0,1),(8334,'141',5,17,1.0,1),(8335,'199',5,19,2.0,1),(8336,'157',5,21,2.0,1),(8337,'37',5,24,3.0,1),(8338,'184',5,23,1.0,1),(8339,'146',5,24,1.0,1),(8340,'78',5,24,2.0,1),(8341,'31',5,24,3.0,1),(8342,'259',5,24,2.0,1),(8343,'98',5,24,1.0,1),(8344,'239',5,23,3.0,1),(8345,'33',5,20,2.0,1),(8346,'150',5,17,2.0,1),(8347,'179',5,20,2.0,1),(8348,'247',5,24,3.0,1),(8349,'57',5,21,1.0,1),(8350,'109',5,24,2.0,1),(8351,'218',5,20,2.0,1),(8352,'105',5,20,1.0,1),(8353,'8',5,24,3.0,1),(8354,'238',5,17,2.0,1),(8355,'246',5,24,3.0,1),(8356,'142',5,23,3.0,1),(8357,'185',5,16,2.0,1),(8358,'48',5,20,1.0,1),(8359,'50',5,22,1.0,1),(8360,'77',5,20,2.0,1),(8361,'174',5,21,1.0,1),(8362,'192',5,17,2.0,1),(8363,'55',5,24,2.0,1),(8364,'26',5,21,1.0,1),(8365,'130',5,21,1.0,1),(8366,'27',5,20,2.0,1),(8367,'17',5,21,1.0,1),(8368,'103',5,21,3.0,1),(8369,'43',5,16,3.0,1),(8370,'22',5,19,1.0,1),(8371,'66',5,24,1.0,1),(8372,'86',5,18,1.0,1),(8373,'127',5,24,1.0,1),(8374,'8',5,22,1.0,1),(8375,'167',5,21,2.0,1),(8376,'177',5,19,3.0,1),(8377,'29',5,21,2.0,1),(8378,'64',5,21,2.0,1),(8379,'116',5,17,2.0,1),(8380,'236',5,21,3.0,1),(8381,'222',5,17,1.0,1),(8382,'178',5,23,3.0,1),(8383,'181',5,20,2.0,1),(8384,'23',5,19,3.0,1),(8385,'144',5,20,1.0,1),(8386,'48',5,24,3.0,1),(8387,'65',5,23,2.0,1),(8388,'31',5,21,2.0,1),(8389,'116',5,22,1.0,1),(8390,'62',5,16,3.0,1),(8391,'56',5,17,1.0,1),(8392,'9',5,16,1.0,1),(8393,'106',5,22,1.0,1),(8394,'150',5,16,1.0,1),(8395,'196',5,20,2.0,1),(8396,'226',5,20,3.0,1),(8397,'143',5,18,2.0,1),(8398,'21',5,17,2.0,1),(8399,'184',5,22,2.0,1),(8400,'235',5,23,2.0,1),(8401,'230',5,24,1.0,1),(8402,'253',5,22,1.0,1),(8403,'23',5,17,3.0,1),(8404,'204',5,21,1.0,1),(8405,'43',5,22,1.0,1),(8406,'97',5,22,3.0,1),(8407,'169',5,23,1.0,1),(8408,'75',5,23,2.0,1),(8409,'41',5,22,3.0,1),(8410,'257',5,24,3.0,1),(8411,'58',5,20,3.0,1),(8412,'106',5,23,2.0,1),(8413,'171',5,16,3.0,1),(8414,'14',5,24,3.0,1),(8415,'164',5,19,1.0,1),(8416,'85',5,23,2.0,1),(8417,'7',5,18,2.0,1),(8418,'185',5,16,3.0,1),(8419,'135',5,19,1.0,1),(8420,'2',5,20,2.0,1),(8421,'21',5,17,1.0,1),(8422,'226',5,23,1.0,1),(8423,'66',5,22,2.0,1),(8424,'88',5,17,3.0,1),(8425,'112',5,22,1.0,1),(8426,'24',5,18,2.0,1),(8427,'10',5,18,2.0,1),(8428,'40',5,22,3.0,1),(8429,'164',5,18,3.0,1),(8430,'33',5,17,2.0,1),(8431,'105',5,16,2.0,1),(8432,'55',5,19,1.0,1),(8433,'129',5,21,1.0,1),(8434,'218',5,16,3.0,1),(8435,'39',5,21,2.0,1),(8436,'231',5,24,2.0,1),(8437,'72',5,16,1.0,1),(8438,'96',5,19,2.0,1),(8439,'239',5,21,3.0,1),(8440,'113',5,20,2.0,1),(8441,'74',5,16,1.0,1),(8442,'239',5,16,3.0,1),(8443,'171',5,16,2.0,1),(8444,'167',5,22,2.0,1),(8445,'179',5,20,2.0,1),(8446,'248',5,20,1.0,1),(8447,'76',5,24,1.0,1),(8448,'208',5,21,3.0,1),(8449,'184',5,16,2.0,1),(8450,'133',5,19,2.0,1),(8451,'251',5,24,1.0,1),(8452,'41',5,17,1.0,1),(8453,'75',5,23,2.0,1),(8454,'59',5,19,2.0,1),(8455,'192',5,22,2.0,1),(8456,'201',5,24,2.0,1),(8457,'155',5,16,3.0,1),(8458,'204',5,17,1.0,1),(8459,'68',5,17,1.0,1),(8460,'239',5,22,1.0,1),(8461,'105',5,19,1.0,1),(8462,'134',5,20,2.0,1),(8463,'47',5,20,1.0,1),(8464,'68',5,16,2.0,1),(8465,'16',5,22,2.0,1),(8466,'233',5,20,2.0,1),(8467,'226',5,18,3.0,1),(8468,'201',5,16,3.0,1),(8469,'232',5,23,1.0,1),(8470,'212',5,16,1.0,1),(8471,'181',5,22,1.0,1),(8472,'91',5,24,1.0,1),(8473,'165',5,23,1.0,1),(8474,'246',5,17,3.0,1),(8475,'221',5,19,1.0,1),(8476,'170',5,24,2.0,1),(8477,'131',5,22,1.0,1),(8478,'47',5,18,3.0,1),(8479,'258',5,20,2.0,1),(8480,'207',5,23,1.0,1),(8481,'3',5,19,3.0,1),(8482,'36',5,17,2.0,1),(8483,'182',5,20,1.0,1),(8484,'80',5,16,2.0,1),(8485,'226',5,24,3.0,1),(8486,'84',5,17,3.0,1),(8487,'103',5,17,1.0,1),(8488,'185',5,17,2.0,1),(8489,'149',5,20,2.0,1),(8490,'14',5,17,2.0,1),(8491,'23',5,24,2.0,1),(8492,'54',5,16,1.0,1),(8493,'87',5,20,2.0,1),(8494,'151',5,19,1.0,1),(8495,'10',5,24,1.0,1),(8496,'99',5,23,3.0,1),(8497,'110',5,18,1.0,1),(8498,'166',5,23,3.0,1),(8499,'128',5,24,2.0,1),(8500,'229',5,16,1.0,1),(8501,'24',5,23,3.0,1),(8502,'177',5,17,1.0,1),(8503,'140',5,22,3.0,1),(8504,'127',5,20,1.0,1),(8505,'102',5,16,1.0,1),(8506,'84',5,20,2.0,1),(8507,'93',5,21,3.0,1),(8508,'217',5,17,3.0,1),(8509,'178',5,24,2.0,1),(8510,'248',5,23,3.0,1),(8511,'254',5,22,2.0,1),(8512,'59',5,24,2.0,1),(8513,'132',5,19,1.0,1),(8514,'45',5,19,2.0,1),(8515,'190',5,17,1.0,1),(8516,'111',5,19,1.0,1),(8517,'81',5,20,2.0,1),(8518,'122',5,20,3.0,1),(8519,'209',5,20,2.0,1),(8520,'247',5,19,2.0,1),(8521,'168',5,17,2.0,1),(8522,'163',5,21,2.0,1),(8523,'41',5,18,2.0,1),(8524,'62',5,16,3.0,1),(8525,'92',5,21,3.0,1),(8526,'194',5,24,2.0,1),(8527,'202',5,20,3.0,1),(8528,'106',5,23,1.0,1),(8529,'73',5,23,3.0,1),(8530,'137',5,17,2.0,1),(8531,'110',5,16,2.0,1),(8532,'226',5,19,3.0,1),(8533,'237',5,19,1.0,1),(8534,'119',5,24,1.0,1),(8535,'205',5,20,1.0,1),(8536,'30',5,19,2.0,1),(8537,'18',5,19,1.0,1),(8538,'46',5,23,3.0,1),(8539,'58',5,16,3.0,1),(8540,'25',5,23,1.0,1),(8541,'77',5,19,2.0,1),(8542,'158',5,20,1.0,1),(8543,'87',5,17,1.0,1),(8544,'78',5,20,2.0,1),(8545,'239',5,16,1.0,1),(8546,'122',5,19,3.0,1),(8547,'165',5,19,1.0,1),(8548,'53',5,22,3.0,1),(8549,'123',5,16,3.0,1),(8550,'256',5,16,2.0,1),(8551,'214',5,22,1.0,1),(8552,'222',5,24,2.0,1),(8553,'82',5,19,1.0,1),(8554,'27',5,21,3.0,1),(8555,'136',5,21,3.0,1),(8556,'100',5,22,2.0,1),(8557,'96',5,24,3.0,1),(8558,'258',5,23,2.0,1),(8559,'170',5,21,2.0,1),(8560,'258',5,20,1.0,1),(8561,'258',5,18,1.0,1),(8562,'224',5,24,2.0,1),(8563,'121',5,17,3.0,1),(8564,'240',5,24,1.0,1),(8565,'21',5,18,3.0,1),(8566,'219',5,23,2.0,1),(8567,'87',5,23,3.0,1),(8568,'184',5,23,1.0,1),(8569,'30',5,17,3.0,1),(8570,'133',5,21,1.0,1),(8571,'20',5,20,2.0,1),(8572,'130',5,19,2.0,1),(8573,'109',5,24,1.0,1),(8574,'204',5,19,2.0,1),(8575,'228',5,21,3.0,1),(8576,'26',5,19,2.0,1),(8577,'26',5,22,3.0,1),(8578,'181',5,20,3.0,1),(8579,'9',5,23,1.0,1),(8580,'29',5,19,3.0,1),(8581,'94',5,16,2.0,1),(8582,'166',5,22,2.0,1),(8583,'179',5,18,2.0,1),(8584,'103',5,20,1.0,1),(8585,'196',5,23,2.0,1),(8586,'142',5,16,2.0,1),(8587,'35',5,23,2.0,1),(8588,'46',5,21,3.0,1),(8589,'158',5,24,3.0,1),(8590,'2',5,16,1.0,1),(8591,'76',5,24,1.0,1),(8592,'42',5,16,1.0,1),(8593,'244',5,19,3.0,1),(8594,'144',5,17,1.0,1),(8595,'122',5,23,2.0,1),(8596,'88',5,24,2.0,1),(8597,'220',5,22,3.0,1),(8598,'190',5,20,3.0,1),(8599,'25',5,24,1.0,1),(8600,'225',5,21,1.0,1),(8601,'155',5,24,1.0,1),(8602,'175',5,16,1.0,1),(8603,'258',5,22,1.0,1),(8604,'139',5,20,3.0,1),(8605,'102',5,16,3.0,1),(8606,'11',5,19,1.0,1),(8607,'133',5,21,2.0,1),(8608,'223',5,17,1.0,1),(8609,'203',5,21,1.0,1),(8610,'240',5,20,3.0,1),(8611,'49',5,20,3.0,1),(8612,'191',5,24,1.0,1),(8613,'134',5,19,1.0,1),(8614,'220',5,16,3.0,1),(8615,'70',5,19,3.0,1),(8616,'252',5,24,2.0,1),(8617,'32',5,20,2.0,1),(8618,'16',5,20,2.0,1),(8619,'225',5,18,2.0,1),(8620,'71',5,22,2.0,1),(8621,'90',5,21,2.0,1),(8622,'6',5,24,1.0,1),(8623,'208',5,22,3.0,1),(8624,'180',5,16,1.0,1),(8625,'32',5,24,3.0,1),(8626,'254',5,24,1.0,1),(8627,'168',5,24,2.0,1),(8628,'174',5,23,2.0,1),(8629,'156',5,20,3.0,1),(8630,'96',5,24,3.0,1),(8631,'165',5,21,2.0,1),(8632,'179',5,24,3.0,1),(8633,'217',5,19,2.0,1),(8634,'57',5,17,2.0,1),(8635,'216',5,19,1.0,1),(8636,'197',5,21,1.0,1),(8637,'108',5,19,2.0,1),(8638,'162',5,24,1.0,1),(8639,'137',5,21,3.0,1),(8640,'256',5,16,2.0,1),(8641,'175',5,23,2.0,1),(8642,'153',5,20,1.0,1),(8643,'33',5,24,3.0,1),(8644,'78',5,22,3.0,1),(8645,'2',5,23,1.0,1),(8646,'102',5,22,1.0,1),(8647,'65',5,19,1.0,1),(8648,'189',5,19,1.0,1),(8649,'139',5,17,2.0,1),(8650,'132',5,20,3.0,1),(8651,'58',5,23,1.0,1),(8652,'174',5,19,2.0,1),(8653,'158',5,21,1.0,1),(8654,'68',5,19,2.0,1),(8655,'18',5,18,1.0,1),(8656,'111',5,21,3.0,1),(8657,'34',5,24,3.0,1),(8658,'2',5,16,1.0,1),(8659,'146',5,20,2.0,1),(8660,'182',5,18,1.0,1),(8661,'62',5,21,1.0,1),(8662,'151',5,20,3.0,1),(8663,'32',5,17,2.0,1),(8664,'232',5,20,3.0,1),(8665,'80',5,24,3.0,1),(8666,'174',5,23,3.0,1),(8667,'93',5,22,1.0,1),(8668,'255',5,18,2.0,1),(8669,'92',5,19,3.0,1),(8670,'230',5,19,3.0,1),(8671,'40',5,20,3.0,1),(8672,'236',5,24,2.0,1),(8673,'25',5,19,2.0,1),(8674,'168',5,24,3.0,1),(8675,'10',5,23,3.0,1),(8676,'35',5,20,2.0,1),(8677,'79',5,22,3.0,1),(8678,'212',5,21,2.0,1),(8679,'184',5,19,3.0,1),(8680,'139',5,21,1.0,1),(8681,'102',5,22,2.0,1),(8682,'234',5,23,1.0,1),(8683,'13',5,18,2.0,1),(8684,'227',5,19,2.0,1),(8685,'223',5,23,1.0,1),(8686,'122',5,18,3.0,1),(8687,'257',5,18,2.0,1),(8688,'88',5,20,2.0,1),(8689,'45',5,16,1.0,1),(8690,'216',5,24,3.0,1),(8691,'219',5,16,3.0,1),(8692,'247',5,23,1.0,1),(8693,'30',5,18,3.0,1),(8694,'224',5,19,1.0,1),(8695,'214',5,24,2.0,1),(8696,'150',5,20,1.0,1),(8697,'238',5,20,2.0,1),(8698,'163',5,16,2.0,1),(8699,'177',5,23,3.0,1),(8700,'179',5,17,1.0,1),(8701,'26',5,19,1.0,1),(8702,'222',5,19,1.0,1),(8703,'169',5,20,2.0,1),(8704,'202',5,22,2.0,1),(8705,'107',5,20,1.0,1),(8706,'101',5,17,1.0,1),(8707,'12',5,16,3.0,1),(8708,'36',5,17,3.0,1),(8709,'242',5,21,1.0,1),(8710,'105',5,21,1.0,1),(8711,'104',5,19,1.0,1),(8712,'7',5,16,2.0,1),(8713,'107',5,19,2.0,1),(8714,'83',5,21,2.0,1),(8715,'216',5,21,3.0,1),(8716,'75',5,22,2.0,1),(8717,'232',5,22,2.0,1),(8718,'172',5,21,1.0,1),(8719,'74',5,16,2.0,1),(8720,'169',5,20,2.0,1),(8721,'78',5,19,3.0,1),(8722,'50',5,20,2.0,1),(8723,'126',5,20,2.0,1),(8724,'91',5,19,2.0,1),(8725,'208',5,20,1.0,1),(8726,'158',5,24,3.0,1),(8727,'11',5,21,1.0,1),(8728,'215',5,23,3.0,1),(8729,'101',5,23,2.0,1),(8730,'145',5,17,1.0,1),(8731,'12',5,23,3.0,1),(8732,'121',5,19,2.0,1),(8733,'191',5,22,2.0,1),(8734,'3',5,23,1.0,1),(8735,'141',5,19,2.0,1),(8736,'35',5,22,3.0,1),(8737,'31',5,18,3.0,1),(8738,'85',5,19,3.0,1),(8739,'185',5,20,1.0,1),(8740,'130',5,16,1.0,1),(8741,'83',5,17,1.0,1),(8742,'130',5,24,3.0,1),(8743,'59',5,17,2.0,1),(8744,'166',5,22,2.0,1),(8745,'143',5,20,2.0,1),(8746,'222',5,19,3.0,1),(8747,'194',5,16,2.0,1),(8748,'216',5,19,1.0,1),(8749,'246',5,17,1.0,1),(8750,'43',5,17,1.0,1),(8751,'164',5,23,2.0,1),(8752,'114',5,16,2.0,1),(8753,'102',5,20,1.0,1),(8754,'60',5,24,1.0,1),(8755,'195',5,21,2.0,1),(8756,'219',5,16,1.0,1),(8757,'5',5,23,2.0,1),(8758,'9',5,18,2.0,1),(8759,'46',5,22,3.0,1),(8760,'210',5,16,1.0,1),(8761,'107',5,24,1.0,1),(8762,'3',5,23,2.0,1),(8763,'245',5,20,1.0,1),(8764,'119',5,24,1.0,1),(8765,'71',5,23,3.0,1),(8766,'217',5,21,3.0,1),(8767,'82',5,24,1.0,1),(8768,'11',5,21,1.0,1),(8769,'173',5,24,1.0,1),(8770,'225',5,23,2.0,1),(8771,'22',5,23,2.0,1),(8772,'223',5,24,2.0,1),(8773,'80',5,21,2.0,1),(8774,'237',5,17,2.0,1),(8775,'256',5,18,3.0,1),(8776,'257',5,23,1.0,1),(8777,'249',5,20,2.0,1),(8778,'65',5,20,2.0,1),(8779,'174',5,19,3.0,1),(8780,'20',5,23,2.0,1),(8781,'113',5,19,1.0,1),(8782,'103',5,19,3.0,1),(8783,'147',5,16,3.0,1),(8784,'215',5,16,1.0,1),(8785,'32',5,23,3.0,1),(8786,'80',5,24,2.0,1),(8787,'254',5,21,2.0,1),(8788,'189',5,21,3.0,1),(8789,'43',5,20,2.0,1),(8790,'126',5,21,3.0,1),(8791,'186',5,20,2.0,1),(8792,'56',5,19,3.0,1),(8793,'206',5,23,1.0,1),(8794,'91',5,23,2.0,1),(8795,'227',5,17,3.0,1),(8796,'45',5,23,1.0,1),(8797,'36',5,16,1.0,1),(8798,'253',5,16,3.0,1),(8799,'252',5,20,1.0,1),(8800,'190',5,19,1.0,1),(8801,'208',5,20,3.0,1),(8802,'93',5,24,3.0,1),(8803,'239',5,17,1.0,1),(8804,'113',5,23,2.0,1),(8805,'131',5,24,1.0,1),(8806,'48',5,24,3.0,1),(8807,'67',5,24,1.0,1),(8808,'114',5,16,2.0,1),(8809,'48',5,16,2.0,1),(8810,'217',5,22,1.0,1),(8811,'250',5,24,2.0,1),(8812,'1',5,24,1.0,1),(8813,'113',5,21,3.0,1),(8814,'30',5,23,3.0,1),(8815,'130',5,23,1.0,1),(8816,'185',5,17,1.0,1),(8817,'93',5,24,2.0,1),(8818,'67',5,19,1.0,1),(8819,'252',5,17,3.0,1),(8820,'67',5,20,1.0,1),(8821,'197',5,20,1.0,1),(8822,'231',5,16,2.0,1),(8823,'37',5,21,3.0,1),(8824,'51',5,16,2.0,1),(8825,'235',5,24,1.0,1),(8826,'87',5,18,2.0,1),(8827,'72',5,17,1.0,1),(8828,'165',5,22,3.0,1),(8829,'12',5,20,1.0,1),(8830,'44',5,16,1.0,1),(8831,'172',5,17,1.0,1),(8832,'196',5,21,1.0,1),(8833,'121',5,18,2.0,1),(8834,'86',5,21,2.0,1),(8835,'71',5,22,3.0,1),(8836,'229',5,20,3.0,1),(8837,'168',5,17,1.0,1),(8838,'106',5,22,1.0,1),(8839,'225',5,16,1.0,1),(8840,'21',5,20,1.0,1),(8841,'177',5,23,2.0,1),(8842,'113',5,23,3.0,1),(8843,'90',5,16,3.0,1),(8844,'66',5,21,3.0,1),(8845,'74',5,16,3.0,1),(8846,'185',5,21,3.0,1),(8847,'90',5,24,1.0,1),(8848,'153',5,20,1.0,1),(8849,'36',5,19,1.0,1),(8850,'48',5,19,2.0,1),(8851,'142',5,24,3.0,1),(8852,'238',5,16,3.0,1),(8853,'77',5,21,3.0,1),(8854,'136',5,19,2.0,1),(8855,'114',5,21,1.0,1),(8856,'213',5,17,3.0,1),(8857,'31',5,17,3.0,1),(8858,'260',5,24,2.0,1),(8859,'209',5,23,3.0,1),(8860,'90',5,23,2.0,1),(8861,'73',5,20,2.0,1),(8862,'33',5,20,1.0,1),(8863,'79',5,18,3.0,1),(8864,'44',5,24,3.0,1),(8865,'48',5,20,1.0,1),(8866,'13',5,20,3.0,1),(8867,'187',5,20,2.0,1),(8868,'120',5,24,3.0,1),(8869,'164',5,23,3.0,1),(8870,'181',5,20,3.0,1),(8871,'175',5,22,1.0,1),(8872,'141',5,20,2.0,1),(8873,'9',5,23,2.0,1),(8874,'60',5,24,1.0,1),(8875,'225',5,21,3.0,1),(8876,'58',5,17,1.0,1),(8877,'206',5,24,1.0,1),(8878,'141',5,19,2.0,1),(8879,'139',5,19,3.0,1),(8880,'65',5,17,2.0,1),(8881,'137',5,21,2.0,1),(8882,'184',5,20,1.0,1),(8883,'178',5,16,3.0,1),(8884,'50',5,20,2.0,1),(8885,'260',5,21,2.0,1),(8886,'184',5,16,1.0,1),(8887,'36',5,24,2.0,1),(8888,'227',5,22,2.0,1),(8889,'36',5,23,1.0,1),(8890,'11',5,24,3.0,1),(8891,'239',5,16,3.0,1),(8892,'223',5,17,2.0,1),(8893,'88',5,23,1.0,1),(8894,'142',5,22,3.0,1),(8895,'20',5,20,2.0,1),(8896,'122',5,24,3.0,1),(8897,'193',5,20,3.0,1),(8898,'136',5,20,3.0,1),(8899,'70',5,21,2.0,1),(8900,'44',5,22,2.0,1),(8901,'11',5,16,3.0,1),(8902,'206',5,20,3.0,1),(8903,'250',5,23,1.0,1),(8904,'220',5,21,1.0,1),(8905,'187',5,21,2.0,1),(8906,'135',5,17,2.0,1),(8907,'209',5,20,3.0,1),(8908,'48',5,20,1.0,1),(8909,'5',5,20,3.0,1),(8910,'158',5,17,2.0,1),(8911,'140',5,22,1.0,1),(8912,'231',5,21,3.0,1),(8913,'26',5,23,1.0,1),(8914,'83',5,20,2.0,1),(8915,'210',5,21,1.0,1),(8916,'244',5,17,3.0,1),(8917,'79',5,18,2.0,1),(8918,'79',5,22,2.0,1),(8919,'228',5,23,2.0,1),(8920,'197',5,21,1.0,1),(8921,'42',5,21,3.0,1),(8922,'35',5,16,1.0,1),(8923,'162',5,19,1.0,1),(8924,'114',5,17,3.0,1),(8925,'245',5,16,1.0,1),(8926,'211',5,24,1.0,1),(8927,'156',5,20,2.0,1),(8928,'95',5,24,2.0,1),(8929,'145',5,16,1.0,1),(8930,'222',5,16,1.0,1),(8931,'39',5,24,3.0,1),(8932,'214',5,23,3.0,1),(8933,'251',5,18,3.0,1),(8934,'182',5,16,3.0,1),(8935,'42',5,16,2.0,1),(8936,'235',5,19,1.0,1),(8937,'137',5,17,2.0,1),(8938,'259',5,24,1.0,1),(8939,'248',5,22,2.0,1),(8940,'69',5,23,2.0,1),(8941,'47',5,16,3.0,1),(8942,'122',5,17,1.0,1),(8943,'39',5,16,2.0,1),(8944,'22',5,20,2.0,1),(8945,'130',5,18,3.0,1),(8946,'246',5,21,3.0,1),(8947,'105',5,19,3.0,1),(8948,'143',5,23,3.0,1),(8949,'166',5,19,2.0,1),(8950,'151',5,19,3.0,1),(8951,'51',5,23,1.0,1),(8952,'128',5,24,1.0,1),(8953,'11',5,20,3.0,1),(8954,'168',5,23,3.0,1),(8955,'58',5,20,3.0,1),(8956,'40',5,17,2.0,1),(8957,'191',5,21,2.0,1),(8958,'223',5,20,1.0,1),(8959,'100',5,22,1.0,1),(8960,'12',5,24,1.0,1),(8961,'1',5,24,1.0,1),(8962,'61',5,24,3.0,1),(8963,'204',5,19,2.0,1),(8964,'101',5,16,3.0,1),(8965,'152',5,23,2.0,1),(8966,'133',5,16,2.0,1),(8967,'233',5,16,3.0,1),(8968,'150',5,17,2.0,1),(8969,'121',5,17,2.0,1),(8970,'96',5,16,3.0,1),(8971,'61',5,23,3.0,1),(8972,'106',5,24,2.0,1),(8973,'15',5,21,1.0,1),(8974,'93',5,24,2.0,1),(8975,'256',5,20,3.0,1),(8976,'218',5,24,3.0,1),(8977,'92',5,18,1.0,1),(8978,'233',5,19,2.0,1),(8979,'88',5,22,2.0,1),(8980,'169',5,21,1.0,1),(8981,'44',5,24,2.0,1),(8982,'59',5,17,1.0,1),(8983,'186',5,16,1.0,1),(8984,'176',5,24,1.0,1),(8985,'194',5,19,3.0,1),(8986,'16',5,21,2.0,1),(8987,'245',5,19,3.0,1),(8988,'253',5,24,3.0,1),(8989,'35',5,20,1.0,1),(8990,'102',5,23,1.0,1),(8991,'18',5,16,3.0,1),(8992,'66',5,20,3.0,1),(8993,'88',5,24,3.0,1),(8994,'211',5,24,1.0,1),(8995,'115',5,21,1.0,1),(8996,'62',5,24,2.0,1),(8997,'256',5,20,1.0,1),(8998,'188',5,23,1.0,1),(8999,'82',5,23,3.0,1),(9000,'104',5,23,1.0,1),(9001,'121',6,17,2.0,1),(9002,'181',6,23,1.0,1),(9003,'76',6,19,2.0,1),(9004,'102',6,19,1.0,1),(9005,'91',6,24,1.0,1),(9006,'252',6,18,3.0,1),(9007,'133',6,16,3.0,1),(9008,'242',6,16,2.0,1),(9009,'91',6,20,1.0,1),(9010,'150',6,19,1.0,1),(9011,'215',6,24,2.0,1),(9012,'225',6,18,2.0,1),(9013,'148',6,22,2.0,1),(9014,'223',6,16,1.0,1),(9015,'132',6,23,3.0,1),(9016,'103',6,17,1.0,1),(9017,'16',6,16,3.0,1),(9018,'79',6,19,2.0,1),(9019,'111',6,18,3.0,1),(9020,'56',6,16,1.0,1),(9021,'256',6,22,3.0,1),(9022,'34',6,16,2.0,1),(9023,'254',6,16,3.0,1),(9024,'204',6,20,2.0,1),(9025,'208',6,17,2.0,1),(9026,'62',6,22,1.0,1),(9027,'112',6,19,1.0,1),(9028,'73',6,17,1.0,1),(9029,'115',6,24,2.0,1),(9030,'195',6,21,1.0,1),(9031,'178',6,22,2.0,1),(9032,'206',6,17,2.0,1),(9033,'92',6,21,2.0,1),(9034,'102',6,23,3.0,1),(9035,'184',6,23,1.0,1),(9036,'187',6,16,1.0,1),(9037,'75',6,16,1.0,1),(9038,'249',6,16,3.0,1),(9039,'54',6,24,1.0,1),(9040,'53',6,23,3.0,1),(9041,'100',6,21,2.0,1),(9042,'97',6,20,2.0,1),(9043,'2',6,17,2.0,1),(9044,'242',6,22,1.0,1),(9045,'119',6,23,3.0,1),(9046,'24',6,17,2.0,1),(9047,'204',6,23,3.0,1),(9048,'108',6,16,1.0,1),(9049,'38',6,19,3.0,1),(9050,'225',6,23,1.0,1),(9051,'122',6,23,2.0,1),(9052,'255',6,19,3.0,1),(9053,'25',6,24,2.0,1),(9054,'13',6,24,2.0,1),(9055,'114',6,24,1.0,1),(9056,'121',6,22,1.0,1),(9057,'203',6,17,3.0,1),(9058,'144',6,22,3.0,1),(9059,'33',6,20,3.0,1),(9060,'231',6,22,3.0,1),(9061,'4',6,16,1.0,1),(9062,'41',6,18,1.0,1),(9063,'223',6,21,1.0,1),(9064,'230',6,19,1.0,1),(9065,'183',6,24,1.0,1),(9066,'229',6,17,3.0,1),(9067,'170',6,17,1.0,1),(9068,'12',6,21,1.0,1),(9069,'34',6,17,1.0,1),(9070,'24',6,21,2.0,1),(9071,'14',6,21,1.0,1),(9072,'124',6,19,2.0,1),(9073,'226',6,21,2.0,1),(9074,'76',6,16,1.0,1),(9075,'20',6,23,2.0,1),(9076,'63',6,17,3.0,1),(9077,'69',6,21,3.0,1),(9078,'204',6,19,2.0,1),(9079,'94',6,16,2.0,1),(9080,'67',6,23,3.0,1),(9081,'82',6,21,2.0,1),(9082,'102',6,24,3.0,1),(9083,'139',6,16,2.0,1),(9084,'100',6,21,3.0,1),(9085,'18',6,22,2.0,1),(9086,'67',6,19,2.0,1),(9087,'59',6,20,2.0,1),(9088,'151',6,19,3.0,1),(9089,'185',6,23,3.0,1),(9090,'83',6,19,1.0,1),(9091,'110',6,21,3.0,1),(9092,'134',6,20,1.0,1),(9093,'105',6,21,3.0,1),(9094,'28',6,17,3.0,1),(9095,'49',6,23,1.0,1),(9096,'43',6,23,2.0,1),(9097,'226',6,23,3.0,1),(9098,'232',6,16,2.0,1),(9099,'128',6,16,1.0,1),(9100,'54',6,23,1.0,1),(9101,'8',6,17,2.0,1),(9102,'130',6,22,2.0,1),(9103,'69',6,21,2.0,1),(9104,'29',6,24,3.0,1),(9105,'51',6,24,1.0,1),(9106,'6',6,19,1.0,1),(9107,'71',6,16,1.0,1),(9108,'177',6,16,2.0,1),(9109,'257',6,17,1.0,1),(9110,'201',6,24,2.0,1),(9111,'104',6,21,1.0,1),(9112,'189',6,24,3.0,1),(9113,'2',6,24,1.0,1),(9114,'178',6,17,2.0,1),(9115,'200',6,17,2.0,1),(9116,'245',6,19,2.0,1),(9117,'40',6,22,3.0,1),(9118,'118',6,18,3.0,1),(9119,'241',6,19,2.0,1),(9120,'124',6,19,2.0,1),(9121,'109',6,19,2.0,1),(9122,'67',6,23,3.0,1),(9123,'165',6,16,1.0,1),(9124,'207',6,20,3.0,1),(9125,'75',6,21,1.0,1),(9126,'15',6,23,3.0,1),(9127,'17',6,19,2.0,1),(9128,'150',6,21,1.0,1),(9129,'158',6,16,3.0,1),(9130,'225',6,23,2.0,1),(9131,'134',6,20,1.0,1),(9132,'97',6,24,2.0,1),(9133,'218',6,16,1.0,1),(9134,'144',6,19,2.0,1),(9135,'27',6,16,1.0,1),(9136,'61',6,21,2.0,1),(9137,'155',6,21,3.0,1),(9138,'40',6,20,1.0,1),(9139,'151',6,19,2.0,1),(9140,'140',6,21,1.0,1),(9141,'42',6,17,3.0,1),(9142,'87',6,21,1.0,1),(9143,'193',6,17,1.0,1),(9144,'74',6,19,1.0,1),(9145,'45',6,18,3.0,1),(9146,'122',6,18,3.0,1),(9147,'244',6,16,3.0,1),(9148,'105',6,16,2.0,1),(9149,'100',6,17,1.0,1),(9150,'140',6,24,2.0,1),(9151,'257',6,18,3.0,1),(9152,'197',6,24,2.0,1),(9153,'119',6,16,3.0,1),(9154,'16',6,18,2.0,1),(9155,'146',6,17,1.0,1),(9156,'228',6,24,3.0,1),(9157,'213',6,16,1.0,1),(9158,'108',6,16,3.0,1),(9159,'83',6,20,3.0,1),(9160,'16',6,16,3.0,1),(9161,'29',6,20,3.0,1),(9162,'111',6,24,3.0,1),(9163,'48',6,24,1.0,1),(9164,'18',6,16,1.0,1),(9165,'225',6,16,3.0,1),(9166,'128',6,19,3.0,1),(9167,'257',6,17,3.0,1),(9168,'135',6,24,2.0,1),(9169,'85',6,17,1.0,1),(9170,'109',6,17,3.0,1),(9171,'230',6,18,1.0,1),(9172,'79',6,17,2.0,1),(9173,'254',6,16,1.0,1),(9174,'56',6,16,1.0,1),(9175,'117',6,22,1.0,1),(9176,'21',6,24,2.0,1),(9177,'146',6,16,2.0,1),(9178,'115',6,16,3.0,1),(9179,'207',6,16,1.0,1),(9180,'193',6,22,2.0,1),(9181,'140',6,16,3.0,1),(9182,'159',6,23,1.0,1),(9183,'197',6,19,1.0,1),(9184,'146',6,18,1.0,1),(9185,'39',6,24,2.0,1),(9186,'150',6,24,1.0,1),(9187,'229',6,21,3.0,1),(9188,'246',6,23,1.0,1),(9189,'241',6,21,2.0,1),(9190,'115',6,24,2.0,1),(9191,'13',6,17,2.0,1),(9192,'5',6,21,1.0,1),(9193,'84',6,21,3.0,1),(9194,'251',6,16,1.0,1),(9195,'154',6,21,3.0,1),(9196,'180',6,23,2.0,1),(9197,'152',6,24,1.0,1),(9198,'104',6,19,3.0,1),(9199,'22',6,20,3.0,1),(9200,'152',6,20,2.0,1),(9201,'18',6,17,2.0,1),(9202,'111',6,24,3.0,1),(9203,'220',6,19,1.0,1),(9204,'56',6,16,1.0,1),(9205,'214',6,17,1.0,1),(9206,'87',6,21,1.0,1),(9207,'121',6,19,3.0,1),(9208,'52',6,24,2.0,1),(9209,'16',6,22,3.0,1),(9210,'241',6,20,1.0,1),(9211,'252',6,24,3.0,1),(9212,'47',6,19,2.0,1),(9213,'126',6,23,2.0,1),(9214,'154',6,24,1.0,1),(9215,'156',6,23,1.0,1),(9216,'17',6,16,1.0,1),(9217,'98',6,17,3.0,1),(9218,'67',6,16,1.0,1),(9219,'12',6,17,1.0,1),(9220,'1',6,17,2.0,1),(9221,'233',6,17,3.0,1),(9222,'223',6,20,1.0,1),(9223,'36',6,16,2.0,1),(9224,'101',6,24,2.0,1),(9225,'114',6,20,3.0,1),(9226,'165',6,19,2.0,1),(9227,'10',6,20,1.0,1),(9228,'122',6,21,3.0,1),(9229,'144',6,20,1.0,1),(9230,'228',6,18,1.0,1),(9231,'52',6,20,1.0,1),(9232,'143',6,16,1.0,1),(9233,'72',6,24,2.0,1),(9234,'82',6,21,3.0,1),(9235,'201',6,22,2.0,1),(9236,'137',6,21,2.0,1),(9237,'48',6,24,3.0,1),(9238,'196',6,19,3.0,1),(9239,'206',6,23,2.0,1),(9240,'52',6,23,3.0,1),(9241,'60',6,23,3.0,1),(9242,'15',6,23,2.0,1),(9243,'233',6,24,3.0,1),(9244,'180',6,22,2.0,1),(9245,'79',6,21,2.0,1),(9246,'77',6,24,2.0,1),(9247,'220',6,19,3.0,1),(9248,'253',6,21,3.0,1),(9249,'87',6,21,1.0,1),(9250,'215',6,19,2.0,1),(9251,'118',6,20,3.0,1),(9252,'1',6,23,1.0,1),(9253,'17',6,24,3.0,1),(9254,'11',6,17,1.0,1),(9255,'39',6,20,3.0,1),(9256,'232',6,23,3.0,1),(9257,'230',6,18,2.0,1),(9258,'150',6,20,2.0,1),(9259,'152',6,21,3.0,1),(9260,'90',6,24,2.0,1),(9261,'215',6,18,3.0,1),(9262,'86',6,21,1.0,1),(9263,'132',6,21,3.0,1),(9264,'141',6,16,2.0,1),(9265,'121',6,17,2.0,1),(9266,'41',6,23,1.0,1),(9267,'125',6,17,3.0,1),(9268,'98',6,23,3.0,1),(9269,'18',6,16,3.0,1),(9270,'82',6,24,1.0,1),(9271,'229',6,20,2.0,1),(9272,'230',6,17,3.0,1),(9273,'187',6,24,1.0,1),(9274,'18',6,22,1.0,1),(9275,'194',6,21,2.0,1),(9276,'146',6,18,3.0,1),(9277,'51',6,17,2.0,1),(9278,'170',6,21,2.0,1),(9279,'104',6,23,1.0,1),(9280,'255',6,21,1.0,1),(9281,'131',6,21,2.0,1),(9282,'156',6,20,3.0,1),(9283,'5',6,16,3.0,1),(9284,'51',6,22,2.0,1),(9285,'230',6,24,2.0,1),(9286,'132',6,24,3.0,1),(9287,'108',6,22,2.0,1),(9288,'65',6,24,3.0,1),(9289,'83',6,16,1.0,1),(9290,'10',6,22,3.0,1),(9291,'29',6,24,2.0,1),(9292,'142',6,22,3.0,1),(9293,'249',6,19,3.0,1),(9294,'96',6,23,2.0,1),(9295,'92',6,24,3.0,1),(9296,'196',6,18,3.0,1),(9297,'219',6,24,1.0,1),(9298,'182',6,17,1.0,1),(9299,'62',6,22,3.0,1),(9300,'105',6,19,3.0,1),(9301,'224',6,16,2.0,1),(9302,'165',6,20,1.0,1),(9303,'137',6,24,2.0,1),(9304,'203',6,22,3.0,1),(9305,'222',6,19,2.0,1),(9306,'69',6,21,2.0,1),(9307,'127',6,17,1.0,1),(9308,'149',6,20,2.0,1),(9309,'64',6,20,1.0,1),(9310,'260',6,21,2.0,1),(9311,'53',6,21,1.0,1),(9312,'178',6,24,2.0,1),(9313,'106',6,17,1.0,1),(9314,'74',6,20,2.0,1),(9315,'185',6,20,3.0,1),(9316,'166',6,20,1.0,1),(9317,'235',6,17,1.0,1),(9318,'188',6,16,1.0,1),(9319,'97',6,16,2.0,1),(9320,'109',6,24,1.0,1),(9321,'74',6,24,1.0,1),(9322,'75',6,24,2.0,1),(9323,'152',6,21,1.0,1),(9324,'216',6,16,1.0,1),(9325,'240',6,18,1.0,1),(9326,'255',6,20,1.0,1),(9327,'33',6,18,2.0,1),(9328,'94',6,16,1.0,1),(9329,'30',6,16,2.0,1),(9330,'31',6,22,3.0,1),(9331,'238',6,21,1.0,1),(9332,'51',6,22,2.0,1),(9333,'60',6,21,1.0,1),(9334,'163',6,23,3.0,1),(9335,'83',6,20,1.0,1),(9336,'69',6,20,1.0,1),(9337,'115',6,24,1.0,1),(9338,'160',6,22,1.0,1),(9339,'3',6,20,2.0,1),(9340,'207',6,17,3.0,1),(9341,'218',6,23,2.0,1),(9342,'249',6,16,2.0,1),(9343,'232',6,19,2.0,1),(9344,'116',6,24,2.0,1),(9345,'233',6,24,1.0,1),(9346,'113',6,17,2.0,1),(9347,'251',6,21,1.0,1),(9348,'252',6,19,3.0,1),(9349,'69',6,17,1.0,1),(9350,'242',6,22,3.0,1),(9351,'141',6,21,2.0,1),(9352,'218',6,20,2.0,1),(9353,'148',6,21,3.0,1),(9354,'205',6,16,3.0,1),(9355,'156',6,18,3.0,1),(9356,'83',6,19,1.0,1),(9357,'247',6,17,3.0,1),(9358,'170',6,23,3.0,1),(9359,'256',6,17,1.0,1),(9360,'139',6,24,1.0,1),(9361,'61',6,24,3.0,1),(9362,'111',6,16,2.0,1),(9363,'245',6,23,1.0,1),(9364,'56',6,16,3.0,1),(9365,'120',6,21,3.0,1),(9366,'18',6,21,3.0,1),(9367,'148',6,21,3.0,1),(9368,'184',6,23,2.0,1),(9369,'7',6,23,3.0,1),(9370,'171',6,16,3.0,1),(9371,'259',6,18,1.0,1),(9372,'222',6,23,2.0,1),(9373,'249',6,24,1.0,1),(9374,'247',6,19,2.0,1),(9375,'95',6,24,1.0,1),(9376,'97',6,18,1.0,1),(9377,'110',6,16,2.0,1),(9378,'45',6,18,1.0,1),(9379,'141',6,22,1.0,1),(9380,'151',6,21,3.0,1),(9381,'1',6,17,1.0,1),(9382,'138',6,16,3.0,1),(9383,'96',6,22,1.0,1),(9384,'46',6,20,3.0,1),(9385,'1',6,19,3.0,1),(9386,'6',6,18,3.0,1),(9387,'142',6,19,3.0,1),(9388,'72',6,19,2.0,1),(9389,'161',6,21,1.0,1),(9390,'234',6,23,2.0,1),(9391,'165',6,23,3.0,1),(9392,'250',6,22,3.0,1),(9393,'28',6,24,3.0,1),(9394,'106',6,19,2.0,1),(9395,'254',6,22,2.0,1),(9396,'104',6,17,3.0,1),(9397,'133',6,23,1.0,1),(9398,'54',6,17,3.0,1),(9399,'114',6,23,2.0,1),(9400,'91',6,19,2.0,1),(9401,'222',6,21,1.0,1),(9402,'230',6,16,1.0,1),(9403,'63',6,21,1.0,1),(9404,'161',6,23,1.0,1),(9405,'23',6,24,3.0,1),(9406,'103',6,16,3.0,1),(9407,'14',6,17,3.0,1),(9408,'45',6,24,1.0,1),(9409,'254',6,17,1.0,1),(9410,'72',6,18,1.0,1),(9411,'83',6,21,1.0,1),(9412,'129',6,21,1.0,1),(9413,'85',6,22,2.0,1),(9414,'206',6,22,1.0,1),(9415,'245',6,17,2.0,1),(9416,'251',6,17,2.0,1),(9417,'95',6,21,1.0,1),(9418,'2',6,24,2.0,1),(9419,'166',6,19,1.0,1),(9420,'208',6,21,2.0,1),(9421,'125',6,22,3.0,1),(9422,'43',6,20,2.0,1),(9423,'51',6,23,3.0,1),(9424,'121',6,16,3.0,1),(9425,'58',6,17,2.0,1),(9426,'130',6,20,2.0,1),(9427,'49',6,17,2.0,1),(9428,'88',6,18,2.0,1),(9429,'180',6,24,1.0,1),(9430,'210',6,16,3.0,1),(9431,'170',6,19,2.0,1),(9432,'50',6,17,2.0,1),(9433,'203',6,23,3.0,1),(9434,'141',6,21,3.0,1),(9435,'177',6,20,3.0,1),(9436,'85',6,23,3.0,1),(9437,'230',6,23,3.0,1),(9438,'63',6,19,3.0,1),(9439,'45',6,19,1.0,1),(9440,'245',6,21,2.0,1),(9441,'78',6,20,2.0,1),(9442,'95',6,16,3.0,1),(9443,'137',6,18,2.0,1),(9444,'93',6,21,2.0,1),(9445,'71',6,16,1.0,1),(9446,'238',6,22,2.0,1),(9447,'172',6,24,3.0,1),(9448,'141',6,17,3.0,1),(9449,'32',6,21,3.0,1),(9450,'82',6,23,2.0,1),(9451,'34',6,20,3.0,1),(9452,'126',6,21,1.0,1),(9453,'239',6,21,3.0,1),(9454,'193',6,22,1.0,1),(9455,'225',6,24,1.0,1),(9456,'190',6,24,3.0,1),(9457,'186',6,23,2.0,1),(9458,'132',6,18,3.0,1),(9459,'31',6,17,1.0,1),(9460,'108',6,19,3.0,1),(9461,'149',6,24,2.0,1),(9462,'40',6,17,3.0,1),(9463,'244',6,24,2.0,1),(9464,'144',6,24,2.0,1),(9465,'167',6,20,1.0,1),(9466,'219',6,20,1.0,1),(9467,'48',6,16,1.0,1),(9468,'243',6,18,3.0,1),(9469,'194',6,24,1.0,1),(9470,'198',6,20,2.0,1),(9471,'161',6,23,2.0,1),(9472,'150',6,17,2.0,1),(9473,'11',6,19,3.0,1),(9474,'79',6,19,3.0,1),(9475,'178',6,22,2.0,1),(9476,'257',6,19,2.0,1),(9477,'249',6,19,3.0,1),(9478,'63',6,22,1.0,1),(9479,'239',6,16,2.0,1),(9480,'25',6,19,1.0,1),(9481,'207',6,16,2.0,1),(9482,'193',6,17,1.0,1),(9483,'80',6,17,3.0,1),(9484,'172',6,17,3.0,1),(9485,'169',6,16,3.0,1),(9486,'58',6,22,3.0,1),(9487,'76',6,20,1.0,1),(9488,'41',6,20,2.0,1),(9489,'19',6,20,3.0,1),(9490,'87',6,20,3.0,1),(9491,'38',6,21,1.0,1),(9492,'122',6,19,2.0,1),(9493,'83',6,17,2.0,1),(9494,'242',6,23,2.0,1),(9495,'252',6,19,1.0,1),(9496,'229',6,21,1.0,1),(9497,'204',6,24,2.0,1),(9498,'223',6,18,2.0,1),(9499,'159',6,17,1.0,1),(9500,'42',6,21,3.0,1),(9501,'48',6,21,1.0,1),(9502,'161',6,23,1.0,1),(9503,'156',6,24,3.0,1),(9504,'40',6,21,2.0,1),(9505,'56',6,24,1.0,1),(9506,'81',6,19,3.0,1),(9507,'28',6,22,1.0,1),(9508,'202',6,24,1.0,1),(9509,'19',6,19,1.0,1),(9510,'186',6,23,1.0,1),(9511,'67',6,19,1.0,1),(9512,'115',6,16,1.0,1),(9513,'179',6,20,2.0,1),(9514,'38',6,24,3.0,1),(9515,'37',6,20,3.0,1),(9516,'122',6,17,2.0,1),(9517,'233',6,22,3.0,1),(9518,'109',6,19,1.0,1),(9519,'209',6,16,2.0,1),(9520,'53',6,20,2.0,1),(9521,'194',6,19,2.0,1),(9522,'38',6,16,2.0,1),(9523,'36',6,24,1.0,1),(9524,'197',6,24,2.0,1),(9525,'218',6,23,1.0,1),(9526,'167',6,21,1.0,1),(9527,'160',6,17,1.0,1),(9528,'16',6,24,2.0,1),(9529,'5',6,22,1.0,1),(9530,'205',6,23,1.0,1),(9531,'108',6,23,2.0,1),(9532,'45',6,23,1.0,1),(9533,'192',6,24,3.0,1),(9534,'116',6,22,1.0,1),(9535,'236',6,17,1.0,1),(9536,'45',6,23,2.0,1),(9537,'234',6,23,1.0,1),(9538,'41',6,16,2.0,1),(9539,'189',6,19,2.0,1),(9540,'135',6,19,1.0,1),(9541,'182',6,24,3.0,1),(9542,'211',6,16,1.0,1),(9543,'240',6,18,3.0,1),(9544,'34',6,23,3.0,1),(9545,'234',6,22,3.0,1),(9546,'125',6,16,2.0,1),(9547,'78',6,17,2.0,1),(9548,'59',6,17,2.0,1),(9549,'130',6,20,3.0,1),(9550,'95',6,23,1.0,1),(9551,'167',6,21,3.0,1),(9552,'50',6,18,3.0,1),(9553,'203',6,22,2.0,1),(9554,'81',6,16,1.0,1),(9555,'137',6,18,1.0,1),(9556,'116',6,20,3.0,1),(9557,'82',6,21,1.0,1),(9558,'175',6,23,3.0,1),(9559,'18',6,19,1.0,1),(9560,'195',6,16,2.0,1),(9561,'210',6,24,2.0,1),(9562,'61',6,19,2.0,1),(9563,'58',6,20,2.0,1),(9564,'164',6,24,3.0,1),(9565,'249',6,19,1.0,1),(9566,'38',6,22,3.0,1),(9567,'51',6,19,3.0,1),(9568,'150',6,16,2.0,1),(9569,'185',6,21,1.0,1),(9570,'110',6,21,3.0,1),(9571,'75',6,23,1.0,1),(9572,'98',6,22,1.0,1),(9573,'254',6,23,1.0,1),(9574,'92',6,18,1.0,1),(9575,'121',6,22,1.0,1),(9576,'228',6,16,3.0,1),(9577,'54',6,21,2.0,1),(9578,'153',6,16,3.0,1),(9579,'4',6,21,3.0,1),(9580,'27',6,19,1.0,1),(9581,'257',6,23,3.0,1),(9582,'150',6,23,2.0,1),(9583,'238',6,16,1.0,1),(9584,'204',6,20,3.0,1),(9585,'144',6,19,2.0,1),(9586,'121',6,20,1.0,1),(9587,'259',6,16,2.0,1),(9588,'219',6,20,3.0,1),(9589,'203',6,19,3.0,1),(9590,'156',6,17,2.0,1),(9591,'49',6,23,3.0,1),(9592,'32',6,21,3.0,1),(9593,'198',6,24,1.0,1),(9594,'126',6,24,1.0,1),(9595,'151',6,21,3.0,1),(9596,'12',6,23,3.0,1),(9597,'118',6,24,2.0,1),(9598,'102',6,24,1.0,1),(9599,'83',6,24,3.0,1),(9600,'232',6,16,2.0,1),(9601,'199',6,17,3.0,1),(9602,'17',6,18,3.0,1),(9603,'80',6,21,2.0,1),(9604,'173',6,23,3.0,1),(9605,'88',6,23,1.0,1),(9606,'104',6,24,3.0,1),(9607,'73',6,17,1.0,1),(9608,'148',6,19,3.0,1),(9609,'38',6,17,1.0,1),(9610,'237',6,23,3.0,1),(9611,'2',6,18,1.0,1),(9612,'195',6,19,2.0,1),(9613,'148',6,24,1.0,1),(9614,'63',6,17,2.0,1),(9615,'118',6,19,2.0,1),(9616,'21',6,18,3.0,1),(9617,'258',6,19,2.0,1),(9618,'139',6,23,1.0,1),(9619,'161',6,19,2.0,1),(9620,'53',6,24,1.0,1),(9621,'181',6,24,2.0,1),(9622,'148',6,24,1.0,1),(9623,'128',6,21,3.0,1),(9624,'3',6,18,1.0,1),(9625,'200',6,17,3.0,1),(9626,'191',6,21,1.0,1),(9627,'223',6,16,2.0,1),(9628,'90',6,22,3.0,1),(9629,'192',6,22,2.0,1),(9630,'83',6,24,3.0,1),(9631,'144',6,22,1.0,1),(9632,'93',6,16,2.0,1),(9633,'255',6,20,2.0,1),(9634,'210',6,20,2.0,1),(9635,'76',6,21,2.0,1),(9636,'50',6,24,3.0,1),(9637,'176',6,19,2.0,1),(9638,'208',6,16,1.0,1),(9639,'94',6,24,3.0,1),(9640,'247',6,24,2.0,1),(9641,'62',6,22,3.0,1),(9642,'56',6,22,3.0,1),(9643,'162',6,19,1.0,1),(9644,'49',6,19,2.0,1),(9645,'248',6,16,3.0,1),(9646,'109',6,20,2.0,1),(9647,'14',6,21,1.0,1),(9648,'47',6,17,3.0,1),(9649,'10',6,22,3.0,1),(9650,'56',6,16,1.0,1),(9651,'99',6,23,3.0,1),(9652,'190',6,18,1.0,1),(9653,'116',6,21,2.0,1),(9654,'38',6,24,2.0,1),(9655,'8',6,17,2.0,1),(9656,'172',6,17,1.0,1),(9657,'193',6,23,3.0,1),(9658,'9',6,19,3.0,1),(9659,'205',6,24,1.0,1),(9660,'225',6,23,2.0,1),(9661,'221',6,17,2.0,1),(9662,'226',6,20,3.0,1),(9663,'51',6,23,2.0,1),(9664,'104',6,22,1.0,1),(9665,'134',6,19,1.0,1),(9666,'28',6,22,1.0,1),(9667,'31',6,23,1.0,1),(9668,'91',6,23,1.0,1),(9669,'162',6,17,1.0,1),(9670,'20',6,19,1.0,1),(9671,'57',6,21,2.0,1),(9672,'71',6,23,2.0,1),(9673,'229',6,16,1.0,1),(9674,'208',6,20,1.0,1),(9675,'122',6,24,2.0,1),(9676,'206',6,16,2.0,1),(9677,'95',6,20,2.0,1),(9678,'196',6,16,2.0,1),(9679,'67',6,18,1.0,1),(9680,'51',6,20,3.0,1),(9681,'156',6,20,3.0,1),(9682,'69',6,19,2.0,1),(9683,'63',6,17,1.0,1),(9684,'168',6,20,3.0,1),(9685,'154',6,21,2.0,1),(9686,'237',6,20,3.0,1),(9687,'213',6,17,3.0,1),(9688,'238',6,23,1.0,1),(9689,'223',6,21,3.0,1),(9690,'165',6,21,3.0,1),(9691,'199',6,19,1.0,1),(9692,'140',6,24,1.0,1),(9693,'31',6,21,2.0,1),(9694,'252',6,18,2.0,1),(9695,'200',6,16,3.0,1),(9696,'153',6,23,2.0,1),(9697,'130',6,22,3.0,1),(9698,'113',6,16,2.0,1),(9699,'86',6,17,1.0,1),(9700,'250',6,17,2.0,1),(9701,'122',6,21,3.0,1),(9702,'49',6,19,2.0,1),(9703,'33',6,19,1.0,1),(9704,'201',6,20,2.0,1),(9705,'230',6,21,2.0,1),(9706,'82',6,16,1.0,1),(9707,'227',6,22,1.0,1),(9708,'167',6,24,3.0,1),(9709,'227',6,20,1.0,1),(9710,'84',6,19,2.0,1),(9711,'253',6,16,3.0,1),(9712,'110',6,22,3.0,1),(9713,'178',6,18,2.0,1),(9714,'207',6,19,2.0,1),(9715,'46',6,19,1.0,1),(9716,'225',6,16,2.0,1),(9717,'92',6,21,1.0,1),(9718,'147',6,18,3.0,1),(9719,'221',6,17,1.0,1),(9720,'99',6,23,1.0,1),(9721,'150',6,21,1.0,1),(9722,'92',6,24,1.0,1),(9723,'85',6,16,3.0,1),(9724,'122',6,21,3.0,1),(9725,'212',6,16,3.0,1),(9726,'135',6,16,2.0,1),(9727,'83',6,21,1.0,1),(9728,'216',6,17,3.0,1),(9729,'123',6,20,3.0,1),(9730,'192',6,20,1.0,1),(9731,'205',6,23,2.0,1),(9732,'109',6,23,2.0,1),(9733,'113',6,21,1.0,1),(9734,'10',6,24,1.0,1),(9735,'134',6,22,1.0,1),(9736,'66',6,22,3.0,1),(9737,'28',6,18,1.0,1),(9738,'217',6,16,1.0,1),(9739,'48',6,18,1.0,1),(9740,'45',6,23,2.0,1),(9741,'258',6,21,1.0,1),(9742,'147',6,22,2.0,1),(9743,'150',6,21,1.0,1),(9744,'24',6,23,2.0,1),(9745,'125',6,19,1.0,1),(9746,'19',6,23,1.0,1),(9747,'221',6,16,2.0,1),(9748,'145',6,23,2.0,1),(9749,'25',6,22,3.0,1),(9750,'57',6,16,2.0,1),(9751,'134',6,20,2.0,1),(9752,'112',6,23,2.0,1),(9753,'89',6,23,1.0,1),(9754,'225',6,23,3.0,1),(9755,'72',6,18,3.0,1),(9756,'73',6,23,1.0,1),(9757,'142',6,23,1.0,1),(9758,'30',6,17,2.0,1),(9759,'118',6,16,1.0,1),(9760,'140',6,17,3.0,1),(9761,'174',6,22,3.0,1),(9762,'233',6,17,2.0,1),(9763,'38',6,16,1.0,1),(9764,'28',6,21,1.0,1),(9765,'192',6,24,1.0,1),(9766,'219',6,17,2.0,1),(9767,'57',6,21,2.0,1),(9768,'252',6,21,2.0,1),(9769,'30',6,20,1.0,1),(9770,'129',6,24,1.0,1),(9771,'206',6,19,1.0,1),(9772,'90',6,23,3.0,1),(9773,'122',6,24,3.0,1),(9774,'160',6,24,1.0,1),(9775,'81',6,17,1.0,1),(9776,'29',6,21,1.0,1),(9777,'66',6,19,2.0,1),(9778,'238',6,19,1.0,1),(9779,'107',6,18,1.0,1),(9780,'239',6,19,2.0,1),(9781,'193',6,17,3.0,1),(9782,'141',6,16,3.0,1),(9783,'201',6,21,1.0,1),(9784,'168',6,21,3.0,1),(9785,'113',6,16,3.0,1),(9786,'238',6,20,3.0,1),(9787,'40',6,20,3.0,1),(9788,'247',6,21,1.0,1),(9789,'260',6,23,1.0,1),(9790,'185',6,22,1.0,1),(9791,'227',6,19,1.0,1),(9792,'162',6,21,3.0,1),(9793,'203',6,24,3.0,1),(9794,'30',6,22,1.0,1),(9795,'143',6,21,1.0,1),(9796,'123',6,21,3.0,1),(9797,'167',6,18,2.0,1),(9798,'143',6,19,1.0,1),(9799,'219',6,18,1.0,1),(9800,'33',6,22,2.0,1),(9801,'138',6,16,3.0,1),(9802,'47',6,16,3.0,1),(9803,'175',6,23,3.0,1),(9804,'40',6,23,2.0,1),(9805,'158',6,21,1.0,1),(9806,'139',6,16,3.0,1),(9807,'153',6,24,1.0,1),(9808,'241',6,24,1.0,1),(9809,'181',6,19,3.0,1),(9810,'221',6,18,2.0,1),(9811,'182',6,24,3.0,1),(9812,'186',6,24,2.0,1),(9813,'247',6,24,3.0,1),(9814,'68',6,18,2.0,1),(9815,'240',6,16,2.0,1),(9816,'220',6,21,1.0,1),(9817,'125',6,19,2.0,1),(9818,'231',6,21,2.0,1),(9819,'32',6,21,2.0,1),(9820,'227',6,21,2.0,1),(9821,'45',6,24,1.0,1),(9822,'92',6,22,3.0,1),(9823,'151',6,19,1.0,1),(9824,'81',6,20,1.0,1),(9825,'84',6,16,3.0,1),(9826,'185',6,20,1.0,1),(9827,'39',6,20,3.0,1),(9828,'248',6,17,1.0,1),(9829,'42',6,21,1.0,1),(9830,'2',6,23,1.0,1),(9831,'62',6,18,2.0,1),(9832,'216',6,24,2.0,1),(9833,'80',6,22,3.0,1),(9834,'31',6,22,3.0,1),(9835,'200',6,23,1.0,1),(9836,'75',6,16,2.0,1),(9837,'24',6,22,1.0,1),(9838,'44',6,23,3.0,1),(9839,'50',6,24,1.0,1),(9840,'31',6,22,2.0,1),(9841,'47',6,16,2.0,1),(9842,'169',6,20,1.0,1),(9843,'31',6,19,2.0,1),(9844,'196',6,23,1.0,1),(9845,'217',6,21,2.0,1),(9846,'160',6,23,1.0,1),(9847,'201',6,23,2.0,1),(9848,'179',6,22,1.0,1),(9849,'201',6,19,1.0,1),(9850,'233',6,21,2.0,1),(9851,'206',6,17,1.0,1),(9852,'194',6,17,1.0,1),(9853,'191',6,21,1.0,1),(9854,'41',6,24,1.0,1),(9855,'177',6,17,2.0,1),(9856,'259',6,21,3.0,1),(9857,'62',6,23,2.0,1),(9858,'215',6,24,2.0,1),(9859,'66',6,20,2.0,1),(9860,'3',6,21,1.0,1),(9861,'53',6,19,1.0,1),(9862,'218',6,24,1.0,1),(9863,'72',6,19,1.0,1),(9864,'133',6,24,2.0,1),(9865,'201',6,17,1.0,1),(9866,'6',6,19,3.0,1),(9867,'94',6,24,2.0,1),(9868,'182',6,18,2.0,1),(9869,'106',6,17,1.0,1),(9870,'17',6,17,3.0,1),(9871,'200',6,17,3.0,1),(9872,'132',6,21,2.0,1),(9873,'126',6,16,2.0,1),(9874,'25',6,21,3.0,1),(9875,'258',6,23,1.0,1),(9876,'65',6,19,2.0,1),(9877,'243',6,22,3.0,1),(9878,'83',6,21,1.0,1),(9879,'81',6,24,2.0,1),(9880,'25',6,23,1.0,1),(9881,'171',6,21,3.0,1),(9882,'106',6,23,1.0,1),(9883,'17',6,16,3.0,1),(9884,'197',6,24,1.0,1),(9885,'88',6,23,1.0,1),(9886,'20',6,23,3.0,1),(9887,'119',6,22,2.0,1),(9888,'197',6,19,3.0,1),(9889,'143',6,17,1.0,1),(9890,'37',6,24,1.0,1),(9891,'260',6,23,1.0,1),(9892,'114',6,23,3.0,1),(9893,'83',6,16,1.0,1),(9894,'2',6,19,2.0,1),(9895,'71',6,17,3.0,1),(9896,'117',6,19,2.0,1),(9897,'143',6,21,2.0,1),(9898,'102',6,19,3.0,1),(9899,'123',6,17,1.0,1),(9900,'49',6,24,2.0,1),(9901,'244',6,20,1.0,1),(9902,'161',6,24,2.0,1),(9903,'209',6,22,1.0,1),(9904,'160',6,18,3.0,1),(9905,'53',6,16,3.0,1),(9906,'154',6,23,2.0,1),(9907,'108',6,18,2.0,1),(9908,'1',6,23,3.0,1),(9909,'151',6,23,2.0,1),(9910,'123',6,20,2.0,1),(9911,'126',6,16,1.0,1),(9912,'70',6,16,2.0,1),(9913,'43',6,24,3.0,1),(9914,'191',6,24,3.0,1),(9915,'101',6,21,2.0,1),(9916,'144',6,23,3.0,1),(9917,'257',6,17,1.0,1),(9918,'166',6,21,1.0,1),(9919,'93',6,24,2.0,1),(9920,'157',6,24,3.0,1),(9921,'5',6,22,1.0,1),(9922,'61',6,21,3.0,1),(9923,'248',6,21,3.0,1),(9924,'150',6,19,3.0,1),(9925,'60',6,24,1.0,1),(9926,'205',6,19,2.0,1),(9927,'200',6,16,1.0,1),(9928,'168',6,21,2.0,1),(9929,'137',6,23,1.0,1),(9930,'231',6,18,2.0,1),(9931,'182',6,20,3.0,1),(9932,'37',6,24,1.0,1),(9933,'109',6,19,2.0,1),(9934,'154',6,21,2.0,1),(9935,'162',6,21,1.0,1),(9936,'124',6,16,2.0,1),(9937,'255',6,24,2.0,1),(9938,'16',6,17,2.0,1),(9939,'209',6,20,1.0,1),(9940,'229',6,23,3.0,1),(9941,'166',6,24,1.0,1),(9942,'30',6,21,3.0,1),(9943,'60',6,24,3.0,1),(9944,'230',6,16,1.0,1),(9945,'44',6,16,3.0,1),(9946,'86',6,23,2.0,1),(9947,'217',6,21,1.0,1),(9948,'130',6,24,2.0,1),(9949,'11',6,19,2.0,1),(9950,'172',6,21,3.0,1),(9951,'184',6,24,3.0,1),(9952,'124',6,21,1.0,1),(9953,'168',6,18,1.0,1),(9954,'93',6,20,3.0,1),(9955,'184',6,20,3.0,1),(9956,'116',6,17,1.0,1),(9957,'218',6,20,1.0,1),(9958,'105',6,23,3.0,1),(9959,'65',6,22,3.0,1),(9960,'186',6,20,1.0,1),(9961,'156',6,18,3.0,1),(9962,'228',6,24,3.0,1),(9963,'23',6,23,1.0,1),(9964,'116',6,20,1.0,1),(9965,'122',6,20,2.0,1),(9966,'21',6,16,1.0,1),(9967,'209',6,16,1.0,1),(9968,'194',6,19,1.0,1),(9969,'206',6,23,1.0,1),(9970,'229',6,17,1.0,1),(9971,'127',6,24,3.0,1),(9972,'183',6,21,1.0,1),(9973,'140',6,18,1.0,1),(9974,'3',6,21,2.0,1),(9975,'151',6,22,3.0,1),(9976,'74',6,21,1.0,1),(9977,'97',6,21,1.0,1),(9978,'6',6,21,3.0,1),(9979,'161',6,19,2.0,1),(9980,'210',6,17,2.0,1),(9981,'86',6,24,2.0,1),(9982,'195',6,20,1.0,1),(9983,'249',6,21,1.0,1),(9984,'40',6,20,2.0,1),(9985,'172',6,19,1.0,1),(9986,'117',6,16,1.0,1),(9987,'240',6,21,2.0,1),(9988,'159',6,21,1.0,1),(9989,'81',6,22,1.0,1),(9990,'173',6,17,2.0,1),(9991,'86',6,24,3.0,1),(9992,'247',6,16,3.0,1),(9993,'72',6,16,2.0,1),(9994,'147',6,17,3.0,1),(9995,'158',6,23,1.0,1),(9996,'255',6,18,2.0,1),(9997,'94',6,23,2.0,1),(9998,'31',6,24,2.0,1),(9999,'190',6,17,3.0,1),(10000,'136',6,24,1.0,1),(10001,'92',7,21,3.0,1),(10002,'205',7,21,2.0,1),(10003,'205',7,21,1.0,1),(10004,'254',7,22,2.0,1),(10005,'205',7,23,2.0,1),(10006,'142',7,22,1.0,1),(10007,'247',7,21,1.0,1),(10008,'164',7,21,1.0,1),(10009,'72',7,23,3.0,1),(10010,'124',7,23,2.0,1),(10011,'113',7,16,3.0,1),(10012,'229',7,20,3.0,1),(10013,'1',7,21,2.0,1),(10014,'188',7,22,3.0,1),(10015,'187',7,20,3.0,1),(10016,'20',7,23,1.0,1),(10017,'19',7,17,1.0,1),(10018,'21',7,16,3.0,1),(10019,'11',7,19,1.0,1),(10020,'82',7,19,2.0,1),(10021,'228',7,23,3.0,1),(10022,'260',7,23,2.0,1),(10023,'71',7,20,2.0,1),(10024,'113',7,22,2.0,1),(10025,'51',7,17,2.0,1),(10026,'53',7,22,3.0,1),(10027,'83',7,19,2.0,1),(10028,'166',7,17,1.0,1),(10029,'49',7,20,1.0,1),(10030,'245',7,21,3.0,1),(10031,'1',7,22,3.0,1),(10032,'238',7,24,1.0,1),(10033,'259',7,23,2.0,1),(10034,'68',7,19,2.0,1),(10035,'240',7,16,1.0,1),(10036,'224',7,17,3.0,1),(10037,'139',7,18,3.0,1),(10038,'98',7,24,1.0,1),(10039,'71',7,21,2.0,1),(10040,'85',7,18,1.0,1),(10041,'61',7,24,2.0,1),(10042,'50',7,19,3.0,1),(10043,'195',7,22,3.0,1),(10044,'98',7,20,1.0,1),(10045,'206',7,23,1.0,1),(10046,'238',7,16,2.0,1),(10047,'164',7,19,1.0,1),(10048,'135',7,23,2.0,1),(10049,'181',7,17,2.0,1),(10050,'50',7,20,3.0,1),(10051,'109',7,21,2.0,1),(10052,'7',7,20,3.0,1),(10053,'30',7,23,2.0,1),(10054,'8',7,23,3.0,1),(10055,'16',7,21,2.0,1),(10056,'161',7,24,1.0,1),(10057,'124',7,19,2.0,1),(10058,'57',7,23,1.0,1),(10059,'38',7,22,1.0,1),(10060,'129',7,18,1.0,1),(10061,'47',7,16,1.0,1),(10062,'239',7,20,3.0,1),(10063,'5',7,20,1.0,1),(10064,'140',7,20,2.0,1),(10065,'38',7,23,3.0,1),(10066,'157',7,21,1.0,1),(10067,'108',7,20,2.0,1),(10068,'249',7,24,3.0,1),(10069,'237',7,21,3.0,1),(10070,'106',7,17,3.0,1),(10071,'173',7,21,3.0,1),(10072,'138',7,23,3.0,1),(10073,'162',7,18,3.0,1),(10074,'100',7,22,3.0,1),(10075,'10',7,22,1.0,1),(10076,'224',7,17,2.0,1),(10077,'216',7,24,3.0,1),(10078,'225',7,23,3.0,1),(10079,'31',7,24,1.0,1),(10080,'36',7,18,3.0,1),(10081,'172',7,21,1.0,1),(10082,'68',7,20,3.0,1),(10083,'91',7,23,3.0,1),(10084,'160',7,21,1.0,1),(10085,'120',7,23,2.0,1),(10086,'231',7,20,3.0,1),(10087,'117',7,16,1.0,1),(10088,'209',7,23,1.0,1),(10089,'10',7,20,3.0,1),(10090,'163',7,21,1.0,1),(10091,'52',7,22,3.0,1),(10092,'209',7,21,3.0,1),(10093,'237',7,23,1.0,1),(10094,'146',7,19,2.0,1),(10095,'151',7,17,2.0,1),(10096,'254',7,18,2.0,1),(10097,'179',7,19,3.0,1),(10098,'13',7,23,3.0,1),(10099,'115',7,17,3.0,1),(10100,'240',7,24,1.0,1),(10101,'120',7,22,1.0,1),(10102,'60',7,24,2.0,1),(10103,'167',7,20,1.0,1),(10104,'82',7,23,2.0,1),(10105,'147',7,19,2.0,1),(10106,'248',7,20,1.0,1),(10107,'36',7,24,3.0,1),(10108,'103',7,20,3.0,1),(10109,'95',7,18,1.0,1),(10110,'138',7,24,3.0,1),(10111,'243',7,23,3.0,1),(10112,'158',7,23,2.0,1),(10113,'11',7,22,3.0,1),(10114,'21',7,22,3.0,1),(10115,'167',7,17,1.0,1),(10116,'255',7,18,3.0,1),(10117,'165',7,16,1.0,1),(10118,'3',7,22,1.0,1),(10119,'14',7,24,3.0,1),(10120,'99',7,23,1.0,1),(10121,'211',7,22,2.0,1),(10122,'219',7,24,2.0,1),(10123,'205',7,19,3.0,1),(10124,'212',7,19,1.0,1),(10125,'46',7,19,3.0,1),(10126,'222',7,20,1.0,1),(10127,'59',7,22,3.0,1),(10128,'148',7,24,2.0,1),(10129,'3',7,24,1.0,1),(10130,'154',7,23,2.0,1),(10131,'238',7,23,1.0,1),(10132,'74',7,20,2.0,1),(10133,'155',7,22,1.0,1),(10134,'149',7,16,1.0,1),(10135,'39',7,18,2.0,1),(10136,'214',7,17,3.0,1),(10137,'72',7,16,3.0,1),(10138,'172',7,16,1.0,1),(10139,'125',7,22,2.0,1),(10140,'77',7,20,2.0,1),(10141,'77',7,17,2.0,1),(10142,'96',7,19,1.0,1),(10143,'152',7,22,2.0,1),(10144,'192',7,21,1.0,1),(10145,'133',7,23,1.0,1),(10146,'238',7,19,2.0,1),(10147,'179',7,17,2.0,1),(10148,'107',7,22,1.0,1),(10149,'10',7,19,2.0,1),(10150,'142',7,24,1.0,1),(10151,'77',7,22,1.0,1),(10152,'257',7,21,3.0,1),(10153,'73',7,23,1.0,1),(10154,'35',7,17,1.0,1),(10155,'38',7,18,2.0,1),(10156,'1',7,16,2.0,1),(10157,'113',7,19,3.0,1),(10158,'185',7,21,1.0,1),(10159,'216',7,19,2.0,1),(10160,'234',7,18,1.0,1),(10161,'32',7,19,1.0,1),(10162,'248',7,17,2.0,1),(10163,'179',7,21,3.0,1),(10164,'85',7,22,1.0,1),(10165,'90',7,20,2.0,1),(10166,'191',7,16,2.0,1),(10167,'84',7,18,3.0,1),(10168,'180',7,18,3.0,1),(10169,'53',7,18,1.0,1),(10170,'237',7,23,1.0,1),(10171,'73',7,20,3.0,1),(10172,'181',7,22,1.0,1),(10173,'237',7,21,2.0,1),(10174,'243',7,22,2.0,1),(10175,'71',7,20,1.0,1),(10176,'137',7,20,2.0,1),(10177,'258',7,24,1.0,1),(10178,'244',7,20,2.0,1),(10179,'34',7,20,3.0,1),(10180,'70',7,20,3.0,1),(10181,'54',7,19,1.0,1),(10182,'213',7,19,3.0,1),(10183,'5',7,22,3.0,1),(10184,'239',7,20,2.0,1),(10185,'6',7,17,2.0,1),(10186,'258',7,21,2.0,1),(10187,'63',7,22,2.0,1),(10188,'76',7,16,2.0,1),(10189,'125',7,18,1.0,1),(10190,'156',7,19,2.0,1),(10191,'186',7,18,2.0,1),(10192,'187',7,18,1.0,1),(10193,'143',7,20,2.0,1),(10194,'208',7,22,1.0,1),(10195,'21',7,16,3.0,1),(10196,'253',7,23,1.0,1),(10197,'79',7,22,1.0,1),(10198,'228',7,24,3.0,1),(10199,'219',7,24,1.0,1),(10200,'24',7,22,2.0,1),(10201,'73',7,17,2.0,1),(10202,'203',7,23,1.0,1),(10203,'221',7,18,2.0,1),(10204,'27',7,16,2.0,1),(10205,'222',7,16,3.0,1),(10206,'5',7,23,2.0,1),(10207,'172',7,22,1.0,1),(10208,'134',7,20,1.0,1),(10209,'152',7,20,2.0,1),(10210,'207',7,18,2.0,1),(10211,'60',7,19,2.0,1),(10212,'47',7,16,3.0,1),(10213,'40',7,20,3.0,1),(10214,'242',7,23,2.0,1),(10215,'221',7,16,2.0,1),(10216,'224',7,19,3.0,1),(10217,'56',7,23,1.0,1),(10218,'258',7,19,1.0,1),(10219,'94',7,24,1.0,1),(10220,'207',7,17,2.0,1),(10221,'221',7,17,2.0,1),(10222,'140',7,20,2.0,1),(10223,'151',7,21,3.0,1),(10224,'190',7,16,3.0,1),(10225,'1',7,24,2.0,1),(10226,'45',7,20,1.0,1),(10227,'148',7,24,2.0,1),(10228,'238',7,18,2.0,1),(10229,'166',7,20,1.0,1),(10230,'258',7,24,3.0,1),(10231,'4',7,20,3.0,1),(10232,'53',7,21,3.0,1),(10233,'83',7,22,2.0,1),(10234,'79',7,18,3.0,1),(10235,'39',7,20,1.0,1),(10236,'164',7,23,3.0,1),(10237,'112',7,22,2.0,1),(10238,'89',7,18,2.0,1),(10239,'130',7,18,3.0,1),(10240,'43',7,23,3.0,1),(10241,'157',7,20,2.0,1),(10242,'67',7,23,2.0,1),(10243,'207',7,24,2.0,1),(10244,'90',7,22,1.0,1),(10245,'222',7,23,2.0,1),(10246,'180',7,20,2.0,1),(10247,'209',7,22,2.0,1),(10248,'128',7,23,1.0,1),(10249,'164',7,22,1.0,1),(10250,'108',7,19,2.0,1),(10251,'233',7,21,2.0,1),(10252,'12',7,17,1.0,1),(10253,'207',7,23,3.0,1),(10254,'152',7,23,1.0,1),(10255,'248',7,23,3.0,1),(10256,'133',7,16,3.0,1),(10257,'184',7,21,2.0,1),(10258,'87',7,21,2.0,1),(10259,'246',7,20,1.0,1),(10260,'192',7,17,2.0,1),(10261,'150',7,18,2.0,1),(10262,'231',7,20,1.0,1),(10263,'16',7,22,3.0,1),(10264,'162',7,23,2.0,1),(10265,'162',7,22,3.0,1),(10266,'220',7,23,2.0,1),(10267,'169',7,23,1.0,1),(10268,'240',7,18,1.0,1),(10269,'120',7,23,3.0,1),(10270,'158',7,23,2.0,1),(10271,'166',7,23,2.0,1),(10272,'140',7,17,3.0,1),(10273,'163',7,18,3.0,1),(10274,'185',7,20,2.0,1),(10275,'38',7,24,1.0,1),(10276,'24',7,20,1.0,1),(10277,'84',7,16,3.0,1),(10278,'113',7,21,3.0,1),(10279,'90',7,24,3.0,1),(10280,'64',7,23,3.0,1),(10281,'73',7,16,3.0,1),(10282,'165',7,20,3.0,1),(10283,'220',7,20,1.0,1),(10284,'59',7,19,3.0,1),(10285,'46',7,17,1.0,1),(10286,'213',7,20,1.0,1),(10287,'40',7,23,3.0,1),(10288,'55',7,16,3.0,1),(10289,'145',7,19,3.0,1),(10290,'246',7,21,1.0,1),(10291,'86',7,18,3.0,1),(10292,'137',7,20,2.0,1),(10293,'213',7,20,1.0,1),(10294,'177',7,23,2.0,1),(10295,'136',7,22,2.0,1),(10296,'213',7,19,2.0,1),(10297,'199',7,23,1.0,1),(10298,'168',7,23,2.0,1),(10299,'52',7,20,3.0,1),(10300,'95',7,21,3.0,1),(10301,'48',7,23,3.0,1),(10302,'164',7,23,2.0,1),(10303,'85',7,24,2.0,1),(10304,'247',7,18,3.0,1),(10305,'220',7,18,2.0,1),(10306,'235',7,23,3.0,1),(10307,'69',7,20,3.0,1),(10308,'202',7,23,3.0,1),(10309,'8',7,20,3.0,1),(10310,'11',7,23,3.0,1),(10311,'216',7,23,1.0,1),(10312,'239',7,23,3.0,1),(10313,'164',7,20,3.0,1),(10314,'57',7,24,2.0,1),(10315,'11',7,23,2.0,1),(10316,'260',7,22,1.0,1),(10317,'65',7,21,1.0,1),(10318,'151',7,24,2.0,1),(10319,'18',7,23,3.0,1),(10320,'260',7,17,3.0,1),(10321,'189',7,16,2.0,1),(10322,'38',7,22,3.0,1),(10323,'201',7,22,3.0,1),(10324,'162',7,16,1.0,1),(10325,'147',7,20,2.0,1),(10326,'212',7,20,2.0,1),(10327,'154',7,21,1.0,1),(10328,'16',7,18,2.0,1),(10329,'49',7,17,2.0,1),(10330,'93',7,19,1.0,1),(10331,'117',7,22,3.0,1),(10332,'18',7,16,3.0,1),(10333,'46',7,17,1.0,1),(10334,'80',7,20,3.0,1),(10335,'22',7,20,2.0,1),(10336,'134',7,23,1.0,1),(10337,'246',7,23,2.0,1),(10338,'129',7,22,3.0,1),(10339,'236',7,22,1.0,1),(10340,'136',7,20,3.0,1),(10341,'123',7,16,2.0,1),(10342,'126',7,16,3.0,1),(10343,'28',7,18,3.0,1),(10344,'191',7,20,1.0,1),(10345,'6',7,17,3.0,1),(10346,'155',7,19,1.0,1),(10347,'68',7,18,3.0,1),(10348,'168',7,24,3.0,1),(10349,'93',7,16,2.0,1),(10350,'106',7,22,1.0,1),(10351,'213',7,23,3.0,1),(10352,'235',7,16,3.0,1),(10353,'255',7,16,3.0,1),(10354,'6',7,24,1.0,1),(10355,'113',7,16,1.0,1),(10356,'235',7,22,3.0,1),(10357,'8',7,19,2.0,1),(10358,'189',7,17,2.0,1),(10359,'35',7,22,2.0,1),(10360,'227',7,19,2.0,1),(10361,'98',7,22,2.0,1),(10362,'127',7,23,2.0,1),(10363,'132',7,22,3.0,1),(10364,'9',7,18,1.0,1),(10365,'38',7,23,2.0,1),(10366,'109',7,16,2.0,1),(10367,'173',7,18,1.0,1),(10368,'27',7,20,1.0,1),(10369,'203',7,21,1.0,1),(10370,'33',7,18,1.0,1),(10371,'124',7,20,2.0,1),(10372,'19',7,22,3.0,1),(10373,'198',7,19,3.0,1),(10374,'216',7,24,3.0,1),(10375,'48',7,20,2.0,1),(10376,'122',7,17,3.0,1),(10377,'138',7,20,2.0,1),(10378,'108',7,20,1.0,1),(10379,'147',7,17,1.0,1),(10380,'224',7,22,2.0,1),(10381,'85',7,20,2.0,1),(10382,'9',7,23,1.0,1),(10383,'29',7,16,1.0,1),(10384,'188',7,21,1.0,1),(10385,'173',7,21,2.0,1),(10386,'71',7,22,2.0,1),(10387,'227',7,23,1.0,1),(10388,'174',7,19,3.0,1),(10389,'58',7,23,1.0,1),(10390,'179',7,24,3.0,1),(10391,'58',7,16,1.0,1),(10392,'247',7,23,3.0,1),(10393,'213',7,17,1.0,1),(10394,'248',7,23,1.0,1),(10395,'127',7,21,1.0,1),(10396,'169',7,23,3.0,1),(10397,'251',7,17,1.0,1),(10398,'157',7,19,2.0,1),(10399,'40',7,21,2.0,1),(10400,'122',7,16,2.0,1),(10401,'139',7,16,1.0,1),(10402,'48',7,18,1.0,1),(10403,'189',7,24,2.0,1),(10404,'85',7,21,3.0,1),(10405,'195',7,24,2.0,1),(10406,'54',7,18,3.0,1),(10407,'101',7,16,2.0,1),(10408,'43',7,24,3.0,1),(10409,'153',7,16,3.0,1),(10410,'163',7,23,1.0,1),(10411,'89',7,21,1.0,1),(10412,'230',7,23,2.0,1),(10413,'165',7,16,3.0,1),(10414,'36',7,24,2.0,1),(10415,'120',7,17,2.0,1),(10416,'118',7,17,2.0,1),(10417,'194',7,22,1.0,1),(10418,'208',7,22,2.0,1),(10419,'25',7,20,3.0,1),(10420,'22',7,16,3.0,1),(10421,'163',7,24,1.0,1),(10422,'161',7,20,1.0,1),(10423,'28',7,22,1.0,1),(10424,'76',7,22,3.0,1),(10425,'84',7,23,2.0,1),(10426,'138',7,16,3.0,1),(10427,'163',7,23,2.0,1),(10428,'180',7,16,3.0,1),(10429,'143',7,20,1.0,1),(10430,'183',7,22,2.0,1),(10431,'166',7,19,1.0,1),(10432,'143',7,24,2.0,1),(10433,'3',7,23,3.0,1),(10434,'154',7,16,2.0,1),(10435,'1',7,20,2.0,1),(10436,'69',7,23,3.0,1),(10437,'126',7,16,2.0,1),(10438,'68',7,22,1.0,1),(10439,'150',7,17,1.0,1),(10440,'7',7,17,2.0,1),(10441,'150',7,20,2.0,1),(10442,'221',7,21,2.0,1),(10443,'18',7,20,2.0,1),(10444,'16',7,22,1.0,1),(10445,'22',7,17,3.0,1),(10446,'140',7,16,2.0,1),(10447,'140',7,17,2.0,1),(10448,'205',7,22,1.0,1),(10449,'82',7,19,3.0,1),(10450,'87',7,18,1.0,1),(10451,'63',7,20,1.0,1),(10452,'253',7,23,2.0,1),(10453,'96',7,23,1.0,1),(10454,'74',7,22,3.0,1),(10455,'212',7,20,2.0,1),(10456,'210',7,23,1.0,1),(10457,'69',7,22,3.0,1),(10458,'234',7,21,1.0,1),(10459,'83',7,20,1.0,1),(10460,'185',7,16,1.0,1),(10461,'228',7,22,1.0,1),(10462,'228',7,22,3.0,1),(10463,'219',7,23,2.0,1),(10464,'107',7,16,3.0,1),(10465,'93',7,23,1.0,1),(10466,'82',7,18,1.0,1),(10467,'94',7,22,1.0,1),(10468,'207',7,20,3.0,1),(10469,'126',7,18,2.0,1),(10470,'24',7,16,3.0,1),(10471,'123',7,21,2.0,1),(10472,'198',7,19,1.0,1),(10473,'230',7,22,1.0,1),(10474,'96',7,18,2.0,1),(10475,'89',7,20,2.0,1),(10476,'137',7,24,2.0,1),(10477,'29',7,18,3.0,1),(10478,'140',7,23,1.0,1),(10479,'99',7,19,1.0,1),(10480,'34',7,23,3.0,1),(10481,'6',7,21,2.0,1),(10482,'30',7,17,2.0,1),(10483,'217',7,22,1.0,1),(10484,'240',7,20,3.0,1),(10485,'247',7,24,1.0,1),(10486,'150',7,23,3.0,1),(10487,'131',7,20,3.0,1),(10488,'8',7,23,3.0,1),(10489,'170',7,18,2.0,1),(10490,'145',7,20,1.0,1),(10491,'9',7,20,1.0,1),(10492,'61',7,21,3.0,1),(10493,'131',7,22,2.0,1),(10494,'186',7,17,3.0,1),(10495,'186',7,16,1.0,1),(10496,'16',7,22,1.0,1),(10497,'41',7,19,3.0,1),(10498,'16',7,22,3.0,1),(10499,'124',7,16,3.0,1),(10500,'190',7,20,1.0,1),(10501,'245',7,19,1.0,1),(10502,'227',7,19,3.0,1),(10503,'73',7,21,1.0,1),(10504,'198',7,18,3.0,1),(10505,'211',7,24,2.0,1),(10506,'213',7,24,1.0,1),(10507,'30',7,24,1.0,1),(10508,'36',7,22,3.0,1),(10509,'97',7,18,2.0,1),(10510,'164',7,17,1.0,1),(10511,'112',7,19,3.0,1),(10512,'195',7,23,3.0,1),(10513,'82',7,16,3.0,1),(10514,'124',7,21,1.0,1),(10515,'231',7,22,1.0,1),(10516,'195',7,23,1.0,1),(10517,'195',7,20,2.0,1),(10518,'245',7,24,2.0,1),(10519,'71',7,18,1.0,1),(10520,'4',7,21,2.0,1),(10521,'183',7,19,1.0,1),(10522,'136',7,22,3.0,1),(10523,'107',7,18,1.0,1),(10524,'237',7,23,3.0,1),(10525,'219',7,16,3.0,1),(10526,'9',7,20,1.0,1),(10527,'79',7,21,3.0,1),(10528,'147',7,20,3.0,1),(10529,'81',7,17,1.0,1),(10530,'204',7,20,1.0,1),(10531,'250',7,23,1.0,1),(10532,'101',7,24,2.0,1),(10533,'126',7,22,2.0,1),(10534,'59',7,20,2.0,1),(10535,'137',7,23,1.0,1),(10536,'99',7,17,1.0,1),(10537,'86',7,22,3.0,1),(10538,'140',7,23,3.0,1),(10539,'88',7,21,1.0,1),(10540,'134',7,24,1.0,1),(10541,'88',7,17,2.0,1),(10542,'255',7,22,3.0,1),(10543,'234',7,19,2.0,1),(10544,'80',7,16,2.0,1),(10545,'19',7,22,1.0,1),(10546,'89',7,21,3.0,1),(10547,'184',7,19,2.0,1),(10548,'44',7,19,1.0,1),(10549,'120',7,23,1.0,1),(10550,'151',7,24,3.0,1),(10551,'92',7,16,1.0,1),(10552,'186',7,23,1.0,1),(10553,'238',7,23,2.0,1),(10554,'35',7,22,3.0,1),(10555,'203',7,24,2.0,1),(10556,'77',7,20,3.0,1),(10557,'98',7,17,2.0,1),(10558,'228',7,23,2.0,1),(10559,'189',7,19,2.0,1),(10560,'210',7,20,2.0,1),(10561,'190',7,17,1.0,1),(10562,'207',7,20,2.0,1),(10563,'256',7,23,2.0,1),(10564,'41',7,18,1.0,1),(10565,'180',7,22,1.0,1),(10566,'31',7,23,2.0,1),(10567,'74',7,18,3.0,1),(10568,'38',7,23,2.0,1),(10569,'216',7,21,3.0,1),(10570,'256',7,21,3.0,1),(10571,'194',7,18,1.0,1),(10572,'191',7,19,1.0,1),(10573,'98',7,18,3.0,1),(10574,'230',7,16,3.0,1),(10575,'178',7,18,3.0,1),(10576,'195',7,24,1.0,1),(10577,'151',7,21,1.0,1),(10578,'179',7,16,1.0,1),(10579,'255',7,16,3.0,1),(10580,'33',7,20,3.0,1),(10581,'253',7,18,1.0,1),(10582,'36',7,22,3.0,1),(10583,'2',7,22,3.0,1),(10584,'226',7,19,2.0,1),(10585,'76',7,16,2.0,1),(10586,'118',7,22,3.0,1),(10587,'127',7,23,2.0,1),(10588,'220',7,22,3.0,1),(10589,'109',7,18,1.0,1),(10590,'130',7,17,2.0,1),(10591,'76',7,21,1.0,1),(10592,'137',7,24,2.0,1),(10593,'183',7,24,1.0,1),(10594,'254',7,22,3.0,1),(10595,'97',7,23,3.0,1),(10596,'243',7,21,2.0,1),(10597,'130',7,18,1.0,1),(10598,'113',7,22,2.0,1),(10599,'83',7,21,1.0,1),(10600,'61',7,23,1.0,1),(10601,'164',7,23,2.0,1),(10602,'181',7,17,3.0,1),(10603,'42',7,22,3.0,1),(10604,'42',7,16,2.0,1),(10605,'209',7,16,2.0,1),(10606,'153',7,19,3.0,1),(10607,'61',7,19,1.0,1),(10608,'237',7,18,2.0,1),(10609,'45',7,19,1.0,1),(10610,'143',7,16,3.0,1),(10611,'75',7,21,2.0,1),(10612,'41',7,20,2.0,1),(10613,'33',7,22,1.0,1),(10614,'37',7,22,1.0,1),(10615,'254',7,20,3.0,1),(10616,'183',7,20,2.0,1),(10617,'150',7,22,2.0,1),(10618,'34',7,20,1.0,1),(10619,'100',7,23,3.0,1),(10620,'15',7,18,3.0,1),(10621,'142',7,17,2.0,1),(10622,'148',7,19,3.0,1),(10623,'132',7,20,2.0,1),(10624,'93',7,21,2.0,1),(10625,'197',7,17,1.0,1),(10626,'158',7,20,3.0,1),(10627,'196',7,19,1.0,1),(10628,'158',7,20,3.0,1),(10629,'42',7,16,3.0,1),(10630,'179',7,23,1.0,1),(10631,'249',7,22,2.0,1),(10632,'129',7,22,1.0,1),(10633,'116',7,21,1.0,1),(10634,'148',7,16,2.0,1),(10635,'232',7,24,1.0,1),(10636,'234',7,22,3.0,1),(10637,'52',7,24,2.0,1),(10638,'31',7,22,1.0,1),(10639,'232',7,19,2.0,1),(10640,'18',7,23,1.0,1),(10641,'255',7,21,2.0,1),(10642,'146',7,24,1.0,1),(10643,'224',7,19,3.0,1),(10644,'29',7,23,1.0,1),(10645,'31',7,23,1.0,1),(10646,'242',7,22,2.0,1),(10647,'156',7,16,1.0,1),(10648,'224',7,20,1.0,1),(10649,'203',7,18,1.0,1),(10650,'147',7,23,1.0,1),(10651,'123',7,19,3.0,1),(10652,'50',7,20,3.0,1),(10653,'228',7,23,1.0,1),(10654,'117',7,22,1.0,1),(10655,'132',7,23,3.0,1),(10656,'187',7,21,3.0,1),(10657,'143',7,17,1.0,1),(10658,'86',7,16,2.0,1),(10659,'125',7,23,1.0,1),(10660,'253',7,22,2.0,1),(10661,'218',7,21,2.0,1),(10662,'178',7,21,1.0,1),(10663,'84',7,17,2.0,1),(10664,'36',7,20,2.0,1),(10665,'34',7,19,1.0,1),(10666,'50',7,19,3.0,1),(10667,'218',7,20,3.0,1),(10668,'39',7,17,2.0,1),(10669,'178',7,23,3.0,1),(10670,'159',7,23,3.0,1),(10671,'179',7,16,2.0,1),(10672,'57',7,16,3.0,1),(10673,'188',7,17,1.0,1),(10674,'65',7,21,2.0,1),(10675,'99',7,24,2.0,1),(10676,'115',7,20,1.0,1),(10677,'225',7,16,3.0,1),(10678,'103',7,16,1.0,1),(10679,'25',7,17,1.0,1),(10680,'20',7,24,1.0,1),(10681,'125',7,22,3.0,1),(10682,'94',7,22,3.0,1),(10683,'123',7,17,3.0,1),(10684,'46',7,21,3.0,1),(10685,'78',7,23,3.0,1),(10686,'203',7,22,3.0,1),(10687,'86',7,16,3.0,1),(10688,'13',7,16,2.0,1),(10689,'7',7,24,1.0,1),(10690,'38',7,16,2.0,1),(10691,'89',7,19,1.0,1),(10692,'114',7,17,1.0,1),(10693,'174',7,23,2.0,1),(10694,'186',7,22,2.0,1),(10695,'1',7,20,2.0,1),(10696,'221',7,20,1.0,1),(10697,'190',7,23,3.0,1),(10698,'50',7,16,2.0,1),(10699,'224',7,16,1.0,1),(10700,'87',7,22,3.0,1),(10701,'4',7,22,2.0,1),(10702,'217',7,20,2.0,1),(10703,'3',7,18,1.0,1),(10704,'146',7,17,2.0,1),(10705,'81',7,22,2.0,1),(10706,'116',7,20,3.0,1),(10707,'7',7,16,3.0,1),(10708,'160',7,16,3.0,1),(10709,'155',7,16,3.0,1),(10710,'198',7,19,1.0,1),(10711,'232',7,19,2.0,1),(10712,'228',7,20,1.0,1),(10713,'119',7,24,3.0,1),(10714,'54',7,17,2.0,1),(10715,'157',7,24,3.0,1),(10716,'198',7,16,2.0,1),(10717,'241',7,22,1.0,1),(10718,'174',7,23,1.0,1),(10719,'11',7,18,1.0,1),(10720,'152',7,18,1.0,1),(10721,'205',7,22,1.0,1),(10722,'25',7,21,2.0,1),(10723,'135',7,19,3.0,1),(10724,'60',7,22,1.0,1),(10725,'112',7,16,3.0,1),(10726,'118',7,21,3.0,1),(10727,'72',7,23,1.0,1),(10728,'1',7,21,1.0,1),(10729,'149',7,23,2.0,1),(10730,'240',7,20,3.0,1),(10731,'179',7,16,1.0,1),(10732,'1',7,20,2.0,1),(10733,'102',7,16,2.0,1),(10734,'251',7,16,3.0,1),(10735,'42',7,17,2.0,1),(10736,'80',7,21,1.0,1),(10737,'154',7,21,2.0,1),(10738,'150',7,22,1.0,1),(10739,'243',7,16,3.0,1),(10740,'199',7,20,1.0,1),(10741,'26',7,23,1.0,1),(10742,'37',7,23,2.0,1),(10743,'236',7,22,1.0,1),(10744,'175',7,18,3.0,1),(10745,'143',7,22,2.0,1),(10746,'59',7,24,3.0,1),(10747,'33',7,23,3.0,1),(10748,'201',7,16,1.0,1),(10749,'161',7,22,2.0,1),(10750,'238',7,22,3.0,1),(10751,'212',7,23,1.0,1),(10752,'205',7,21,3.0,1),(10753,'154',7,22,3.0,1),(10754,'106',7,22,1.0,1),(10755,'9',7,23,1.0,1),(10756,'105',7,24,2.0,1),(10757,'233',7,17,2.0,1),(10758,'85',7,16,1.0,1),(10759,'104',7,21,1.0,1),(10760,'125',7,24,3.0,1),(10761,'114',7,16,3.0,1),(10762,'227',7,20,3.0,1),(10763,'164',7,24,3.0,1),(10764,'136',7,18,3.0,1),(10765,'42',7,17,2.0,1),(10766,'225',7,23,1.0,1),(10767,'131',7,20,2.0,1),(10768,'18',7,24,1.0,1),(10769,'105',7,20,3.0,1),(10770,'229',7,18,1.0,1),(10771,'238',7,20,3.0,1),(10772,'152',7,20,3.0,1),(10773,'241',7,20,2.0,1),(10774,'161',7,16,1.0,1),(10775,'18',7,17,3.0,1),(10776,'149',7,24,1.0,1),(10777,'23',7,17,1.0,1),(10778,'164',7,23,3.0,1),(10779,'125',7,22,3.0,1),(10780,'213',7,23,2.0,1),(10781,'256',7,22,2.0,1),(10782,'169',7,16,1.0,1),(10783,'188',7,21,2.0,1),(10784,'232',7,23,2.0,1),(10785,'98',7,24,2.0,1),(10786,'259',7,21,2.0,1),(10787,'96',7,21,3.0,1),(10788,'144',7,21,2.0,1),(10789,'225',7,19,2.0,1),(10790,'143',7,24,1.0,1),(10791,'154',7,18,3.0,1),(10792,'153',7,20,1.0,1),(10793,'81',7,23,3.0,1),(10794,'256',7,21,1.0,1),(10795,'117',7,18,3.0,1),(10796,'245',7,23,2.0,1),(10797,'229',7,24,3.0,1),(10798,'29',7,23,2.0,1),(10799,'112',7,20,1.0,1),(10800,'64',7,21,3.0,1),(10801,'73',7,22,2.0,1),(10802,'247',7,20,3.0,1),(10803,'161',7,23,1.0,1),(10804,'191',7,22,3.0,1),(10805,'140',7,19,3.0,1),(10806,'114',7,19,1.0,1),(10807,'147',7,16,3.0,1),(10808,'242',7,20,2.0,1),(10809,'194',7,19,2.0,1),(10810,'183',7,20,2.0,1),(10811,'244',7,18,3.0,1),(10812,'195',7,20,1.0,1),(10813,'155',7,21,1.0,1),(10814,'207',7,21,2.0,1),(10815,'194',7,22,2.0,1),(10816,'22',7,18,2.0,1),(10817,'172',7,21,1.0,1),(10818,'178',7,21,1.0,1),(10819,'149',7,23,2.0,1),(10820,'39',7,24,3.0,1),(10821,'95',7,23,2.0,1),(10822,'133',7,19,1.0,1),(10823,'222',7,24,2.0,1),(10824,'168',7,17,1.0,1),(10825,'181',7,24,3.0,1),(10826,'48',7,23,3.0,1),(10827,'86',7,20,2.0,1),(10828,'81',7,20,3.0,1),(10829,'206',7,21,3.0,1),(10830,'226',7,16,1.0,1),(10831,'231',7,23,3.0,1),(10832,'127',7,23,3.0,1),(10833,'161',7,23,3.0,1),(10834,'63',7,22,2.0,1),(10835,'181',7,24,2.0,1),(10836,'29',7,23,3.0,1),(10837,'230',7,23,2.0,1),(10838,'38',7,16,2.0,1),(10839,'247',7,24,1.0,1),(10840,'20',7,16,1.0,1),(10841,'122',7,18,1.0,1),(10842,'74',7,20,1.0,1),(10843,'147',7,23,3.0,1),(10844,'77',7,16,3.0,1),(10845,'146',7,22,3.0,1),(10846,'208',7,21,3.0,1),(10847,'96',7,18,2.0,1),(10848,'211',7,18,3.0,1),(10849,'21',7,17,1.0,1),(10850,'163',7,18,2.0,1),(10851,'32',7,23,1.0,1),(10852,'198',7,16,2.0,1),(10853,'241',7,22,3.0,1),(10854,'12',7,19,2.0,1),(10855,'244',7,24,3.0,1),(10856,'171',7,22,3.0,1),(10857,'231',7,23,1.0,1),(10858,'240',7,22,2.0,1),(10859,'31',7,23,1.0,1),(10860,'7',7,23,2.0,1),(10861,'50',7,23,2.0,1),(10862,'100',7,16,1.0,1),(10863,'197',7,19,3.0,1),(10864,'247',7,20,1.0,1),(10865,'127',7,22,2.0,1),(10866,'28',7,24,3.0,1),(10867,'140',7,20,1.0,1),(10868,'88',7,24,1.0,1),(10869,'85',7,24,2.0,1),(10870,'161',7,18,1.0,1),(10871,'64',7,18,3.0,1),(10872,'130',7,18,3.0,1),(10873,'93',7,24,1.0,1),(10874,'70',7,23,3.0,1),(10875,'158',7,23,2.0,1),(10876,'61',7,19,1.0,1),(10877,'159',7,23,3.0,1),(10878,'167',7,21,2.0,1),(10879,'14',7,22,2.0,1),(10880,'5',7,18,3.0,1),(10881,'174',7,23,1.0,1),(10882,'42',7,21,1.0,1),(10883,'204',7,20,3.0,1),(10884,'22',7,18,3.0,1),(10885,'11',7,24,3.0,1),(10886,'54',7,22,2.0,1),(10887,'211',7,24,2.0,1),(10888,'202',7,17,1.0,1),(10889,'115',7,17,1.0,1),(10890,'75',7,23,1.0,1),(10891,'18',7,20,1.0,1),(10892,'3',7,16,3.0,1),(10893,'242',7,22,2.0,1),(10894,'16',7,16,1.0,1),(10895,'144',7,16,1.0,1),(10896,'85',7,20,3.0,1),(10897,'254',7,20,1.0,1),(10898,'231',7,21,1.0,1),(10899,'218',7,23,1.0,1),(10900,'256',7,22,2.0,1),(10901,'178',7,17,1.0,1),(10902,'35',7,22,2.0,1),(10903,'169',7,20,1.0,1),(10904,'95',7,21,3.0,1),(10905,'238',7,20,3.0,1),(10906,'111',7,16,2.0,1),(10907,'93',7,23,3.0,1),(10908,'194',7,16,2.0,1),(10909,'108',7,18,2.0,1),(10910,'209',7,24,3.0,1),(10911,'131',7,22,2.0,1),(10912,'127',7,22,2.0,1),(10913,'161',7,23,3.0,1),(10914,'70',7,20,2.0,1),(10915,'25',7,20,2.0,1),(10916,'238',7,20,2.0,1),(10917,'96',7,20,1.0,1),(10918,'88',7,20,2.0,1),(10919,'76',7,16,2.0,1),(10920,'225',7,20,3.0,1),(10921,'82',7,21,3.0,1),(10922,'121',7,23,2.0,1),(10923,'58',7,20,2.0,1),(10924,'1',7,21,3.0,1),(10925,'40',7,16,2.0,1),(10926,'214',7,24,1.0,1),(10927,'201',7,23,1.0,1),(10928,'43',7,23,2.0,1),(10929,'28',7,23,1.0,1),(10930,'168',7,19,2.0,1),(10931,'259',7,22,1.0,1),(10932,'143',7,21,2.0,1),(10933,'251',7,22,2.0,1),(10934,'12',7,19,1.0,1),(10935,'247',7,17,3.0,1),(10936,'109',7,23,1.0,1),(10937,'48',7,16,1.0,1),(10938,'40',7,23,1.0,1),(10939,'67',7,16,1.0,1),(10940,'220',7,20,1.0,1),(10941,'259',7,20,3.0,1),(10942,'12',7,20,3.0,1),(10943,'65',7,18,1.0,1),(10944,'27',7,20,3.0,1),(10945,'120',7,22,2.0,1),(10946,'171',7,20,2.0,1),(10947,'171',7,17,3.0,1),(10948,'76',7,19,3.0,1),(10949,'218',7,18,3.0,1),(10950,'38',7,24,3.0,1),(10951,'209',7,20,1.0,1),(10952,'64',7,22,3.0,1),(10953,'230',7,24,2.0,1),(10954,'184',7,20,2.0,1),(10955,'140',7,24,1.0,1),(10956,'83',7,24,2.0,1),(10957,'175',7,24,2.0,1),(10958,'192',7,20,2.0,1),(10959,'106',7,22,2.0,1),(10960,'67',7,23,1.0,1),(10961,'165',7,19,1.0,1),(10962,'214',7,16,1.0,1),(10963,'100',7,20,1.0,1),(10964,'17',7,17,2.0,1),(10965,'255',7,22,1.0,1),(10966,'57',7,17,3.0,1),(10967,'138',7,23,1.0,1),(10968,'61',7,20,1.0,1),(10969,'164',7,21,1.0,1),(10970,'215',7,16,1.0,1),(10971,'95',7,21,1.0,1),(10972,'31',7,16,1.0,1),(10973,'196',7,21,2.0,1),(10974,'154',7,18,2.0,1),(10975,'114',7,16,1.0,1),(10976,'230',7,22,1.0,1),(10977,'46',7,17,2.0,1),(10978,'83',7,23,1.0,1),(10979,'162',7,16,1.0,1),(10980,'25',7,19,3.0,1),(10981,'117',7,21,3.0,1),(10982,'97',7,22,3.0,1),(10983,'219',7,22,3.0,1),(10984,'39',7,24,1.0,1),(10985,'118',7,17,2.0,1),(10986,'97',7,23,3.0,1),(10987,'163',7,23,2.0,1),(10988,'246',7,16,1.0,1),(10989,'35',7,24,2.0,1),(10990,'9',7,21,1.0,1),(10991,'200',7,24,3.0,1),(10992,'51',7,20,3.0,1),(10993,'9',7,22,2.0,1),(10994,'198',7,21,3.0,1),(10995,'150',7,20,1.0,1),(10996,'153',7,20,1.0,1),(10997,'201',7,22,2.0,1),(10998,'16',7,22,3.0,1),(10999,'195',7,21,2.0,1),(11000,'251',7,24,3.0,1),(11001,'142',8,21,1.0,1),(11002,'56',8,17,2.0,1),(11003,'182',8,20,1.0,1),(11004,'36',8,23,1.0,1),(11005,'196',8,16,3.0,1),(11006,'43',8,21,3.0,1),(11007,'159',8,18,3.0,1),(11008,'91',8,19,3.0,1),(11009,'152',8,17,1.0,1),(11010,'49',8,20,3.0,1),(11011,'251',8,21,2.0,1),(11012,'28',8,21,3.0,1),(11013,'171',8,19,2.0,1),(11014,'125',8,20,3.0,1),(11015,'229',8,20,3.0,1),(11016,'253',8,23,1.0,1),(11017,'31',8,17,3.0,1),(11018,'98',8,20,3.0,1),(11019,'202',8,24,2.0,1),(11020,'67',8,18,2.0,1),(11021,'79',8,18,3.0,1),(11022,'29',8,23,3.0,1),(11023,'167',8,18,3.0,1),(11024,'215',8,18,1.0,1),(11025,'85',8,22,2.0,1),(11026,'176',8,20,1.0,1),(11027,'232',8,18,1.0,1),(11028,'252',8,23,3.0,1),(11029,'247',8,19,3.0,1),(11030,'260',8,21,1.0,1),(11031,'197',8,21,2.0,1),(11032,'30',8,22,2.0,1),(11033,'47',8,18,3.0,1),(11034,'71',8,17,2.0,1),(11035,'44',8,20,3.0,1),(11036,'82',8,24,3.0,1),(11037,'95',8,18,2.0,1),(11038,'201',8,20,2.0,1),(11039,'136',8,17,1.0,1),(11040,'144',8,17,2.0,1),(11041,'217',8,24,2.0,1),(11042,'237',8,16,1.0,1),(11043,'53',8,18,2.0,1),(11044,'87',8,21,2.0,1),(11045,'212',8,18,1.0,1),(11046,'222',8,19,3.0,1),(11047,'226',8,24,2.0,1),(11048,'257',8,23,3.0,1),(11049,'61',8,21,1.0,1),(11050,'7',8,18,1.0,1),(11051,'156',8,23,1.0,1),(11052,'132',8,19,3.0,1),(11053,'180',8,19,2.0,1),(11054,'173',8,17,2.0,1),(11055,'16',8,23,2.0,1),(11056,'35',8,23,3.0,1),(11057,'34',8,18,1.0,1),(11058,'5',8,22,1.0,1),(11059,'215',8,24,1.0,1),(11060,'136',8,18,2.0,1),(11061,'228',8,16,2.0,1),(11062,'55',8,18,3.0,1),(11063,'10',8,19,1.0,1),(11064,'194',8,19,3.0,1),(11065,'237',8,21,1.0,1),(11066,'162',8,18,1.0,1),(11067,'10',8,23,1.0,1),(11068,'201',8,23,1.0,1),(11069,'205',8,24,3.0,1),(11070,'87',8,17,1.0,1),(11071,'31',8,17,1.0,1),(11072,'76',8,20,3.0,1),(11073,'207',8,19,3.0,1),(11074,'33',8,23,2.0,1),(11075,'123',8,20,1.0,1),(11076,'213',8,17,1.0,1),(11077,'158',8,20,1.0,1),(11078,'94',8,22,2.0,1),(11079,'36',8,17,2.0,1),(11080,'161',8,17,3.0,1),(11081,'231',8,19,3.0,1),(11082,'74',8,21,2.0,1),(11083,'51',8,22,3.0,1),(11084,'163',8,17,3.0,1),(11085,'120',8,20,3.0,1),(11086,'164',8,22,1.0,1),(11087,'154',8,22,2.0,1),(11088,'111',8,23,2.0,1),(11089,'49',8,24,3.0,1),(11090,'250',8,23,1.0,1),(11091,'223',8,22,2.0,1),(11092,'175',8,18,3.0,1),(11093,'72',8,18,1.0,1),(11094,'4',8,18,1.0,1),(11095,'220',8,22,1.0,1),(11096,'71',8,22,3.0,1),(11097,'118',8,23,3.0,1),(11098,'23',8,23,2.0,1),(11099,'259',8,16,1.0,1),(11100,'100',8,17,3.0,1),(11101,'229',8,23,2.0,1),(11102,'105',8,22,2.0,1),(11103,'88',8,17,3.0,1),(11104,'243',8,16,3.0,1),(11105,'188',8,18,3.0,1),(11106,'236',8,19,2.0,1),(11107,'171',8,18,3.0,1),(11108,'138',8,24,2.0,1),(11109,'35',8,16,1.0,1),(11110,'63',8,19,2.0,1),(11111,'76',8,21,3.0,1),(11112,'22',8,24,2.0,1),(11113,'193',8,18,3.0,1),(11114,'101',8,18,3.0,1),(11115,'75',8,23,3.0,1),(11116,'110',8,21,3.0,1),(11117,'230',8,16,3.0,1),(11118,'210',8,17,1.0,1),(11119,'211',8,19,3.0,1),(11120,'203',8,21,2.0,1),(11121,'193',8,22,3.0,1),(11122,'34',8,21,2.0,1),(11123,'42',8,18,1.0,1),(11124,'206',8,20,1.0,1),(11125,'118',8,17,1.0,1),(11126,'80',8,16,2.0,1),(11127,'199',8,16,2.0,1),(11128,'35',8,19,1.0,1),(11129,'31',8,23,1.0,1),(11130,'122',8,19,3.0,1),(11131,'141',8,24,3.0,1),(11132,'167',8,18,1.0,1),(11133,'71',8,18,3.0,1),(11134,'95',8,19,3.0,1),(11135,'92',8,22,2.0,1),(11136,'250',8,17,3.0,1),(11137,'59',8,20,1.0,1),(11138,'145',8,18,2.0,1),(11139,'155',8,18,1.0,1),(11140,'165',8,20,2.0,1),(11141,'244',8,18,2.0,1),(11142,'157',8,18,3.0,1),(11143,'238',8,22,2.0,1),(11144,'22',8,21,2.0,1),(11145,'14',8,22,2.0,1),(11146,'231',8,17,1.0,1),(11147,'163',8,17,1.0,1),(11148,'121',8,20,3.0,1),(11149,'206',8,18,2.0,1),(11150,'49',8,21,2.0,1),(11151,'28',8,20,3.0,1),(11152,'159',8,22,3.0,1),(11153,'132',8,20,3.0,1),(11154,'184',8,24,1.0,1),(11155,'229',8,18,3.0,1),(11156,'11',8,16,1.0,1),(11157,'239',8,20,2.0,1),(11158,'227',8,18,2.0,1),(11159,'253',8,23,3.0,1),(11160,'15',8,20,3.0,1),(11161,'234',8,22,1.0,1),(11162,'78',8,19,1.0,1),(11163,'226',8,18,3.0,1),(11164,'56',8,17,2.0,1),(11165,'113',8,23,2.0,1),(11166,'258',8,17,2.0,1),(11167,'175',8,21,3.0,1),(11168,'218',8,17,3.0,1),(11169,'185',8,17,1.0,1),(11170,'136',8,20,2.0,1),(11171,'30',8,17,3.0,1),(11172,'81',8,17,3.0,1),(11173,'120',8,19,2.0,1),(11174,'107',8,19,3.0,1),(11175,'201',8,24,1.0,1),(11176,'85',8,16,1.0,1),(11177,'24',8,22,1.0,1),(11178,'219',8,23,1.0,1),(11179,'213',8,22,1.0,1),(11180,'200',8,18,2.0,1),(11181,'107',8,24,2.0,1),(11182,'142',8,19,1.0,1),(11183,'113',8,23,3.0,1),(11184,'50',8,21,3.0,1),(11185,'229',8,20,2.0,1),(11186,'226',8,19,3.0,1),(11187,'33',8,18,2.0,1),(11188,'237',8,23,3.0,1),(11189,'50',8,16,2.0,1),(11190,'217',8,23,1.0,1),(11191,'179',8,19,3.0,1),(11192,'236',8,18,1.0,1),(11193,'7',8,18,2.0,1),(11194,'173',8,18,1.0,1),(11195,'17',8,20,3.0,1),(11196,'29',8,18,3.0,1),(11197,'111',8,23,3.0,1),(11198,'34',8,22,2.0,1),(11199,'143',8,23,2.0,1),(11200,'94',8,17,1.0,1),(11201,'140',8,16,3.0,1),(11202,'115',8,20,3.0,1),(11203,'176',8,20,2.0,1),(11204,'198',8,23,2.0,1),(11205,'51',8,17,1.0,1),(11206,'130',8,18,1.0,1),(11207,'156',8,16,1.0,1),(11208,'169',8,16,1.0,1),(11209,'141',8,21,2.0,1),(11210,'102',8,16,3.0,1),(11211,'214',8,20,3.0,1),(11212,'18',8,16,1.0,1),(11213,'185',8,23,3.0,1),(11214,'204',8,21,1.0,1),(11215,'78',8,23,3.0,1),(11216,'250',8,18,3.0,1),(11217,'259',8,17,1.0,1),(11218,'42',8,23,2.0,1),(11219,'257',8,16,3.0,1),(11220,'41',8,22,2.0,1),(11221,'59',8,24,2.0,1),(11222,'197',8,20,2.0,1),(11223,'68',8,21,3.0,1),(11224,'161',8,24,1.0,1),(11225,'148',8,23,1.0,1),(11226,'242',8,22,3.0,1),(11227,'32',8,17,3.0,1),(11228,'83',8,18,3.0,1),(11229,'28',8,22,2.0,1),(11230,'63',8,22,3.0,1),(11231,'66',8,19,1.0,1),(11232,'29',8,18,1.0,1),(11233,'51',8,23,2.0,1),(11234,'129',8,17,1.0,1),(11235,'122',8,18,2.0,1),(11236,'149',8,19,2.0,1),(11237,'33',8,17,3.0,1),(11238,'94',8,22,3.0,1),(11239,'11',8,21,1.0,1),(11240,'8',8,21,1.0,1),(11241,'47',8,22,3.0,1),(11242,'46',8,18,1.0,1),(11243,'249',8,21,2.0,1),(11244,'63',8,21,2.0,1),(11245,'177',8,19,3.0,1),(11246,'255',8,20,2.0,1),(11247,'259',8,18,3.0,1),(11248,'226',8,16,2.0,1),(11249,'127',8,16,1.0,1),(11250,'108',8,17,1.0,1),(11251,'94',8,23,1.0,1),(11252,'181',8,24,2.0,1),(11253,'55',8,20,3.0,1),(11254,'47',8,18,3.0,1),(11255,'142',8,16,3.0,1),(11256,'231',8,21,3.0,1),(11257,'39',8,21,2.0,1),(11258,'255',8,23,2.0,1),(11259,'164',8,18,1.0,1),(11260,'193',8,22,3.0,1),(11261,'166',8,17,2.0,1),(11262,'115',8,18,3.0,1),(11263,'180',8,24,3.0,1),(11264,'161',8,19,1.0,1),(11265,'135',8,22,3.0,1),(11266,'68',8,22,1.0,1),(11267,'111',8,18,2.0,1),(11268,'93',8,22,2.0,1),(11269,'90',8,20,3.0,1),(11270,'141',8,18,1.0,1),(11271,'223',8,17,3.0,1),(11272,'246',8,22,1.0,1),(11273,'77',8,20,2.0,1),(11274,'137',8,21,2.0,1),(11275,'30',8,21,2.0,1),(11276,'28',8,19,1.0,1),(11277,'77',8,24,3.0,1),(11278,'252',8,20,3.0,1),(11279,'162',8,21,3.0,1),(11280,'130',8,21,1.0,1),(11281,'124',8,21,1.0,1),(11282,'227',8,18,2.0,1),(11283,'255',8,17,2.0,1),(11284,'250',8,24,1.0,1),(11285,'70',8,22,1.0,1),(11286,'126',8,17,1.0,1),(11287,'125',8,17,1.0,1),(11288,'33',8,22,3.0,1),(11289,'17',8,19,1.0,1),(11290,'63',8,20,2.0,1),(11291,'158',8,22,2.0,1),(11292,'50',8,23,1.0,1),(11293,'143',8,22,2.0,1),(11294,'91',8,22,1.0,1),(11295,'45',8,20,3.0,1),(11296,'59',8,19,2.0,1),(11297,'14',8,19,1.0,1),(11298,'175',8,20,1.0,1),(11299,'113',8,21,2.0,1),(11300,'3',8,20,1.0,1),(11301,'223',8,22,1.0,1),(11302,'25',8,17,2.0,1),(11303,'189',8,20,1.0,1),(11304,'171',8,23,3.0,1),(11305,'230',8,24,1.0,1),(11306,'97',8,19,2.0,1),(11307,'146',8,24,3.0,1),(11308,'249',8,16,3.0,1),(11309,'166',8,16,3.0,1),(11310,'23',8,22,1.0,1),(11311,'201',8,18,3.0,1),(11312,'153',8,18,2.0,1),(11313,'134',8,23,2.0,1),(11314,'112',8,17,1.0,1),(11315,'100',8,22,1.0,1),(11316,'78',8,21,3.0,1),(11317,'38',8,17,1.0,1),(11318,'101',8,21,2.0,1),(11319,'197',8,18,1.0,1),(11320,'150',8,24,3.0,1),(11321,'250',8,21,2.0,1),(11322,'20',8,17,2.0,1),(11323,'200',8,21,1.0,1),(11324,'203',8,21,3.0,1),(11325,'88',8,24,1.0,1),(11326,'121',8,20,1.0,1),(11327,'250',8,19,2.0,1),(11328,'32',8,20,1.0,1),(11329,'218',8,20,1.0,1),(11330,'230',8,18,2.0,1),(11331,'199',8,17,1.0,1),(11332,'66',8,18,3.0,1),(11333,'66',8,18,1.0,1),(11334,'123',8,17,1.0,1),(11335,'3',8,18,2.0,1),(11336,'217',8,18,1.0,1),(11337,'89',8,19,2.0,1),(11338,'40',8,20,3.0,1),(11339,'142',8,17,1.0,1),(11340,'215',8,21,3.0,1),(11341,'74',8,19,2.0,1),(11342,'9',8,20,3.0,1),(11343,'161',8,24,3.0,1),(11344,'94',8,20,2.0,1),(11345,'121',8,17,2.0,1),(11346,'77',8,18,1.0,1),(11347,'235',8,24,2.0,1),(11348,'66',8,19,1.0,1),(11349,'77',8,19,1.0,1),(11350,'74',8,23,2.0,1),(11351,'241',8,19,3.0,1),(11352,'23',8,18,2.0,1),(11353,'174',8,20,1.0,1),(11354,'5',8,18,3.0,1),(11355,'77',8,24,1.0,1),(11356,'130',8,17,3.0,1),(11357,'245',8,18,1.0,1),(11358,'87',8,18,3.0,1),(11359,'83',8,19,1.0,1),(11360,'180',8,23,3.0,1),(11361,'74',8,22,3.0,1),(11362,'122',8,23,1.0,1),(11363,'219',8,17,1.0,1),(11364,'12',8,24,3.0,1),(11365,'154',8,24,1.0,1),(11366,'87',8,19,1.0,1),(11367,'211',8,20,2.0,1),(11368,'23',8,20,1.0,1),(11369,'15',8,18,1.0,1),(11370,'147',8,21,3.0,1),(11371,'137',8,22,1.0,1),(11372,'113',8,18,2.0,1),(11373,'81',8,19,3.0,1),(11374,'57',8,18,1.0,1),(11375,'173',8,16,2.0,1),(11376,'147',8,18,1.0,1),(11377,'185',8,20,1.0,1),(11378,'100',8,21,3.0,1),(11379,'202',8,18,2.0,1),(11380,'219',8,18,1.0,1),(11381,'188',8,17,2.0,1),(11382,'205',8,20,1.0,1),(11383,'193',8,21,2.0,1),(11384,'253',8,21,1.0,1),(11385,'61',8,22,3.0,1),(11386,'227',8,22,3.0,1),(11387,'61',8,23,3.0,1),(11388,'124',8,23,3.0,1),(11389,'32',8,21,3.0,1),(11390,'217',8,18,3.0,1),(11391,'8',8,22,1.0,1),(11392,'65',8,21,1.0,1),(11393,'93',8,17,1.0,1),(11394,'156',8,22,2.0,1),(11395,'61',8,21,3.0,1),(11396,'12',8,21,1.0,1),(11397,'141',8,24,3.0,1),(11398,'179',8,17,3.0,1),(11399,'140',8,17,1.0,1),(11400,'61',8,17,2.0,1),(11401,'70',8,18,3.0,1),(11402,'150',8,24,3.0,1),(11403,'90',8,17,2.0,1),(11404,'94',8,24,1.0,1),(11405,'133',8,24,3.0,1),(11406,'187',8,21,1.0,1),(11407,'225',8,19,1.0,1),(11408,'41',8,16,1.0,1),(11409,'175',8,20,1.0,1),(11410,'105',8,23,3.0,1),(11411,'78',8,24,2.0,1),(11412,'13',8,21,2.0,1),(11413,'129',8,23,3.0,1),(11414,'245',8,18,3.0,1),(11415,'83',8,16,2.0,1),(11416,'116',8,17,2.0,1),(11417,'73',8,22,2.0,1),(11418,'98',8,16,1.0,1),(11419,'186',8,23,1.0,1),(11420,'101',8,17,3.0,1),(11421,'214',8,18,3.0,1),(11422,'60',8,23,3.0,1),(11423,'32',8,18,2.0,1),(11424,'75',8,19,3.0,1),(11425,'78',8,17,2.0,1),(11426,'124',8,23,3.0,1),(11427,'101',8,18,2.0,1),(11428,'122',8,16,2.0,1),(11429,'243',8,20,1.0,1),(11430,'101',8,23,2.0,1),(11431,'243',8,22,1.0,1),(11432,'151',8,22,3.0,1),(11433,'190',8,16,1.0,1),(11434,'20',8,17,3.0,1),(11435,'88',8,16,3.0,1),(11436,'84',8,23,1.0,1),(11437,'198',8,17,1.0,1),(11438,'47',8,17,1.0,1),(11439,'139',8,21,2.0,1),(11440,'145',8,20,1.0,1),(11441,'52',8,22,2.0,1),(11442,'21',8,18,1.0,1),(11443,'185',8,18,1.0,1),(11444,'148',8,19,2.0,1),(11445,'39',8,18,3.0,1),(11446,'113',8,17,1.0,1),(11447,'131',8,16,3.0,1),(11448,'200',8,17,3.0,1),(11449,'237',8,21,1.0,1),(11450,'150',8,23,1.0,1),(11451,'64',8,24,3.0,1),(11452,'31',8,19,2.0,1),(11453,'256',8,18,2.0,1),(11454,'12',8,17,1.0,1),(11455,'72',8,22,3.0,1),(11456,'258',8,24,3.0,1),(11457,'8',8,23,1.0,1),(11458,'94',8,16,2.0,1),(11459,'10',8,24,1.0,1),(11460,'188',8,19,3.0,1),(11461,'22',8,23,2.0,1),(11462,'204',8,22,2.0,1),(11463,'139',8,23,1.0,1),(11464,'234',8,22,3.0,1),(11465,'161',8,18,2.0,1),(11466,'132',8,17,2.0,1),(11467,'183',8,19,3.0,1),(11468,'15',8,21,1.0,1),(11469,'29',8,19,1.0,1),(11470,'101',8,23,1.0,1),(11471,'90',8,19,3.0,1),(11472,'189',8,22,1.0,1),(11473,'259',8,23,3.0,1),(11474,'248',8,17,1.0,1),(11475,'6',8,19,2.0,1),(11476,'9',8,17,1.0,1),(11477,'192',8,16,1.0,1),(11478,'234',8,23,2.0,1),(11479,'64',8,20,3.0,1),(11480,'233',8,22,3.0,1),(11481,'171',8,19,1.0,1),(11482,'120',8,17,2.0,1),(11483,'222',8,21,1.0,1),(11484,'217',8,18,1.0,1),(11485,'44',8,21,2.0,1),(11486,'26',8,16,1.0,1),(11487,'19',8,18,1.0,1),(11488,'168',8,19,1.0,1),(11489,'99',8,17,2.0,1),(11490,'52',8,22,1.0,1),(11491,'84',8,17,2.0,1),(11492,'107',8,23,1.0,1),(11493,'173',8,16,2.0,1),(11494,'238',8,19,1.0,1),(11495,'43',8,24,2.0,1),(11496,'217',8,20,3.0,1),(11497,'30',8,16,1.0,1),(11498,'73',8,24,1.0,1),(11499,'229',8,21,3.0,1),(11500,'143',8,20,3.0,1),(11501,'132',8,18,3.0,1),(11502,'136',8,20,3.0,1),(11503,'188',8,22,1.0,1),(11504,'165',8,21,2.0,1),(11505,'15',8,19,1.0,1),(11506,'59',8,20,1.0,1),(11507,'115',8,16,3.0,1),(11508,'75',8,18,2.0,1),(11509,'165',8,16,1.0,1),(11510,'110',8,20,3.0,1),(11511,'131',8,20,1.0,1),(11512,'182',8,21,3.0,1),(11513,'103',8,20,1.0,1),(11514,'249',8,20,3.0,1),(11515,'81',8,21,1.0,1),(11516,'53',8,21,1.0,1),(11517,'153',8,20,2.0,1),(11518,'161',8,22,1.0,1),(11519,'11',8,21,3.0,1),(11520,'111',8,24,3.0,1),(11521,'97',8,23,3.0,1),(11522,'163',8,23,3.0,1),(11523,'147',8,21,2.0,1),(11524,'254',8,17,3.0,1),(11525,'2',8,18,3.0,1),(11526,'118',8,18,1.0,1),(11527,'228',8,23,2.0,1),(11528,'235',8,18,1.0,1),(11529,'28',8,23,3.0,1),(11530,'177',8,21,2.0,1),(11531,'122',8,18,2.0,1),(11532,'238',8,17,1.0,1),(11533,'177',8,18,3.0,1),(11534,'64',8,17,3.0,1),(11535,'225',8,18,2.0,1),(11536,'13',8,16,3.0,1),(11537,'117',8,21,3.0,1),(11538,'260',8,23,1.0,1),(11539,'128',8,21,2.0,1),(11540,'34',8,20,1.0,1),(11541,'124',8,17,3.0,1),(11542,'109',8,22,3.0,1),(11543,'63',8,23,1.0,1),(11544,'231',8,18,3.0,1),(11545,'34',8,24,1.0,1),(11546,'218',8,23,3.0,1),(11547,'85',8,22,3.0,1),(11548,'216',8,20,2.0,1),(11549,'167',8,17,2.0,1),(11550,'97',8,20,3.0,1),(11551,'210',8,18,2.0,1),(11552,'177',8,19,3.0,1),(11553,'203',8,21,2.0,1),(11554,'117',8,20,2.0,1),(11555,'224',8,16,2.0,1),(11556,'7',8,18,1.0,1),(11557,'137',8,20,1.0,1),(11558,'160',8,21,2.0,1),(11559,'216',8,20,3.0,1),(11560,'29',8,24,2.0,1),(11561,'200',8,18,2.0,1),(11562,'71',8,19,1.0,1),(11563,'238',8,24,3.0,1),(11564,'139',8,16,1.0,1),(11565,'53',8,24,3.0,1),(11566,'218',8,24,3.0,1),(11567,'105',8,16,3.0,1),(11568,'159',8,22,3.0,1),(11569,'209',8,20,3.0,1),(11570,'256',8,20,2.0,1),(11571,'80',8,21,3.0,1),(11572,'217',8,23,3.0,1),(11573,'218',8,23,3.0,1),(11574,'221',8,18,2.0,1),(11575,'198',8,21,2.0,1),(11576,'166',8,21,1.0,1),(11577,'111',8,19,3.0,1),(11578,'22',8,16,3.0,1),(11579,'95',8,23,1.0,1),(11580,'21',8,18,3.0,1),(11581,'172',8,24,3.0,1),(11582,'57',8,18,1.0,1),(11583,'193',8,24,1.0,1),(11584,'185',8,21,2.0,1),(11585,'183',8,19,1.0,1),(11586,'152',8,24,1.0,1),(11587,'237',8,24,1.0,1),(11588,'239',8,22,2.0,1),(11589,'29',8,24,2.0,1),(11590,'67',8,20,1.0,1),(11591,'176',8,20,3.0,1),(11592,'100',8,21,2.0,1),(11593,'138',8,20,3.0,1),(11594,'149',8,22,3.0,1),(11595,'70',8,17,2.0,1),(11596,'142',8,21,1.0,1),(11597,'51',8,20,1.0,1),(11598,'222',8,21,2.0,1),(11599,'89',8,21,3.0,1),(11600,'233',8,22,1.0,1),(11601,'177',8,18,1.0,1),(11602,'144',8,21,3.0,1),(11603,'168',8,21,2.0,1),(11604,'26',8,23,3.0,1),(11605,'208',8,18,3.0,1),(11606,'107',8,18,2.0,1),(11607,'191',8,17,2.0,1),(11608,'144',8,19,2.0,1),(11609,'187',8,18,3.0,1),(11610,'137',8,16,2.0,1),(11611,'151',8,20,2.0,1),(11612,'202',8,19,2.0,1),(11613,'249',8,20,1.0,1),(11614,'153',8,23,1.0,1),(11615,'106',8,16,3.0,1),(11616,'12',8,20,1.0,1),(11617,'192',8,17,1.0,1),(11618,'162',8,23,2.0,1),(11619,'234',8,19,1.0,1),(11620,'51',8,16,1.0,1),(11621,'220',8,22,2.0,1),(11622,'57',8,23,2.0,1),(11623,'225',8,20,3.0,1),(11624,'190',8,18,2.0,1),(11625,'29',8,22,2.0,1),(11626,'148',8,20,3.0,1),(11627,'135',8,16,1.0,1),(11628,'4',8,18,1.0,1),(11629,'66',8,23,2.0,1),(11630,'159',8,17,3.0,1),(11631,'25',8,20,2.0,1),(11632,'86',8,22,2.0,1),(11633,'95',8,21,2.0,1),(11634,'5',8,21,2.0,1),(11635,'146',8,17,1.0,1),(11636,'195',8,16,2.0,1),(11637,'151',8,21,1.0,1),(11638,'102',8,20,1.0,1),(11639,'64',8,17,1.0,1),(11640,'135',8,21,2.0,1),(11641,'235',8,24,2.0,1),(11642,'110',8,18,2.0,1),(11643,'166',8,20,2.0,1),(11644,'202',8,23,2.0,1),(11645,'81',8,16,3.0,1),(11646,'36',8,17,3.0,1),(11647,'206',8,16,1.0,1),(11648,'210',8,18,3.0,1),(11649,'198',8,19,2.0,1),(11650,'163',8,20,3.0,1),(11651,'116',8,23,1.0,1),(11652,'70',8,22,2.0,1),(11653,'192',8,23,1.0,1),(11654,'253',8,18,2.0,1),(11655,'184',8,22,2.0,1),(11656,'46',8,17,2.0,1),(11657,'39',8,20,2.0,1),(11658,'60',8,21,2.0,1),(11659,'74',8,20,1.0,1),(11660,'128',8,17,3.0,1),(11661,'30',8,22,1.0,1),(11662,'50',8,24,3.0,1),(11663,'104',8,19,2.0,1),(11664,'131',8,23,3.0,1),(11665,'167',8,17,1.0,1),(11666,'115',8,18,2.0,1),(11667,'128',8,21,3.0,1),(11668,'57',8,18,2.0,1),(11669,'55',8,17,2.0,1),(11670,'209',8,16,3.0,1),(11671,'201',8,17,3.0,1),(11672,'209',8,24,1.0,1),(11673,'186',8,19,2.0,1),(11674,'90',8,24,1.0,1),(11675,'107',8,19,1.0,1),(11676,'93',8,18,2.0,1),(11677,'192',8,18,2.0,1),(11678,'182',8,22,2.0,1),(11679,'235',8,22,3.0,1),(11680,'103',8,21,1.0,1),(11681,'162',8,17,2.0,1),(11682,'146',8,20,1.0,1),(11683,'37',8,18,2.0,1),(11684,'256',8,23,3.0,1),(11685,'191',8,23,3.0,1),(11686,'20',8,22,3.0,1),(11687,'205',8,22,2.0,1),(11688,'64',8,23,2.0,1),(11689,'245',8,24,2.0,1),(11690,'116',8,22,1.0,1),(11691,'234',8,23,1.0,1),(11692,'211',8,16,2.0,1),(11693,'39',8,24,1.0,1),(11694,'166',8,23,3.0,1),(11695,'151',8,17,1.0,1),(11696,'252',8,18,2.0,1),(11697,'223',8,20,3.0,1),(11698,'160',8,16,2.0,1),(11699,'246',8,21,2.0,1),(11700,'158',8,19,2.0,1),(11701,'113',8,17,2.0,1),(11702,'158',8,16,1.0,1),(11703,'125',8,24,3.0,1),(11704,'112',8,19,1.0,1),(11705,'215',8,21,3.0,1),(11706,'242',8,17,3.0,1),(11707,'69',8,23,3.0,1),(11708,'50',8,18,1.0,1),(11709,'104',8,17,2.0,1),(11710,'200',8,18,3.0,1),(11711,'208',8,20,1.0,1),(11712,'227',8,18,2.0,1),(11713,'188',8,18,1.0,1),(11714,'165',8,22,1.0,1),(11715,'16',8,21,2.0,1),(11716,'98',8,17,3.0,1),(11717,'207',8,21,3.0,1),(11718,'240',8,24,3.0,1),(11719,'38',8,21,2.0,1),(11720,'19',8,22,1.0,1),(11721,'133',8,18,2.0,1),(11722,'31',8,23,3.0,1),(11723,'243',8,22,2.0,1),(11724,'166',8,22,2.0,1),(11725,'135',8,20,3.0,1),(11726,'68',8,22,3.0,1),(11727,'50',8,17,3.0,1),(11728,'165',8,21,3.0,1),(11729,'57',8,18,2.0,1),(11730,'225',8,22,1.0,1),(11731,'207',8,16,1.0,1),(11732,'218',8,18,2.0,1),(11733,'108',8,20,2.0,1),(11734,'149',8,21,1.0,1),(11735,'101',8,21,3.0,1),(11736,'107',8,17,3.0,1),(11737,'137',8,19,3.0,1),(11738,'208',8,21,3.0,1),(11739,'53',8,23,1.0,1),(11740,'208',8,18,2.0,1),(11741,'40',8,23,2.0,1),(11742,'22',8,20,3.0,1),(11743,'74',8,19,1.0,1),(11744,'114',8,17,3.0,1),(11745,'138',8,18,1.0,1),(11746,'104',8,20,1.0,1),(11747,'168',8,17,2.0,1),(11748,'30',8,21,1.0,1),(11749,'65',8,23,1.0,1),(11750,'237',8,23,2.0,1),(11751,'97',8,19,3.0,1),(11752,'86',8,18,2.0,1),(11753,'23',8,17,1.0,1),(11754,'159',8,19,2.0,1),(11755,'51',8,21,1.0,1),(11756,'158',8,17,2.0,1),(11757,'194',8,18,3.0,1),(11758,'27',8,22,3.0,1),(11759,'50',8,18,3.0,1),(11760,'140',8,19,2.0,1),(11761,'17',8,23,3.0,1),(11762,'74',8,23,3.0,1),(11763,'154',8,19,1.0,1),(11764,'164',8,17,1.0,1),(11765,'183',8,17,3.0,1),(11766,'213',8,23,2.0,1),(11767,'155',8,20,1.0,1),(11768,'2',8,16,3.0,1),(11769,'203',8,21,1.0,1),(11770,'61',8,20,1.0,1),(11771,'42',8,17,2.0,1),(11772,'18',8,21,3.0,1),(11773,'109',8,19,1.0,1),(11774,'255',8,20,1.0,1),(11775,'35',8,23,3.0,1),(11776,'183',8,23,2.0,1),(11777,'111',8,24,1.0,1),(11778,'108',8,16,2.0,1),(11779,'87',8,22,3.0,1),(11780,'12',8,19,1.0,1),(11781,'164',8,20,3.0,1),(11782,'13',8,17,2.0,1),(11783,'222',8,18,3.0,1),(11784,'166',8,24,1.0,1),(11785,'24',8,24,3.0,1),(11786,'17',8,18,3.0,1),(11787,'147',8,18,2.0,1),(11788,'215',8,20,2.0,1),(11789,'161',8,20,1.0,1),(11790,'198',8,20,2.0,1),(11791,'119',8,20,2.0,1),(11792,'134',8,19,3.0,1),(11793,'41',8,18,2.0,1),(11794,'86',8,20,3.0,1),(11795,'68',8,20,3.0,1),(11796,'65',8,19,2.0,1),(11797,'153',8,23,3.0,1),(11798,'43',8,23,1.0,1),(11799,'31',8,23,2.0,1),(11800,'250',8,19,2.0,1),(11801,'254',8,20,3.0,1),(11802,'132',8,19,3.0,1),(11803,'52',8,16,3.0,1),(11804,'36',8,17,3.0,1),(11805,'24',8,17,1.0,1),(11806,'139',8,17,2.0,1),(11807,'83',8,18,2.0,1),(11808,'86',8,18,2.0,1),(11809,'146',8,24,2.0,1),(11810,'241',8,23,2.0,1),(11811,'251',8,19,3.0,1),(11812,'61',8,20,1.0,1),(11813,'103',8,22,2.0,1),(11814,'224',8,18,1.0,1),(11815,'102',8,20,1.0,1),(11816,'95',8,21,1.0,1),(11817,'30',8,18,3.0,1),(11818,'194',8,21,2.0,1),(11819,'9',8,21,2.0,1),(11820,'92',8,21,3.0,1),(11821,'23',8,20,3.0,1),(11822,'78',8,17,1.0,1),(11823,'33',8,18,3.0,1),(11824,'116',8,17,2.0,1),(11825,'228',8,18,1.0,1),(11826,'32',8,20,2.0,1),(11827,'238',8,19,3.0,1),(11828,'252',8,22,2.0,1),(11829,'204',8,16,3.0,1),(11830,'17',8,19,1.0,1),(11831,'241',8,21,2.0,1),(11832,'29',8,18,1.0,1),(11833,'54',8,20,1.0,1),(11834,'25',8,21,3.0,1),(11835,'65',8,23,1.0,1),(11836,'167',8,17,1.0,1),(11837,'29',8,17,3.0,1),(11838,'14',8,24,1.0,1),(11839,'116',8,18,2.0,1),(11840,'56',8,22,1.0,1),(11841,'156',8,19,1.0,1),(11842,'11',8,20,1.0,1),(11843,'182',8,22,3.0,1),(11844,'130',8,20,1.0,1),(11845,'45',8,21,2.0,1),(11846,'4',8,18,1.0,1),(11847,'256',8,20,3.0,1),(11848,'187',8,23,1.0,1),(11849,'139',8,17,3.0,1),(11850,'206',8,24,1.0,1),(11851,'211',8,18,2.0,1),(11852,'54',8,17,1.0,1),(11853,'84',8,20,3.0,1),(11854,'33',8,18,1.0,1),(11855,'133',8,18,3.0,1),(11856,'189',8,18,3.0,1),(11857,'78',8,21,1.0,1),(11858,'154',8,20,2.0,1),(11859,'79',8,18,2.0,1),(11860,'199',8,20,1.0,1),(11861,'260',8,24,1.0,1),(11862,'4',8,24,1.0,1),(11863,'54',8,23,2.0,1),(11864,'241',8,24,1.0,1),(11865,'112',8,23,2.0,1),(11866,'124',8,24,2.0,1),(11867,'241',8,20,1.0,1),(11868,'165',8,24,3.0,1),(11869,'148',8,23,2.0,1),(11870,'133',8,18,1.0,1),(11871,'230',8,18,1.0,1),(11872,'230',8,23,1.0,1),(11873,'188',8,20,3.0,1),(11874,'107',8,16,3.0,1),(11875,'229',8,17,1.0,1),(11876,'43',8,17,2.0,1),(11877,'128',8,24,2.0,1),(11878,'229',8,20,1.0,1),(11879,'245',8,18,1.0,1),(11880,'129',8,24,3.0,1),(11881,'213',8,22,2.0,1),(11882,'83',8,16,2.0,1),(11883,'153',8,17,2.0,1),(11884,'208',8,22,3.0,1),(11885,'195',8,20,2.0,1),(11886,'191',8,21,2.0,1),(11887,'167',8,20,1.0,1),(11888,'246',8,23,2.0,1),(11889,'140',8,23,2.0,1),(11890,'115',8,18,1.0,1),(11891,'115',8,22,2.0,1),(11892,'219',8,18,2.0,1),(11893,'101',8,18,2.0,1),(11894,'178',8,18,2.0,1),(11895,'166',8,19,1.0,1),(11896,'97',8,20,3.0,1),(11897,'123',8,16,3.0,1),(11898,'22',8,22,1.0,1),(11899,'140',8,18,1.0,1),(11900,'195',8,18,3.0,1),(11901,'233',8,22,2.0,1),(11902,'110',8,17,2.0,1),(11903,'217',8,21,1.0,1),(11904,'96',8,17,2.0,1),(11905,'235',8,18,3.0,1),(11906,'10',8,21,1.0,1),(11907,'71',8,20,2.0,1),(11908,'129',8,18,2.0,1),(11909,'22',8,23,1.0,1),(11910,'196',8,23,2.0,1),(11911,'243',8,22,1.0,1),(11912,'182',8,22,1.0,1),(11913,'97',8,18,2.0,1),(11914,'59',8,19,3.0,1),(11915,'119',8,22,1.0,1),(11916,'85',8,19,2.0,1),(11917,'175',8,22,2.0,1),(11918,'150',8,18,3.0,1),(11919,'47',8,22,3.0,1),(11920,'143',8,21,2.0,1),(11921,'124',8,20,1.0,1),(11922,'185',8,23,1.0,1),(11923,'19',8,20,2.0,1),(11924,'80',8,16,1.0,1),(11925,'118',8,18,1.0,1),(11926,'225',8,17,2.0,1),(11927,'132',8,22,3.0,1),(11928,'156',8,18,2.0,1),(11929,'180',8,23,3.0,1),(11930,'240',8,23,1.0,1),(11931,'96',8,17,1.0,1),(11932,'40',8,21,2.0,1),(11933,'197',8,17,2.0,1),(11934,'254',8,23,3.0,1),(11935,'24',8,23,1.0,1),(11936,'131',8,17,3.0,1),(11937,'68',8,18,3.0,1),(11938,'225',8,21,2.0,1),(11939,'206',8,18,3.0,1),(11940,'76',8,20,3.0,1),(11941,'138',8,17,1.0,1),(11942,'183',8,17,3.0,1),(11943,'53',8,17,3.0,1),(11944,'30',8,23,1.0,1),(11945,'76',8,22,1.0,1),(11946,'81',8,23,1.0,1),(11947,'240',8,18,3.0,1),(11948,'124',8,20,2.0,1),(11949,'69',8,18,2.0,1),(11950,'46',8,16,2.0,1),(11951,'64',8,18,2.0,1),(11952,'177',8,17,3.0,1),(11953,'185',8,18,3.0,1),(11954,'203',8,20,2.0,1),(11955,'68',8,18,2.0,1),(11956,'70',8,17,3.0,1),(11957,'173',8,23,2.0,1),(11958,'59',8,24,3.0,1),(11959,'178',8,23,3.0,1),(11960,'244',8,21,1.0,1),(11961,'107',8,21,1.0,1),(11962,'88',8,20,1.0,1),(11963,'193',8,21,1.0,1),(11964,'32',8,24,1.0,1),(11965,'180',8,21,2.0,1),(11966,'152',8,24,1.0,1),(11967,'224',8,21,2.0,1),(11968,'79',8,21,3.0,1),(11969,'106',8,21,1.0,1),(11970,'222',8,22,3.0,1),(11971,'67',8,24,1.0,1),(11972,'260',8,22,1.0,1),(11973,'177',8,24,1.0,1),(11974,'16',8,20,1.0,1),(11975,'129',8,17,3.0,1),(11976,'76',8,21,2.0,1),(11977,'237',8,21,3.0,1),(11978,'187',8,17,3.0,1),(11979,'247',8,17,3.0,1),(11980,'193',8,19,1.0,1),(11981,'182',8,20,2.0,1),(11982,'256',8,22,3.0,1),(11983,'29',8,24,2.0,1),(11984,'217',8,20,1.0,1),(11985,'136',8,23,2.0,1),(11986,'254',8,18,1.0,1),(11987,'67',8,21,2.0,1),(11988,'142',8,21,1.0,1),(11989,'48',8,18,3.0,1),(11990,'148',8,18,3.0,1),(11991,'182',8,17,3.0,1),(11992,'71',8,18,2.0,1),(11993,'50',8,16,2.0,1),(11994,'75',8,18,1.0,1),(11995,'167',8,21,1.0,1),(11996,'88',8,20,2.0,1),(11997,'150',8,20,1.0,1),(11998,'144',8,24,2.0,1),(11999,'87',8,20,1.0,1),(12000,'87',8,24,3.0,1),(12001,'98',9,24,2.0,1),(12002,'152',9,17,2.0,1),(12003,'256',9,22,3.0,1),(12004,'108',9,19,1.0,1),(12005,'253',9,18,1.0,1),(12006,'9',9,16,1.0,1),(12007,'245',9,17,3.0,1),(12008,'245',9,19,1.0,1),(12009,'247',9,21,3.0,1),(12010,'113',9,17,2.0,1),(12011,'203',9,20,2.0,1),(12012,'72',9,20,2.0,1),(12013,'206',9,19,2.0,1),(12014,'95',9,16,3.0,1),(12015,'225',9,24,3.0,1),(12016,'85',9,16,1.0,1),(12017,'258',9,21,2.0,1),(12018,'138',9,18,3.0,1),(12019,'207',9,16,1.0,1),(12020,'217',9,16,1.0,1),(12021,'48',9,17,3.0,1),(12022,'90',9,24,3.0,1),(12023,'51',9,16,1.0,1),(12024,'164',9,18,3.0,1),(12025,'169',9,21,2.0,1),(12026,'157',9,23,1.0,1),(12027,'33',9,24,1.0,1),(12028,'90',9,16,3.0,1),(12029,'40',9,16,1.0,1),(12030,'113',9,19,2.0,1),(12031,'138',9,21,3.0,1),(12032,'85',9,20,1.0,1),(12033,'97',9,22,3.0,1),(12034,'108',9,17,2.0,1),(12035,'80',9,24,3.0,1),(12036,'69',9,23,3.0,1),(12037,'230',9,19,1.0,1),(12038,'186',9,19,3.0,1),(12039,'205',9,16,2.0,1),(12040,'88',9,17,3.0,1),(12041,'50',9,23,1.0,1),(12042,'187',9,24,2.0,1),(12043,'150',9,17,2.0,1),(12044,'187',9,21,2.0,1),(12045,'149',9,18,2.0,1),(12046,'72',9,21,3.0,1),(12047,'65',9,21,1.0,1),(12048,'154',9,24,2.0,1),(12049,'248',9,18,2.0,1),(12050,'1',9,24,1.0,1),(12051,'133',9,24,1.0,1),(12052,'248',9,20,3.0,1),(12053,'16',9,18,1.0,1),(12054,'203',9,23,3.0,1),(12055,'208',9,24,3.0,1),(12056,'213',9,22,1.0,1),(12057,'184',9,24,1.0,1),(12058,'225',9,16,3.0,1),(12059,'72',9,16,1.0,1),(12060,'79',9,23,3.0,1),(12061,'70',9,23,2.0,1),(12062,'102',9,18,1.0,1),(12063,'93',9,19,2.0,1),(12064,'68',9,18,1.0,1),(12065,'244',9,16,3.0,1),(12066,'53',9,24,2.0,1),(12067,'196',9,16,3.0,1),(12068,'64',9,18,3.0,1),(12069,'106',9,21,3.0,1),(12070,'140',9,22,3.0,1),(12071,'127',9,18,1.0,1),(12072,'85',9,23,1.0,1),(12073,'93',9,21,2.0,1),(12074,'256',9,23,1.0,1),(12075,'145',9,21,3.0,1),(12076,'111',9,24,3.0,1),(12077,'107',9,16,2.0,1),(12078,'113',9,16,2.0,1),(12079,'225',9,24,3.0,1),(12080,'48',9,19,1.0,1),(12081,'61',9,19,2.0,1),(12082,'97',9,23,3.0,1),(12083,'29',9,24,1.0,1),(12084,'4',9,17,3.0,1),(12085,'246',9,24,2.0,1),(12086,'4',9,24,2.0,1),(12087,'192',9,24,3.0,1),(12088,'158',9,21,3.0,1),(12089,'102',9,16,2.0,1),(12090,'59',9,23,2.0,1),(12091,'19',9,21,2.0,1),(12092,'238',9,17,1.0,1),(12093,'85',9,22,2.0,1),(12094,'16',9,20,1.0,1),(12095,'15',9,19,2.0,1),(12096,'242',9,23,2.0,1),(12097,'257',9,16,1.0,1),(12098,'78',9,17,1.0,1),(12099,'195',9,24,3.0,1),(12100,'88',9,24,2.0,1),(12101,'22',9,16,2.0,1),(12102,'109',9,20,3.0,1),(12103,'206',9,23,3.0,1),(12104,'152',9,22,1.0,1),(12105,'148',9,21,1.0,1),(12106,'66',9,21,1.0,1),(12107,'79',9,24,2.0,1),(12108,'168',9,19,1.0,1),(12109,'168',9,21,3.0,1),(12110,'167',9,16,1.0,1),(12111,'196',9,19,3.0,1),(12112,'234',9,19,3.0,1),(12113,'254',9,23,1.0,1),(12114,'224',9,19,1.0,1),(12115,'76',9,20,1.0,1),(12116,'2',9,17,2.0,1),(12117,'190',9,21,2.0,1),(12118,'23',9,24,1.0,1),(12119,'187',9,20,2.0,1),(12120,'252',9,18,2.0,1),(12121,'208',9,17,2.0,1),(12122,'113',9,16,3.0,1),(12123,'224',9,19,3.0,1),(12124,'43',9,19,1.0,1),(12125,'148',9,24,3.0,1),(12126,'254',9,18,2.0,1),(12127,'22',9,23,1.0,1),(12128,'179',9,21,1.0,1),(12129,'138',9,16,3.0,1),(12130,'63',9,21,2.0,1),(12131,'224',9,23,1.0,1),(12132,'253',9,24,1.0,1),(12133,'15',9,22,3.0,1),(12134,'196',9,17,3.0,1),(12135,'219',9,16,1.0,1),(12136,'41',9,24,1.0,1),(12137,'166',9,21,1.0,1),(12138,'191',9,21,3.0,1),(12139,'7',9,20,3.0,1),(12140,'194',9,23,2.0,1),(12141,'244',9,19,1.0,1),(12142,'118',9,23,3.0,1),(12143,'239',9,17,1.0,1),(12144,'188',9,23,1.0,1),(12145,'103',9,21,2.0,1),(12146,'167',9,21,1.0,1),(12147,'39',9,22,3.0,1),(12148,'190',9,19,3.0,1),(12149,'182',9,16,1.0,1),(12150,'102',9,24,2.0,1),(12151,'4',9,16,1.0,1),(12152,'53',9,17,3.0,1),(12153,'220',9,21,1.0,1),(12154,'221',9,24,3.0,1),(12155,'250',9,17,3.0,1),(12156,'180',9,16,1.0,1),(12157,'124',9,16,2.0,1),(12158,'118',9,16,2.0,1),(12159,'111',9,22,1.0,1),(12160,'179',9,20,1.0,1),(12161,'172',9,16,1.0,1),(12162,'89',9,16,1.0,1),(12163,'56',9,22,3.0,1),(12164,'134',9,21,2.0,1),(12165,'257',9,24,1.0,1),(12166,'182',9,23,2.0,1),(12167,'220',9,24,2.0,1),(12168,'241',9,19,3.0,1),(12169,'255',9,17,1.0,1),(12170,'259',9,24,1.0,1),(12171,'156',9,18,3.0,1),(12172,'255',9,17,3.0,1),(12173,'153',9,18,3.0,1),(12174,'22',9,21,1.0,1),(12175,'216',9,20,1.0,1),(12176,'236',9,22,1.0,1),(12177,'80',9,23,2.0,1),(12178,'132',9,19,1.0,1),(12179,'206',9,16,1.0,1),(12180,'74',9,21,1.0,1),(12181,'190',9,18,2.0,1),(12182,'5',9,16,2.0,1),(12183,'65',9,21,1.0,1),(12184,'90',9,17,2.0,1),(12185,'162',9,21,1.0,1),(12186,'136',9,17,3.0,1),(12187,'112',9,18,1.0,1),(12188,'174',9,22,2.0,1),(12189,'13',9,22,2.0,1),(12190,'137',9,17,2.0,1),(12191,'48',9,22,1.0,1),(12192,'112',9,22,1.0,1),(12193,'118',9,24,2.0,1),(12194,'247',9,16,1.0,1),(12195,'40',9,21,1.0,1),(12196,'177',9,20,3.0,1),(12197,'66',9,22,1.0,1),(12198,'238',9,23,1.0,1),(12199,'204',9,22,1.0,1),(12200,'161',9,17,1.0,1),(12201,'59',9,18,1.0,1),(12202,'255',9,21,3.0,1),(12203,'181',9,18,1.0,1),(12204,'82',9,19,1.0,1),(12205,'231',9,24,1.0,1),(12206,'92',9,16,1.0,1),(12207,'257',9,17,3.0,1),(12208,'229',9,24,3.0,1),(12209,'73',9,16,3.0,1),(12210,'72',9,21,2.0,1),(12211,'127',9,21,1.0,1),(12212,'162',9,24,2.0,1),(12213,'186',9,23,1.0,1),(12214,'208',9,17,2.0,1),(12215,'191',9,18,3.0,1),(12216,'254',9,21,1.0,1),(12217,'242',9,23,1.0,1),(12218,'9',9,16,3.0,1),(12219,'63',9,18,3.0,1),(12220,'197',9,17,2.0,1),(12221,'29',9,16,1.0,1),(12222,'40',9,19,1.0,1),(12223,'29',9,23,2.0,1),(12224,'153',9,17,3.0,1),(12225,'2',9,24,1.0,1),(12226,'42',9,19,2.0,1),(12227,'162',9,17,3.0,1),(12228,'152',9,21,2.0,1),(12229,'137',9,16,3.0,1),(12230,'37',9,24,1.0,1),(12231,'102',9,16,1.0,1),(12232,'232',9,20,1.0,1),(12233,'193',9,19,2.0,1),(12234,'232',9,16,1.0,1),(12235,'155',9,19,1.0,1),(12236,'45',9,20,3.0,1),(12237,'40',9,23,3.0,1),(12238,'227',9,20,3.0,1),(12239,'150',9,16,1.0,1),(12240,'215',9,24,3.0,1),(12241,'173',9,22,3.0,1),(12242,'231',9,21,1.0,1),(12243,'12',9,20,2.0,1),(12244,'10',9,18,1.0,1),(12245,'30',9,19,2.0,1),(12246,'124',9,23,3.0,1),(12247,'29',9,18,3.0,1),(12248,'153',9,16,1.0,1),(12249,'18',9,21,3.0,1),(12250,'167',9,18,2.0,1),(12251,'146',9,20,1.0,1),(12252,'179',9,20,1.0,1),(12253,'44',9,23,1.0,1),(12254,'29',9,23,2.0,1),(12255,'79',9,17,1.0,1),(12256,'116',9,23,2.0,1),(12257,'25',9,21,3.0,1),(12258,'40',9,17,1.0,1),(12259,'240',9,19,1.0,1),(12260,'124',9,19,1.0,1),(12261,'223',9,21,2.0,1),(12262,'12',9,21,3.0,1),(12263,'198',9,24,3.0,1),(12264,'87',9,21,3.0,1),(12265,'193',9,20,1.0,1),(12266,'243',9,19,1.0,1),(12267,'174',9,22,3.0,1),(12268,'22',9,19,1.0,1),(12269,'33',9,24,2.0,1),(12270,'1',9,20,1.0,1),(12271,'225',9,21,1.0,1),(12272,'212',9,17,1.0,1),(12273,'16',9,17,3.0,1),(12274,'142',9,18,3.0,1),(12275,'89',9,18,3.0,1),(12276,'166',9,19,2.0,1),(12277,'111',9,21,1.0,1),(12278,'196',9,19,3.0,1),(12279,'64',9,16,2.0,1),(12280,'64',9,20,1.0,1),(12281,'62',9,18,3.0,1),(12282,'255',9,19,2.0,1),(12283,'5',9,20,1.0,1),(12284,'18',9,19,2.0,1),(12285,'105',9,17,1.0,1),(12286,'122',9,22,2.0,1),(12287,'55',9,19,1.0,1),(12288,'111',9,24,1.0,1),(12289,'74',9,24,3.0,1),(12290,'160',9,16,2.0,1),(12291,'138',9,21,3.0,1),(12292,'204',9,16,2.0,1),(12293,'93',9,16,3.0,1),(12294,'101',9,19,1.0,1),(12295,'154',9,24,2.0,1),(12296,'55',9,24,2.0,1),(12297,'198',9,24,1.0,1),(12298,'38',9,20,1.0,1),(12299,'205',9,24,3.0,1),(12300,'232',9,20,3.0,1),(12301,'160',9,19,2.0,1),(12302,'24',9,24,2.0,1),(12303,'190',9,21,3.0,1),(12304,'257',9,16,1.0,1),(12305,'120',9,22,1.0,1),(12306,'44',9,24,3.0,1),(12307,'246',9,18,3.0,1),(12308,'214',9,23,2.0,1),(12309,'216',9,22,3.0,1),(12310,'100',9,17,3.0,1),(12311,'118',9,17,3.0,1),(12312,'190',9,18,3.0,1),(12313,'238',9,19,2.0,1),(12314,'18',9,23,2.0,1),(12315,'239',9,21,2.0,1),(12316,'67',9,18,2.0,1),(12317,'59',9,22,1.0,1),(12318,'218',9,21,2.0,1),(12319,'216',9,23,2.0,1),(12320,'66',9,19,2.0,1),(12321,'167',9,20,3.0,1),(12322,'54',9,16,3.0,1),(12323,'38',9,17,1.0,1),(12324,'52',9,24,1.0,1),(12325,'63',9,18,2.0,1),(12326,'148',9,19,3.0,1),(12327,'200',9,24,2.0,1),(12328,'211',9,23,1.0,1),(12329,'115',9,20,1.0,1),(12330,'22',9,17,2.0,1),(12331,'91',9,21,3.0,1),(12332,'69',9,21,3.0,1),(12333,'215',9,23,1.0,1),(12334,'2',9,16,2.0,1),(12335,'73',9,19,2.0,1),(12336,'253',9,23,1.0,1),(12337,'92',9,19,1.0,1),(12338,'83',9,21,2.0,1),(12339,'149',9,23,1.0,1),(12340,'96',9,23,1.0,1),(12341,'215',9,19,1.0,1),(12342,'211',9,22,3.0,1),(12343,'191',9,16,3.0,1),(12344,'240',9,24,2.0,1),(12345,'45',9,16,2.0,1),(12346,'219',9,20,3.0,1),(12347,'73',9,16,1.0,1),(12348,'2',9,24,1.0,1),(12349,'222',9,17,1.0,1),(12350,'42',9,16,2.0,1),(12351,'150',9,23,3.0,1),(12352,'234',9,24,3.0,1),(12353,'227',9,21,1.0,1),(12354,'160',9,16,1.0,1),(12355,'113',9,24,3.0,1),(12356,'171',9,22,1.0,1),(12357,'2',9,16,3.0,1),(12358,'196',9,23,3.0,1),(12359,'70',9,21,1.0,1),(12360,'240',9,21,3.0,1),(12361,'127',9,19,3.0,1),(12362,'54',9,22,3.0,1),(12363,'240',9,23,3.0,1),(12364,'41',9,16,3.0,1),(12365,'46',9,24,2.0,1),(12366,'214',9,16,3.0,1),(12367,'124',9,22,1.0,1),(12368,'59',9,21,2.0,1),(12369,'221',9,23,3.0,1),(12370,'15',9,23,1.0,1),(12371,'78',9,18,2.0,1),(12372,'43',9,23,3.0,1),(12373,'115',9,18,1.0,1),(12374,'40',9,22,1.0,1),(12375,'242',9,19,1.0,1),(12376,'165',9,23,3.0,1),(12377,'98',9,22,3.0,1),(12378,'42',9,23,3.0,1),(12379,'29',9,19,2.0,1),(12380,'46',9,20,2.0,1),(12381,'64',9,21,2.0,1),(12382,'199',9,23,2.0,1),(12383,'63',9,24,2.0,1),(12384,'248',9,17,1.0,1),(12385,'259',9,19,2.0,1),(12386,'9',9,21,2.0,1),(12387,'134',9,16,3.0,1),(12388,'103',9,24,3.0,1),(12389,'46',9,16,1.0,1),(12390,'224',9,23,1.0,1),(12391,'194',9,20,2.0,1),(12392,'100',9,18,3.0,1),(12393,'190',9,23,3.0,1),(12394,'93',9,20,1.0,1),(12395,'46',9,23,1.0,1),(12396,'64',9,23,3.0,1),(12397,'133',9,21,3.0,1),(12398,'159',9,24,3.0,1),(12399,'143',9,22,2.0,1),(12400,'155',9,24,3.0,1),(12401,'82',9,17,2.0,1),(12402,'190',9,16,1.0,1),(12403,'253',9,21,2.0,1),(12404,'57',9,16,3.0,1),(12405,'204',9,21,3.0,1),(12406,'210',9,16,2.0,1),(12407,'162',9,21,3.0,1),(12408,'127',9,16,3.0,1),(12409,'214',9,16,2.0,1),(12410,'63',9,17,1.0,1),(12411,'170',9,24,3.0,1),(12412,'160',9,17,1.0,1),(12413,'16',9,22,3.0,1),(12414,'251',9,23,2.0,1),(12415,'182',9,21,2.0,1),(12416,'157',9,16,3.0,1),(12417,'199',9,21,2.0,1),(12418,'50',9,18,2.0,1),(12419,'156',9,17,1.0,1),(12420,'235',9,20,3.0,1),(12421,'17',9,16,1.0,1),(12422,'75',9,24,2.0,1),(12423,'258',9,18,3.0,1),(12424,'103',9,21,3.0,1),(12425,'148',9,24,3.0,1),(12426,'118',9,16,2.0,1),(12427,'49',9,21,1.0,1),(12428,'135',9,24,1.0,1),(12429,'29',9,16,1.0,1),(12430,'214',9,19,2.0,1),(12431,'4',9,24,3.0,1),(12432,'54',9,17,3.0,1),(12433,'257',9,21,2.0,1),(12434,'255',9,18,2.0,1),(12435,'195',9,19,3.0,1),(12436,'159',9,16,2.0,1),(12437,'205',9,23,2.0,1),(12438,'47',9,24,2.0,1),(12439,'257',9,17,2.0,1),(12440,'21',9,23,3.0,1),(12441,'12',9,24,3.0,1),(12442,'94',9,21,3.0,1),(12443,'115',9,19,1.0,1),(12444,'20',9,23,2.0,1),(12445,'210',9,22,2.0,1),(12446,'79',9,18,3.0,1),(12447,'17',9,21,2.0,1),(12448,'188',9,18,3.0,1),(12449,'133',9,19,2.0,1),(12450,'146',9,16,1.0,1),(12451,'121',9,23,1.0,1),(12452,'227',9,17,2.0,1),(12453,'233',9,21,3.0,1),(12454,'235',9,16,1.0,1),(12455,'184',9,20,2.0,1),(12456,'44',9,24,3.0,1),(12457,'200',9,22,3.0,1),(12458,'66',9,23,1.0,1),(12459,'227',9,20,3.0,1),(12460,'35',9,19,3.0,1),(12461,'34',9,19,3.0,1),(12462,'89',9,16,2.0,1),(12463,'116',9,21,3.0,1),(12464,'159',9,17,1.0,1),(12465,'66',9,24,2.0,1),(12466,'137',9,23,3.0,1),(12467,'62',9,16,3.0,1),(12468,'6',9,21,2.0,1),(12469,'131',9,24,3.0,1),(12470,'106',9,16,2.0,1),(12471,'212',9,21,1.0,1),(12472,'47',9,22,1.0,1),(12473,'205',9,18,2.0,1),(12474,'152',9,19,2.0,1),(12475,'4',9,16,3.0,1),(12476,'118',9,24,2.0,1),(12477,'50',9,23,3.0,1),(12478,'199',9,17,2.0,1),(12479,'58',9,18,3.0,1),(12480,'168',9,18,3.0,1),(12481,'67',9,17,3.0,1),(12482,'76',9,21,2.0,1),(12483,'221',9,16,2.0,1),(12484,'134',9,17,2.0,1),(12485,'29',9,21,1.0,1),(12486,'163',9,18,1.0,1),(12487,'21',9,17,3.0,1),(12488,'29',9,21,3.0,1),(12489,'126',9,21,1.0,1),(12490,'125',9,22,3.0,1),(12491,'27',9,17,2.0,1),(12492,'28',9,23,2.0,1),(12493,'41',9,16,3.0,1),(12494,'175',9,16,2.0,1),(12495,'22',9,17,1.0,1),(12496,'209',9,24,3.0,1),(12497,'172',9,23,3.0,1),(12498,'168',9,16,3.0,1),(12499,'141',9,21,3.0,1),(12500,'155',9,21,1.0,1),(12501,'51',9,21,3.0,1),(12502,'109',9,17,3.0,1),(12503,'80',9,24,3.0,1),(12504,'53',9,19,2.0,1),(12505,'182',9,19,2.0,1),(12506,'36',9,23,3.0,1),(12507,'170',9,24,2.0,1),(12508,'183',9,24,2.0,1),(12509,'220',9,16,2.0,1),(12510,'205',9,23,3.0,1),(12511,'76',9,16,2.0,1),(12512,'206',9,24,3.0,1),(12513,'219',9,20,2.0,1),(12514,'12',9,21,1.0,1),(12515,'101',9,20,2.0,1),(12516,'191',9,16,1.0,1),(12517,'39',9,17,3.0,1),(12518,'177',9,16,3.0,1),(12519,'98',9,22,3.0,1),(12520,'59',9,19,1.0,1),(12521,'55',9,20,3.0,1),(12522,'26',9,17,3.0,1),(12523,'94',9,18,2.0,1),(12524,'158',9,17,1.0,1),(12525,'56',9,21,3.0,1),(12526,'135',9,16,3.0,1),(12527,'251',9,24,2.0,1),(12528,'42',9,20,3.0,1),(12529,'197',9,24,2.0,1),(12530,'68',9,16,3.0,1),(12531,'102',9,22,3.0,1),(12532,'169',9,20,3.0,1),(12533,'256',9,17,2.0,1),(12534,'132',9,21,3.0,1),(12535,'134',9,24,3.0,1),(12536,'13',9,18,2.0,1),(12537,'239',9,19,2.0,1),(12538,'197',9,21,3.0,1),(12539,'201',9,17,1.0,1),(12540,'65',9,20,3.0,1),(12541,'40',9,19,2.0,1),(12542,'197',9,17,1.0,1),(12543,'243',9,16,3.0,1),(12544,'34',9,18,2.0,1),(12545,'73',9,18,2.0,1),(12546,'181',9,17,1.0,1),(12547,'215',9,23,3.0,1),(12548,'68',9,16,1.0,1),(12549,'258',9,22,3.0,1),(12550,'150',9,16,3.0,1),(12551,'225',9,24,1.0,1),(12552,'6',9,19,1.0,1),(12553,'165',9,24,3.0,1),(12554,'84',9,23,3.0,1),(12555,'112',9,17,2.0,1),(12556,'238',9,24,2.0,1),(12557,'100',9,21,1.0,1),(12558,'207',9,17,1.0,1),(12559,'80',9,17,3.0,1),(12560,'201',9,20,1.0,1),(12561,'194',9,23,2.0,1),(12562,'153',9,19,3.0,1),(12563,'221',9,19,2.0,1),(12564,'178',9,24,2.0,1),(12565,'189',9,24,1.0,1),(12566,'188',9,21,3.0,1),(12567,'171',9,17,2.0,1),(12568,'2',9,23,3.0,1),(12569,'18',9,16,3.0,1),(12570,'218',9,16,1.0,1),(12571,'113',9,18,1.0,1),(12572,'100',9,23,3.0,1),(12573,'186',9,19,3.0,1),(12574,'120',9,16,1.0,1),(12575,'241',9,24,3.0,1),(12576,'237',9,17,3.0,1),(12577,'144',9,23,1.0,1),(12578,'248',9,24,2.0,1),(12579,'90',9,23,3.0,1),(12580,'75',9,18,1.0,1),(12581,'88',9,16,2.0,1),(12582,'124',9,17,3.0,1),(12583,'220',9,21,3.0,1),(12584,'27',9,19,1.0,1),(12585,'35',9,16,1.0,1),(12586,'140',9,23,2.0,1),(12587,'227',9,17,2.0,1),(12588,'25',9,16,2.0,1),(12589,'62',9,16,2.0,1),(12590,'16',9,22,1.0,1),(12591,'259',9,22,1.0,1),(12592,'243',9,21,3.0,1),(12593,'203',9,24,1.0,1),(12594,'231',9,23,3.0,1),(12595,'179',9,18,2.0,1),(12596,'114',9,16,1.0,1),(12597,'85',9,23,2.0,1),(12598,'138',9,21,2.0,1),(12599,'85',9,17,1.0,1),(12600,'93',9,19,3.0,1),(12601,'150',9,20,2.0,1),(12602,'199',9,21,3.0,1),(12603,'111',9,17,1.0,1),(12604,'214',9,17,2.0,1),(12605,'119',9,21,3.0,1),(12606,'146',9,24,1.0,1),(12607,'28',9,17,2.0,1),(12608,'152',9,20,3.0,1),(12609,'240',9,24,3.0,1),(12610,'191',9,20,2.0,1),(12611,'68',9,20,2.0,1),(12612,'185',9,23,3.0,1),(12613,'112',9,17,1.0,1),(12614,'132',9,18,1.0,1),(12615,'36',9,24,1.0,1),(12616,'26',9,22,2.0,1),(12617,'35',9,19,1.0,1),(12618,'221',9,16,1.0,1),(12619,'70',9,17,1.0,1),(12620,'149',9,21,1.0,1),(12621,'242',9,16,3.0,1),(12622,'25',9,21,2.0,1),(12623,'180',9,17,1.0,1),(12624,'111',9,24,2.0,1),(12625,'191',9,24,3.0,1),(12626,'76',9,20,3.0,1),(12627,'194',9,19,1.0,1),(12628,'220',9,18,2.0,1),(12629,'52',9,17,2.0,1),(12630,'209',9,19,3.0,1),(12631,'242',9,16,3.0,1),(12632,'126',9,16,3.0,1),(12633,'92',9,16,1.0,1),(12634,'217',9,22,1.0,1),(12635,'194',9,16,1.0,1),(12636,'116',9,19,3.0,1),(12637,'144',9,16,3.0,1),(12638,'177',9,16,2.0,1),(12639,'1',9,17,2.0,1),(12640,'199',9,16,3.0,1),(12641,'165',9,21,2.0,1),(12642,'233',9,17,1.0,1),(12643,'80',9,24,1.0,1),(12644,'232',9,17,3.0,1),(12645,'238',9,17,1.0,1),(12646,'167',9,23,1.0,1),(12647,'123',9,22,3.0,1),(12648,'121',9,18,2.0,1),(12649,'176',9,18,2.0,1),(12650,'177',9,20,3.0,1),(12651,'155',9,22,2.0,1),(12652,'226',9,23,2.0,1),(12653,'72',9,23,3.0,1),(12654,'178',9,24,3.0,1),(12655,'36',9,23,2.0,1),(12656,'43',9,23,1.0,1),(12657,'153',9,23,1.0,1),(12658,'226',9,21,1.0,1),(12659,'62',9,22,3.0,1),(12660,'79',9,17,3.0,1),(12661,'154',9,19,2.0,1),(12662,'221',9,21,1.0,1),(12663,'27',9,19,3.0,1),(12664,'199',9,21,2.0,1),(12665,'230',9,16,1.0,1),(12666,'13',9,21,2.0,1),(12667,'12',9,16,1.0,1),(12668,'65',9,22,2.0,1),(12669,'255',9,23,1.0,1),(12670,'152',9,17,1.0,1),(12671,'169',9,18,1.0,1),(12672,'4',9,24,3.0,1),(12673,'126',9,21,2.0,1),(12674,'10',9,18,3.0,1),(12675,'146',9,20,3.0,1),(12676,'48',9,20,3.0,1),(12677,'201',9,19,2.0,1),(12678,'4',9,21,2.0,1),(12679,'59',9,23,3.0,1),(12680,'247',9,19,3.0,1),(12681,'65',9,18,2.0,1),(12682,'108',9,16,2.0,1),(12683,'76',9,18,3.0,1),(12684,'33',9,23,2.0,1),(12685,'87',9,21,2.0,1),(12686,'71',9,17,2.0,1),(12687,'83',9,17,3.0,1),(12688,'7',9,17,1.0,1),(12689,'195',9,22,2.0,1),(12690,'41',9,20,2.0,1),(12691,'32',9,16,3.0,1),(12692,'235',9,19,2.0,1),(12693,'177',9,16,3.0,1),(12694,'36',9,24,3.0,1),(12695,'174',9,16,3.0,1),(12696,'232',9,16,3.0,1),(12697,'217',9,24,2.0,1),(12698,'71',9,24,1.0,1),(12699,'49',9,19,3.0,1),(12700,'188',9,19,1.0,1),(12701,'56',9,24,2.0,1),(12702,'221',9,16,1.0,1),(12703,'124',9,24,1.0,1),(12704,'136',9,19,3.0,1),(12705,'48',9,17,1.0,1),(12706,'186',9,23,2.0,1),(12707,'62',9,17,3.0,1),(12708,'77',9,16,2.0,1),(12709,'101',9,18,1.0,1),(12710,'80',9,16,2.0,1),(12711,'21',9,16,2.0,1),(12712,'79',9,17,1.0,1),(12713,'249',9,16,3.0,1),(12714,'161',9,16,1.0,1),(12715,'58',9,20,3.0,1),(12716,'59',9,16,2.0,1),(12717,'15',9,16,2.0,1),(12718,'201',9,16,1.0,1),(12719,'105',9,24,3.0,1),(12720,'190',9,19,2.0,1),(12721,'94',9,18,2.0,1),(12722,'44',9,24,2.0,1),(12723,'166',9,20,3.0,1),(12724,'237',9,21,1.0,1),(12725,'218',9,23,3.0,1),(12726,'50',9,17,1.0,1),(12727,'129',9,24,2.0,1),(12728,'80',9,22,1.0,1),(12729,'135',9,23,2.0,1),(12730,'142',9,17,3.0,1),(12731,'233',9,23,3.0,1),(12732,'34',9,23,1.0,1),(12733,'96',9,18,3.0,1),(12734,'190',9,19,1.0,1),(12735,'160',9,17,2.0,1),(12736,'31',9,19,2.0,1),(12737,'225',9,22,3.0,1),(12738,'4',9,16,1.0,1),(12739,'139',9,20,2.0,1),(12740,'50',9,21,3.0,1),(12741,'177',9,22,2.0,1),(12742,'32',9,21,1.0,1),(12743,'169',9,20,1.0,1),(12744,'174',9,23,1.0,1),(12745,'90',9,17,1.0,1),(12746,'77',9,19,2.0,1),(12747,'238',9,21,1.0,1),(12748,'136',9,20,2.0,1),(12749,'169',9,19,1.0,1),(12750,'112',9,17,1.0,1),(12751,'240',9,19,3.0,1),(12752,'241',9,22,3.0,1),(12753,'141',9,19,3.0,1),(12754,'183',9,19,2.0,1),(12755,'186',9,22,3.0,1),(12756,'231',9,22,1.0,1),(12757,'140',9,16,3.0,1),(12758,'130',9,16,3.0,1),(12759,'183',9,20,1.0,1),(12760,'130',9,23,2.0,1),(12761,'229',9,23,2.0,1),(12762,'260',9,23,3.0,1),(12763,'86',9,19,2.0,1),(12764,'85',9,18,3.0,1),(12765,'8',9,16,2.0,1),(12766,'236',9,24,1.0,1),(12767,'49',9,24,1.0,1),(12768,'217',9,23,3.0,1),(12769,'174',9,24,1.0,1),(12770,'255',9,17,1.0,1),(12771,'127',9,16,2.0,1),(12772,'241',9,16,3.0,1),(12773,'30',9,20,3.0,1),(12774,'80',9,24,2.0,1),(12775,'236',9,17,1.0,1),(12776,'197',9,19,3.0,1),(12777,'181',9,21,1.0,1),(12778,'10',9,17,1.0,1),(12779,'94',9,22,1.0,1),(12780,'104',9,17,2.0,1),(12781,'74',9,19,1.0,1),(12782,'65',9,17,2.0,1),(12783,'119',9,24,3.0,1),(12784,'165',9,17,3.0,1),(12785,'184',9,24,1.0,1),(12786,'104',9,20,2.0,1),(12787,'130',9,21,2.0,1),(12788,'10',9,17,3.0,1),(12789,'104',9,19,1.0,1),(12790,'236',9,24,2.0,1),(12791,'192',9,19,1.0,1),(12792,'70',9,18,3.0,1),(12793,'206',9,16,3.0,1),(12794,'130',9,18,3.0,1),(12795,'96',9,24,1.0,1),(12796,'89',9,20,1.0,1),(12797,'57',9,16,3.0,1),(12798,'139',9,21,1.0,1),(12799,'116',9,17,2.0,1),(12800,'201',9,22,2.0,1),(12801,'83',9,17,3.0,1),(12802,'165',9,18,1.0,1),(12803,'45',9,24,1.0,1),(12804,'157',9,24,1.0,1),(12805,'190',9,19,1.0,1),(12806,'106',9,21,1.0,1),(12807,'240',9,21,2.0,1),(12808,'121',9,18,2.0,1),(12809,'62',9,22,3.0,1),(12810,'140',9,16,1.0,1),(12811,'26',9,24,3.0,1),(12812,'251',9,16,3.0,1),(12813,'131',9,16,3.0,1),(12814,'150',9,24,3.0,1),(12815,'110',9,23,3.0,1),(12816,'244',9,16,1.0,1),(12817,'57',9,23,1.0,1),(12818,'203',9,17,2.0,1),(12819,'33',9,19,1.0,1),(12820,'96',9,24,2.0,1),(12821,'115',9,18,2.0,1),(12822,'65',9,21,2.0,1),(12823,'73',9,23,2.0,1),(12824,'3',9,18,3.0,1),(12825,'236',9,23,2.0,1),(12826,'99',9,19,2.0,1),(12827,'2',9,16,3.0,1),(12828,'109',9,19,3.0,1),(12829,'64',9,24,2.0,1),(12830,'31',9,21,2.0,1),(12831,'184',9,22,1.0,1),(12832,'49',9,16,2.0,1),(12833,'217',9,19,1.0,1),(12834,'9',9,18,3.0,1),(12835,'52',9,24,2.0,1),(12836,'192',9,17,2.0,1),(12837,'201',9,24,3.0,1),(12838,'139',9,24,3.0,1),(12839,'215',9,22,2.0,1),(12840,'246',9,20,3.0,1),(12841,'162',9,18,1.0,1),(12842,'138',9,23,3.0,1),(12843,'175',9,18,3.0,1),(12844,'28',9,16,1.0,1),(12845,'6',9,23,1.0,1),(12846,'47',9,19,3.0,1),(12847,'10',9,23,3.0,1),(12848,'64',9,16,3.0,1),(12849,'237',9,16,2.0,1),(12850,'164',9,23,2.0,1),(12851,'79',9,22,3.0,1),(12852,'99',9,16,3.0,1),(12853,'192',9,18,1.0,1),(12854,'207',9,17,3.0,1),(12855,'52',9,18,2.0,1),(12856,'256',9,19,2.0,1),(12857,'111',9,16,2.0,1),(12858,'106',9,16,3.0,1),(12859,'236',9,22,1.0,1),(12860,'89',9,17,3.0,1),(12861,'145',9,19,3.0,1),(12862,'90',9,20,3.0,1),(12863,'13',9,17,2.0,1),(12864,'63',9,22,1.0,1),(12865,'138',9,17,3.0,1),(12866,'46',9,24,1.0,1),(12867,'16',9,19,2.0,1),(12868,'163',9,20,2.0,1),(12869,'34',9,23,2.0,1),(12870,'253',9,17,1.0,1),(12871,'200',9,18,3.0,1),(12872,'254',9,20,3.0,1),(12873,'195',9,23,2.0,1),(12874,'201',9,23,2.0,1),(12875,'151',9,21,3.0,1),(12876,'230',9,23,2.0,1),(12877,'18',9,19,1.0,1),(12878,'41',9,21,1.0,1),(12879,'163',9,21,2.0,1),(12880,'251',9,23,1.0,1),(12881,'227',9,17,2.0,1),(12882,'139',9,16,3.0,1),(12883,'65',9,16,2.0,1),(12884,'227',9,20,1.0,1),(12885,'64',9,17,1.0,1),(12886,'232',9,24,3.0,1),(12887,'158',9,24,1.0,1),(12888,'130',9,21,3.0,1),(12889,'211',9,16,3.0,1),(12890,'135',9,24,3.0,1),(12891,'154',9,21,3.0,1),(12892,'128',9,17,3.0,1),(12893,'60',9,17,3.0,1),(12894,'255',9,21,2.0,1),(12895,'15',9,18,2.0,1),(12896,'220',9,20,1.0,1),(12897,'158',9,22,2.0,1),(12898,'48',9,21,3.0,1),(12899,'50',9,17,2.0,1),(12900,'213',9,23,3.0,1),(12901,'117',9,22,1.0,1),(12902,'124',9,22,1.0,1),(12903,'138',9,17,3.0,1),(12904,'108',9,20,2.0,1),(12905,'110',9,17,1.0,1),(12906,'200',9,18,2.0,1),(12907,'120',9,23,2.0,1),(12908,'238',9,24,1.0,1),(12909,'143',9,17,2.0,1),(12910,'254',9,18,2.0,1),(12911,'47',9,24,3.0,1),(12912,'151',9,21,3.0,1),(12913,'178',9,23,2.0,1),(12914,'219',9,24,2.0,1),(12915,'71',9,16,1.0,1),(12916,'148',9,20,3.0,1),(12917,'81',9,20,2.0,1),(12918,'22',9,17,3.0,1),(12919,'80',9,21,2.0,1),(12920,'45',9,16,2.0,1),(12921,'61',9,23,1.0,1),(12922,'35',9,17,2.0,1),(12923,'46',9,18,2.0,1),(12924,'75',9,24,3.0,1),(12925,'124',9,18,2.0,1),(12926,'245',9,24,3.0,1),(12927,'38',9,24,3.0,1),(12928,'28',9,23,1.0,1),(12929,'169',9,23,3.0,1),(12930,'217',9,18,2.0,1),(12931,'80',9,16,2.0,1),(12932,'256',9,23,1.0,1),(12933,'16',9,16,1.0,1),(12934,'92',9,19,3.0,1),(12935,'148',9,22,3.0,1),(12936,'11',9,18,2.0,1),(12937,'103',9,24,1.0,1),(12938,'163',9,20,3.0,1),(12939,'148',9,19,1.0,1),(12940,'210',9,18,2.0,1),(12941,'119',9,21,1.0,1),(12942,'260',9,24,3.0,1),(12943,'102',9,19,2.0,1),(12944,'60',9,24,1.0,1),(12945,'16',9,16,1.0,1),(12946,'136',9,24,2.0,1),(12947,'19',9,21,1.0,1),(12948,'73',9,22,2.0,1),(12949,'76',9,24,1.0,1),(12950,'39',9,18,2.0,1),(12951,'76',9,22,1.0,1),(12952,'219',9,18,1.0,1),(12953,'162',9,19,1.0,1),(12954,'42',9,16,2.0,1),(12955,'195',9,23,3.0,1),(12956,'17',9,16,1.0,1),(12957,'95',9,18,3.0,1),(12958,'189',9,20,3.0,1),(12959,'114',9,17,2.0,1),(12960,'249',9,16,1.0,1),(12961,'188',9,17,2.0,1),(12962,'228',9,19,3.0,1),(12963,'166',9,24,2.0,1),(12964,'199',9,23,2.0,1),(12965,'136',9,21,3.0,1),(12966,'85',9,19,1.0,1),(12967,'242',9,22,2.0,1),(12968,'239',9,20,3.0,1),(12969,'88',9,21,3.0,1),(12970,'112',9,21,2.0,1),(12971,'125',9,16,3.0,1),(12972,'146',9,19,3.0,1),(12973,'36',9,19,1.0,1),(12974,'134',9,16,2.0,1),(12975,'252',9,21,1.0,1),(12976,'190',9,19,1.0,1),(12977,'59',9,19,3.0,1),(12978,'92',9,16,1.0,1),(12979,'196',9,18,3.0,1),(12980,'114',9,16,1.0,1),(12981,'24',9,22,2.0,1),(12982,'100',9,23,3.0,1),(12983,'126',9,21,2.0,1),(12984,'63',9,17,3.0,1),(12985,'1',9,23,1.0,1),(12986,'92',9,23,2.0,1),(12987,'109',9,17,1.0,1),(12988,'16',9,24,2.0,1),(12989,'34',9,24,3.0,1),(12990,'123',9,23,3.0,1),(12991,'48',9,23,3.0,1),(12992,'128',9,19,2.0,1),(12993,'113',9,21,1.0,1),(12994,'182',9,21,3.0,1),(12995,'216',9,23,1.0,1),(12996,'229',9,24,1.0,1),(12997,'37',9,17,2.0,1),(12998,'7',9,21,2.0,1),(12999,'196',9,24,2.0,1),(13000,'162',9,24,1.0,1),(13001,'103',10,22,1.0,1),(13002,'134',10,24,1.0,1),(13003,'151',10,18,3.0,1),(13004,'172',10,20,2.0,1),(13005,'181',10,22,1.0,1),(13006,'197',10,16,2.0,1),(13007,'72',10,18,1.0,1),(13008,'190',10,16,2.0,1),(13009,'14',10,22,2.0,1),(13010,'54',10,22,1.0,1),(13011,'52',10,21,1.0,1),(13012,'243',10,20,3.0,1),(13013,'120',10,21,2.0,1),(13014,'260',10,16,3.0,1),(13015,'151',10,20,1.0,1),(13016,'185',10,18,2.0,1),(13017,'121',10,18,3.0,1),(13018,'131',10,16,1.0,1),(13019,'5',10,18,1.0,1),(13020,'151',10,19,3.0,1),(13021,'174',10,24,1.0,1),(13022,'43',10,20,1.0,1),(13023,'150',10,16,3.0,1),(13024,'99',10,16,3.0,1),(13025,'139',10,18,1.0,1),(13026,'26',10,22,2.0,1),(13027,'84',10,18,1.0,1),(13028,'107',10,19,2.0,1),(13029,'137',10,16,1.0,1),(13030,'95',10,20,2.0,1),(13031,'184',10,16,2.0,1),(13032,'74',10,16,2.0,1),(13033,'88',10,20,3.0,1),(13034,'53',10,24,1.0,1),(13035,'136',10,16,3.0,1),(13036,'195',10,22,1.0,1),(13037,'176',10,24,1.0,1),(13038,'118',10,23,3.0,1),(13039,'110',10,24,1.0,1),(13040,'33',10,16,2.0,1),(13041,'255',10,20,2.0,1),(13042,'222',10,20,1.0,1),(13043,'58',10,16,1.0,1),(13044,'200',10,19,2.0,1),(13045,'18',10,20,3.0,1),(13046,'8',10,21,1.0,1),(13047,'20',10,22,2.0,1),(13048,'151',10,20,1.0,1),(13049,'162',10,19,3.0,1),(13050,'221',10,23,2.0,1),(13051,'79',10,22,3.0,1),(13052,'206',10,19,3.0,1),(13053,'67',10,18,2.0,1),(13054,'188',10,24,3.0,1),(13055,'176',10,24,3.0,1),(13056,'50',10,23,1.0,1),(13057,'23',10,18,1.0,1),(13058,'124',10,20,3.0,1),(13059,'54',10,18,1.0,1),(13060,'99',10,16,2.0,1),(13061,'19',10,23,1.0,1),(13062,'12',10,24,2.0,1),(13063,'92',10,23,3.0,1),(13064,'150',10,16,3.0,1),(13065,'184',10,18,1.0,1),(13066,'124',10,23,2.0,1),(13067,'49',10,16,3.0,1),(13068,'180',10,19,3.0,1),(13069,'9',10,18,1.0,1),(13070,'70',10,22,1.0,1),(13071,'191',10,19,3.0,1),(13072,'211',10,21,1.0,1),(13073,'154',10,18,1.0,1),(13074,'103',10,18,3.0,1),(13075,'102',10,20,1.0,1),(13076,'212',10,16,3.0,1),(13077,'94',10,18,1.0,1),(13078,'239',10,20,2.0,1),(13079,'66',10,22,2.0,1),(13080,'217',10,16,1.0,1),(13081,'141',10,18,2.0,1),(13082,'87',10,20,3.0,1),(13083,'140',10,16,1.0,1),(13084,'193',10,22,3.0,1),(13085,'142',10,21,3.0,1),(13086,'196',10,22,2.0,1),(13087,'133',10,18,2.0,1),(13088,'72',10,24,1.0,1),(13089,'86',10,23,3.0,1),(13090,'222',10,16,3.0,1),(13091,'74',10,19,2.0,1),(13092,'85',10,16,3.0,1),(13093,'210',10,21,2.0,1),(13094,'195',10,19,2.0,1),(13095,'18',10,16,2.0,1),(13096,'5',10,20,3.0,1),(13097,'59',10,21,1.0,1),(13098,'59',10,20,3.0,1),(13099,'97',10,19,3.0,1),(13100,'214',10,23,2.0,1),(13101,'162',10,22,1.0,1),(13102,'94',10,18,1.0,1),(13103,'33',10,20,2.0,1),(13104,'149',10,16,3.0,1),(13105,'251',10,16,3.0,1),(13106,'15',10,21,2.0,1),(13107,'71',10,20,3.0,1),(13108,'129',10,24,2.0,1),(13109,'48',10,20,3.0,1),(13110,'193',10,18,1.0,1),(13111,'259',10,18,3.0,1),(13112,'189',10,19,1.0,1),(13113,'79',10,19,1.0,1),(13114,'59',10,18,3.0,1),(13115,'192',10,24,1.0,1),(13116,'109',10,18,3.0,1),(13117,'136',10,16,3.0,1),(13118,'218',10,23,2.0,1),(13119,'242',10,21,2.0,1),(13120,'160',10,23,2.0,1),(13121,'160',10,23,3.0,1),(13122,'45',10,23,2.0,1),(13123,'151',10,18,1.0,1),(13124,'39',10,18,3.0,1),(13125,'3',10,20,1.0,1),(13126,'241',10,18,2.0,1),(13127,'48',10,22,3.0,1),(13128,'19',10,23,2.0,1),(13129,'124',10,16,1.0,1),(13130,'28',10,23,2.0,1),(13131,'98',10,21,2.0,1),(13132,'164',10,16,2.0,1),(13133,'243',10,22,2.0,1),(13134,'201',10,20,2.0,1),(13135,'7',10,16,1.0,1),(13136,'6',10,22,2.0,1),(13137,'144',10,20,3.0,1),(13138,'150',10,16,2.0,1),(13139,'61',10,18,1.0,1),(13140,'248',10,16,1.0,1),(13141,'89',10,16,1.0,1),(13142,'183',10,20,1.0,1),(13143,'139',10,22,3.0,1),(13144,'99',10,16,2.0,1),(13145,'186',10,20,2.0,1),(13146,'205',10,23,1.0,1),(13147,'14',10,16,1.0,1),(13148,'102',10,24,3.0,1),(13149,'100',10,22,2.0,1),(13150,'183',10,19,2.0,1),(13151,'44',10,20,2.0,1),(13152,'207',10,24,3.0,1),(13153,'71',10,16,3.0,1),(13154,'149',10,16,2.0,1),(13155,'100',10,23,2.0,1),(13156,'203',10,16,2.0,1),(13157,'138',10,16,1.0,1),(13158,'223',10,16,3.0,1),(13159,'37',10,20,1.0,1),(13160,'108',10,16,1.0,1),(13161,'161',10,21,2.0,1),(13162,'232',10,20,3.0,1),(13163,'196',10,24,3.0,1),(13164,'101',10,20,2.0,1),(13165,'215',10,18,2.0,1),(13166,'179',10,19,1.0,1),(13167,'251',10,19,2.0,1),(13168,'256',10,16,1.0,1),(13169,'139',10,22,3.0,1),(13170,'76',10,22,3.0,1),(13171,'128',10,20,3.0,1),(13172,'91',10,19,2.0,1),(13173,'190',10,16,1.0,1),(13174,'6',10,16,1.0,1),(13175,'198',10,24,1.0,1),(13176,'65',10,20,2.0,1),(13177,'129',10,24,2.0,1),(13178,'71',10,20,2.0,1),(13179,'152',10,16,1.0,1),(13180,'169',10,18,2.0,1),(13181,'34',10,16,2.0,1),(13182,'186',10,18,1.0,1),(13183,'22',10,20,1.0,1),(13184,'136',10,16,1.0,1),(13185,'28',10,16,3.0,1),(13186,'100',10,16,3.0,1),(13187,'116',10,20,1.0,1),(13188,'116',10,24,1.0,1),(13189,'66',10,22,2.0,1),(13190,'196',10,20,1.0,1),(13191,'212',10,18,3.0,1),(13192,'58',10,24,3.0,1),(13193,'49',10,19,2.0,1),(13194,'39',10,20,1.0,1),(13195,'19',10,23,1.0,1),(13196,'24',10,16,2.0,1),(13197,'8',10,20,2.0,1),(13198,'198',10,20,2.0,1),(13199,'70',10,16,3.0,1),(13200,'232',10,16,3.0,1),(13201,'239',10,22,1.0,1),(13202,'151',10,19,3.0,1),(13203,'85',10,19,2.0,1),(13204,'131',10,20,1.0,1),(13205,'165',10,16,3.0,1),(13206,'109',10,24,3.0,1),(13207,'146',10,18,3.0,1),(13208,'90',10,18,1.0,1),(13209,'55',10,19,3.0,1),(13210,'33',10,20,3.0,1),(13211,'176',10,18,2.0,1),(13212,'34',10,20,1.0,1),(13213,'89',10,22,2.0,1),(13214,'70',10,18,2.0,1),(13215,'40',10,19,1.0,1),(13216,'252',10,16,3.0,1),(13217,'198',10,16,2.0,1),(13218,'88',10,16,3.0,1),(13219,'16',10,21,2.0,1),(13220,'57',10,18,3.0,1),(13221,'17',10,21,1.0,1),(13222,'131',10,16,1.0,1),(13223,'24',10,22,1.0,1),(13224,'56',10,20,3.0,1),(13225,'133',10,23,1.0,1),(13226,'53',10,18,3.0,1),(13227,'229',10,18,1.0,1),(13228,'55',10,24,2.0,1),(13229,'116',10,16,3.0,1),(13230,'118',10,24,3.0,1),(13231,'78',10,18,1.0,1),(13232,'234',10,19,1.0,1),(13233,'223',10,16,3.0,1),(13234,'168',10,16,1.0,1),(13235,'199',10,24,3.0,1),(13236,'171',10,18,1.0,1),(13237,'241',10,22,3.0,1),(13238,'74',10,18,2.0,1),(13239,'82',10,22,2.0,1),(13240,'164',10,22,3.0,1),(13241,'91',10,20,3.0,1),(13242,'18',10,16,3.0,1),(13243,'187',10,20,3.0,1),(13244,'113',10,19,3.0,1),(13245,'31',10,22,1.0,1),(13246,'43',10,20,3.0,1),(13247,'94',10,23,3.0,1),(13248,'109',10,18,2.0,1),(13249,'90',10,20,3.0,1),(13250,'52',10,19,2.0,1),(13251,'91',10,24,1.0,1),(13252,'187',10,22,1.0,1),(13253,'11',10,22,3.0,1),(13254,'5',10,20,2.0,1),(13255,'144',10,18,3.0,1),(13256,'109',10,24,1.0,1),(13257,'150',10,18,1.0,1),(13258,'187',10,18,3.0,1),(13259,'42',10,18,3.0,1),(13260,'106',10,22,3.0,1),(13261,'149',10,20,3.0,1),(13262,'60',10,18,3.0,1),(13263,'175',10,20,2.0,1),(13264,'154',10,20,3.0,1),(13265,'90',10,16,2.0,1),(13266,'162',10,16,3.0,1),(13267,'2',10,21,3.0,1),(13268,'91',10,18,3.0,1),(13269,'249',10,20,3.0,1),(13270,'240',10,19,2.0,1),(13271,'151',10,24,2.0,1),(13272,'90',10,21,1.0,1),(13273,'69',10,20,1.0,1),(13274,'16',10,18,1.0,1),(13275,'48',10,16,3.0,1),(13276,'170',10,16,3.0,1),(13277,'169',10,16,1.0,1),(13278,'37',10,23,3.0,1),(13279,'161',10,16,2.0,1),(13280,'95',10,22,3.0,1),(13281,'245',10,20,1.0,1),(13282,'75',10,16,3.0,1),(13283,'20',10,22,3.0,1),(13284,'68',10,20,3.0,1),(13285,'84',10,19,2.0,1),(13286,'14',10,16,2.0,1),(13287,'9',10,19,3.0,1),(13288,'173',10,19,2.0,1),(13289,'119',10,18,2.0,1),(13290,'217',10,22,1.0,1),(13291,'29',10,19,2.0,1),(13292,'66',10,20,1.0,1),(13293,'6',10,16,1.0,1),(13294,'125',10,22,1.0,1),(13295,'237',10,20,3.0,1),(13296,'12',10,16,3.0,1),(13297,'72',10,16,1.0,1),(13298,'56',10,19,3.0,1),(13299,'244',10,18,3.0,1),(13300,'163',10,18,2.0,1),(13301,'200',10,18,1.0,1),(13302,'112',10,18,1.0,1),(13303,'240',10,23,1.0,1),(13304,'187',10,20,2.0,1),(13305,'103',10,23,2.0,1),(13306,'19',10,18,3.0,1),(13307,'190',10,22,1.0,1),(13308,'240',10,18,3.0,1),(13309,'38',10,16,1.0,1),(13310,'164',10,16,2.0,1),(13311,'35',10,19,1.0,1),(13312,'180',10,19,2.0,1),(13313,'62',10,16,3.0,1),(13314,'187',10,16,2.0,1),(13315,'30',10,18,1.0,1),(13316,'46',10,16,3.0,1),(13317,'137',10,19,2.0,1),(13318,'230',10,16,3.0,1),(13319,'183',10,16,3.0,1),(13320,'34',10,22,3.0,1),(13321,'148',10,19,3.0,1),(13322,'165',10,18,1.0,1),(13323,'216',10,22,3.0,1),(13324,'81',10,22,2.0,1),(13325,'88',10,20,3.0,1),(13326,'139',10,19,2.0,1),(13327,'68',10,20,2.0,1),(13328,'172',10,16,2.0,1),(13329,'230',10,20,2.0,1),(13330,'215',10,18,3.0,1),(13331,'123',10,21,1.0,1),(13332,'74',10,20,3.0,1),(13333,'236',10,16,1.0,1),(13334,'256',10,19,1.0,1),(13335,'36',10,19,3.0,1),(13336,'108',10,19,1.0,1),(13337,'245',10,19,3.0,1),(13338,'47',10,23,1.0,1),(13339,'133',10,20,3.0,1),(13340,'187',10,16,2.0,1),(13341,'231',10,18,3.0,1),(13342,'76',10,24,3.0,1),(13343,'5',10,24,1.0,1),(13344,'79',10,18,1.0,1),(13345,'183',10,22,2.0,1),(13346,'82',10,20,2.0,1),(13347,'1',10,20,3.0,1),(13348,'9',10,24,3.0,1),(13349,'120',10,20,2.0,1),(13350,'241',10,16,1.0,1),(13351,'74',10,16,2.0,1),(13352,'65',10,20,3.0,1),(13353,'125',10,22,3.0,1),(13354,'197',10,24,3.0,1),(13355,'202',10,16,3.0,1),(13356,'39',10,22,3.0,1),(13357,'104',10,22,3.0,1),(13358,'228',10,22,2.0,1),(13359,'64',10,16,2.0,1),(13360,'34',10,20,3.0,1),(13361,'87',10,22,3.0,1),(13362,'136',10,20,1.0,1),(13363,'257',10,20,2.0,1),(13364,'196',10,18,1.0,1),(13365,'152',10,16,1.0,1),(13366,'196',10,20,1.0,1),(13367,'74',10,20,1.0,1),(13368,'1',10,24,3.0,1),(13369,'65',10,20,1.0,1),(13370,'208',10,19,2.0,1),(13371,'223',10,16,2.0,1),(13372,'202',10,23,1.0,1),(13373,'244',10,16,3.0,1),(13374,'259',10,21,3.0,1),(13375,'63',10,19,1.0,1),(13376,'156',10,22,1.0,1),(13377,'36',10,20,2.0,1),(13378,'160',10,16,1.0,1),(13379,'234',10,19,1.0,1),(13380,'31',10,16,3.0,1),(13381,'50',10,22,2.0,1),(13382,'221',10,20,1.0,1),(13383,'112',10,19,2.0,1),(13384,'85',10,16,3.0,1),(13385,'154',10,16,3.0,1),(13386,'160',10,18,1.0,1),(13387,'1',10,16,1.0,1),(13388,'81',10,16,2.0,1),(13389,'15',10,22,2.0,1),(13390,'93',10,18,2.0,1),(13391,'177',10,24,2.0,1),(13392,'57',10,16,3.0,1),(13393,'178',10,20,1.0,1),(13394,'64',10,19,3.0,1),(13395,'142',10,21,3.0,1),(13396,'117',10,16,3.0,1),(13397,'190',10,20,2.0,1),(13398,'93',10,18,2.0,1),(13399,'141',10,16,1.0,1),(13400,'72',10,24,2.0,1),(13401,'228',10,22,3.0,1),(13402,'233',10,23,3.0,1),(13403,'165',10,22,3.0,1),(13404,'247',10,21,2.0,1),(13405,'156',10,16,3.0,1),(13406,'87',10,24,2.0,1),(13407,'182',10,22,2.0,1),(13408,'14',10,16,3.0,1),(13409,'252',10,18,1.0,1),(13410,'39',10,20,2.0,1),(13411,'200',10,19,1.0,1),(13412,'169',10,20,1.0,1),(13413,'69',10,22,2.0,1),(13414,'124',10,20,2.0,1),(13415,'162',10,24,2.0,1),(13416,'37',10,22,3.0,1),(13417,'243',10,18,3.0,1),(13418,'18',10,20,1.0,1),(13419,'256',10,16,3.0,1),(13420,'246',10,20,1.0,1),(13421,'202',10,18,2.0,1),(13422,'87',10,20,3.0,1),(13423,'198',10,19,3.0,1),(13424,'245',10,18,3.0,1),(13425,'129',10,18,2.0,1),(13426,'112',10,22,2.0,1),(13427,'222',10,18,3.0,1),(13428,'34',10,19,3.0,1),(13429,'101',10,16,1.0,1),(13430,'43',10,16,2.0,1),(13431,'146',10,19,2.0,1),(13432,'34',10,19,3.0,1),(13433,'243',10,18,2.0,1),(13434,'139',10,19,3.0,1),(13435,'47',10,18,2.0,1),(13436,'171',10,22,2.0,1),(13437,'133',10,19,2.0,1),(13438,'178',10,21,1.0,1),(13439,'135',10,19,3.0,1),(13440,'112',10,19,2.0,1),(13441,'155',10,20,2.0,1),(13442,'137',10,24,1.0,1),(13443,'192',10,16,3.0,1),(13444,'62',10,16,3.0,1),(13445,'250',10,20,1.0,1),(13446,'25',10,22,3.0,1),(13447,'201',10,18,3.0,1),(13448,'162',10,24,3.0,1),(13449,'214',10,23,3.0,1),(13450,'35',10,19,2.0,1),(13451,'64',10,22,2.0,1),(13452,'87',10,16,2.0,1),(13453,'247',10,18,2.0,1),(13454,'23',10,20,1.0,1),(13455,'12',10,18,3.0,1),(13456,'12',10,24,1.0,1),(13457,'150',10,20,2.0,1),(13458,'179',10,18,1.0,1),(13459,'51',10,22,1.0,1),(13460,'26',10,21,2.0,1),(13461,'129',10,18,1.0,1),(13462,'250',10,23,2.0,1),(13463,'9',10,24,3.0,1),(13464,'231',10,19,2.0,1),(13465,'24',10,24,2.0,1),(13466,'73',10,20,3.0,1),(13467,'59',10,16,1.0,1),(13468,'6',10,18,2.0,1),(13469,'241',10,23,2.0,1),(13470,'111',10,19,2.0,1),(13471,'200',10,16,2.0,1),(13472,'248',10,16,2.0,1),(13473,'233',10,19,2.0,1),(13474,'3',10,21,3.0,1),(13475,'128',10,19,2.0,1),(13476,'41',10,16,1.0,1),(13477,'98',10,18,1.0,1),(13478,'176',10,24,2.0,1),(13479,'243',10,19,1.0,1),(13480,'109',10,18,2.0,1),(13481,'219',10,24,2.0,1),(13482,'245',10,24,1.0,1),(13483,'235',10,16,3.0,1),(13484,'123',10,16,3.0,1),(13485,'124',10,23,1.0,1),(13486,'225',10,24,2.0,1),(13487,'226',10,20,3.0,1),(13488,'260',10,19,1.0,1),(13489,'236',10,19,2.0,1),(13490,'114',10,16,3.0,1),(13491,'130',10,16,3.0,1),(13492,'174',10,24,1.0,1),(13493,'54',10,20,1.0,1),(13494,'231',10,19,3.0,1),(13495,'26',10,20,1.0,1),(13496,'207',10,23,1.0,1),(13497,'192',10,22,2.0,1),(13498,'214',10,22,2.0,1),(13499,'103',10,16,1.0,1),(13500,'20',10,20,3.0,1),(13501,'177',10,22,3.0,1),(13502,'114',10,16,2.0,1),(13503,'177',10,16,1.0,1),(13504,'189',10,22,2.0,1),(13505,'252',10,16,2.0,1),(13506,'33',10,16,3.0,1),(13507,'186',10,22,2.0,1),(13508,'253',10,19,2.0,1),(13509,'254',10,16,2.0,1),(13510,'145',10,18,1.0,1),(13511,'137',10,18,2.0,1),(13512,'230',10,18,2.0,1),(13513,'87',10,20,1.0,1),(13514,'128',10,20,3.0,1),(13515,'216',10,19,3.0,1),(13516,'90',10,19,3.0,1),(13517,'214',10,20,3.0,1),(13518,'257',10,23,1.0,1),(13519,'233',10,16,3.0,1),(13520,'46',10,19,2.0,1),(13521,'96',10,22,2.0,1),(13522,'60',10,22,1.0,1),(13523,'31',10,24,1.0,1),(13524,'50',10,18,3.0,1),(13525,'17',10,18,1.0,1),(13526,'86',10,23,3.0,1),(13527,'156',10,16,2.0,1),(13528,'101',10,21,2.0,1),(13529,'246',10,20,3.0,1),(13530,'2',10,20,1.0,1),(13531,'181',10,22,3.0,1),(13532,'160',10,16,2.0,1),(13533,'223',10,20,1.0,1),(13534,'142',10,16,2.0,1),(13535,'80',10,18,3.0,1),(13536,'153',10,19,1.0,1),(13537,'191',10,22,2.0,1),(13538,'102',10,16,1.0,1),(13539,'227',10,20,1.0,1),(13540,'230',10,18,2.0,1),(13541,'196',10,22,3.0,1),(13542,'253',10,20,2.0,1),(13543,'5',10,16,1.0,1),(13544,'38',10,21,2.0,1),(13545,'117',10,24,1.0,1),(13546,'153',10,16,1.0,1),(13547,'190',10,19,3.0,1),(13548,'132',10,18,1.0,1),(13549,'6',10,21,2.0,1),(13550,'21',10,16,3.0,1),(13551,'8',10,19,3.0,1),(13552,'71',10,24,1.0,1),(13553,'119',10,18,1.0,1),(13554,'216',10,18,3.0,1),(13555,'41',10,21,3.0,1),(13556,'141',10,22,3.0,1),(13557,'230',10,23,2.0,1),(13558,'65',10,18,3.0,1),(13559,'173',10,18,2.0,1),(13560,'59',10,16,3.0,1),(13561,'230',10,20,1.0,1),(13562,'92',10,19,2.0,1),(13563,'179',10,20,3.0,1),(13564,'158',10,16,2.0,1),(13565,'185',10,16,3.0,1),(13566,'14',10,20,2.0,1),(13567,'208',10,23,3.0,1),(13568,'30',10,20,3.0,1),(13569,'91',10,20,3.0,1),(13570,'219',10,16,3.0,1),(13571,'12',10,19,1.0,1),(13572,'84',10,24,3.0,1),(13573,'143',10,23,1.0,1),(13574,'142',10,23,2.0,1),(13575,'247',10,20,3.0,1),(13576,'218',10,16,1.0,1),(13577,'29',10,21,2.0,1),(13578,'85',10,19,2.0,1),(13579,'233',10,20,2.0,1),(13580,'188',10,20,2.0,1),(13581,'247',10,20,2.0,1),(13582,'12',10,20,1.0,1),(13583,'161',10,19,1.0,1),(13584,'100',10,16,3.0,1),(13585,'228',10,22,2.0,1),(13586,'224',10,19,3.0,1),(13587,'36',10,23,3.0,1),(13588,'197',10,22,3.0,1),(13589,'21',10,24,1.0,1),(13590,'143',10,20,1.0,1),(13591,'190',10,20,2.0,1),(13592,'66',10,19,1.0,1),(13593,'45',10,19,3.0,1),(13594,'100',10,21,2.0,1),(13595,'79',10,22,2.0,1),(13596,'247',10,22,3.0,1),(13597,'138',10,20,3.0,1),(13598,'99',10,24,3.0,1),(13599,'139',10,20,3.0,1),(13600,'38',10,20,2.0,1),(13601,'234',10,16,1.0,1),(13602,'202',10,23,2.0,1),(13603,'110',10,18,1.0,1),(13604,'149',10,24,1.0,1),(13605,'4',10,18,3.0,1),(13606,'69',10,22,2.0,1),(13607,'106',10,21,3.0,1),(13608,'240',10,24,2.0,1),(13609,'127',10,22,1.0,1),(13610,'82',10,23,2.0,1),(13611,'147',10,19,1.0,1),(13612,'256',10,22,2.0,1),(13613,'183',10,23,2.0,1),(13614,'161',10,16,1.0,1),(13615,'132',10,19,2.0,1),(13616,'101',10,20,3.0,1),(13617,'253',10,16,2.0,1),(13618,'1',10,22,1.0,1),(13619,'250',10,22,2.0,1),(13620,'239',10,18,1.0,1),(13621,'188',10,16,3.0,1),(13622,'28',10,16,1.0,1),(13623,'187',10,24,3.0,1),(13624,'136',10,24,1.0,1),(13625,'74',10,20,1.0,1),(13626,'253',10,18,3.0,1),(13627,'237',10,19,1.0,1),(13628,'154',10,19,1.0,1),(13629,'8',10,19,3.0,1),(13630,'145',10,16,2.0,1),(13631,'257',10,18,3.0,1),(13632,'136',10,20,2.0,1),(13633,'62',10,20,2.0,1),(13634,'13',10,18,2.0,1),(13635,'231',10,16,1.0,1),(13636,'172',10,20,1.0,1),(13637,'56',10,22,2.0,1),(13638,'84',10,18,3.0,1),(13639,'214',10,22,2.0,1),(13640,'258',10,18,3.0,1),(13641,'241',10,21,2.0,1),(13642,'112',10,21,3.0,1),(13643,'192',10,18,2.0,1),(13644,'257',10,16,3.0,1),(13645,'172',10,19,3.0,1),(13646,'64',10,22,2.0,1),(13647,'126',10,16,3.0,1),(13648,'195',10,16,1.0,1),(13649,'67',10,22,2.0,1),(13650,'167',10,23,3.0,1),(13651,'233',10,18,3.0,1),(13652,'68',10,22,3.0,1),(13653,'1',10,22,2.0,1),(13654,'82',10,24,1.0,1),(13655,'184',10,18,2.0,1),(13656,'206',10,19,3.0,1),(13657,'190',10,16,1.0,1),(13658,'139',10,16,1.0,1),(13659,'167',10,18,1.0,1),(13660,'74',10,18,3.0,1),(13661,'98',10,16,3.0,1),(13662,'185',10,18,2.0,1),(13663,'45',10,20,3.0,1),(13664,'33',10,24,1.0,1),(13665,'247',10,16,1.0,1),(13666,'94',10,16,1.0,1),(13667,'146',10,16,1.0,1),(13668,'147',10,20,1.0,1),(13669,'153',10,23,2.0,1),(13670,'100',10,20,3.0,1),(13671,'237',10,20,2.0,1),(13672,'55',10,24,3.0,1),(13673,'176',10,24,3.0,1),(13674,'31',10,18,3.0,1),(13675,'101',10,20,1.0,1),(13676,'196',10,16,2.0,1),(13677,'119',10,16,1.0,1),(13678,'165',10,18,2.0,1),(13679,'2',10,22,3.0,1),(13680,'17',10,16,2.0,1),(13681,'152',10,19,3.0,1),(13682,'39',10,16,2.0,1),(13683,'192',10,22,2.0,1),(13684,'16',10,23,2.0,1),(13685,'237',10,20,3.0,1),(13686,'109',10,16,2.0,1),(13687,'149',10,16,2.0,1),(13688,'1',10,18,3.0,1),(13689,'198',10,16,1.0,1),(13690,'63',10,23,2.0,1),(13691,'79',10,16,2.0,1),(13692,'150',10,24,1.0,1),(13693,'53',10,20,2.0,1),(13694,'233',10,20,1.0,1),(13695,'206',10,19,1.0,1),(13696,'150',10,22,3.0,1),(13697,'150',10,23,3.0,1),(13698,'231',10,19,3.0,1),(13699,'123',10,22,3.0,1),(13700,'131',10,22,2.0,1),(13701,'2',10,20,2.0,1),(13702,'256',10,19,1.0,1),(13703,'216',10,18,2.0,1),(13704,'199',10,16,1.0,1),(13705,'143',10,18,3.0,1),(13706,'8',10,19,2.0,1),(13707,'165',10,18,2.0,1),(13708,'65',10,21,1.0,1),(13709,'227',10,24,3.0,1),(13710,'238',10,19,3.0,1),(13711,'129',10,21,3.0,1),(13712,'11',10,20,2.0,1),(13713,'83',10,16,1.0,1),(13714,'109',10,19,2.0,1),(13715,'117',10,16,3.0,1),(13716,'157',10,16,2.0,1),(13717,'173',10,20,3.0,1),(13718,'29',10,20,3.0,1),(13719,'61',10,24,3.0,1),(13720,'202',10,22,1.0,1),(13721,'127',10,23,2.0,1),(13722,'93',10,16,2.0,1),(13723,'150',10,16,3.0,1),(13724,'102',10,20,3.0,1),(13725,'232',10,16,1.0,1),(13726,'215',10,16,2.0,1),(13727,'21',10,24,2.0,1),(13728,'32',10,19,3.0,1),(13729,'96',10,18,1.0,1),(13730,'227',10,22,3.0,1),(13731,'208',10,16,1.0,1),(13732,'41',10,20,2.0,1),(13733,'156',10,22,2.0,1),(13734,'96',10,19,2.0,1),(13735,'45',10,23,2.0,1),(13736,'150',10,22,3.0,1),(13737,'24',10,18,3.0,1),(13738,'205',10,20,2.0,1),(13739,'81',10,23,1.0,1),(13740,'61',10,23,2.0,1),(13741,'91',10,21,1.0,1),(13742,'223',10,22,2.0,1),(13743,'85',10,23,3.0,1),(13744,'169',10,24,3.0,1),(13745,'251',10,16,1.0,1),(13746,'102',10,20,1.0,1),(13747,'217',10,16,3.0,1),(13748,'204',10,19,1.0,1),(13749,'32',10,22,2.0,1),(13750,'221',10,16,1.0,1),(13751,'77',10,18,3.0,1),(13752,'181',10,21,3.0,1),(13753,'140',10,22,2.0,1),(13754,'48',10,16,2.0,1),(13755,'151',10,20,1.0,1),(13756,'202',10,16,2.0,1),(13757,'108',10,20,2.0,1),(13758,'11',10,16,3.0,1),(13759,'232',10,19,1.0,1),(13760,'189',10,19,2.0,1),(13761,'243',10,20,3.0,1),(13762,'232',10,22,2.0,1),(13763,'43',10,16,2.0,1),(13764,'157',10,20,2.0,1),(13765,'192',10,18,3.0,1),(13766,'106',10,20,2.0,1),(13767,'167',10,22,3.0,1),(13768,'237',10,22,2.0,1),(13769,'29',10,18,2.0,1),(13770,'231',10,22,1.0,1),(13771,'139',10,22,3.0,1),(13772,'112',10,19,2.0,1),(13773,'99',10,24,2.0,1),(13774,'7',10,19,1.0,1),(13775,'36',10,23,2.0,1),(13776,'44',10,16,3.0,1),(13777,'101',10,21,1.0,1),(13778,'65',10,16,1.0,1),(13779,'7',10,20,1.0,1),(13780,'226',10,20,1.0,1),(13781,'120',10,19,2.0,1),(13782,'70',10,19,3.0,1),(13783,'179',10,18,1.0,1),(13784,'161',10,16,2.0,1),(13785,'247',10,16,3.0,1),(13786,'124',10,19,3.0,1),(13787,'40',10,16,1.0,1),(13788,'7',10,24,3.0,1),(13789,'106',10,18,3.0,1),(13790,'7',10,21,2.0,1),(13791,'22',10,18,2.0,1),(13792,'108',10,18,2.0,1),(13793,'43',10,16,1.0,1),(13794,'236',10,20,2.0,1),(13795,'43',10,19,2.0,1),(13796,'30',10,22,3.0,1),(13797,'116',10,18,3.0,1),(13798,'225',10,20,2.0,1),(13799,'103',10,18,2.0,1),(13800,'18',10,16,3.0,1),(13801,'260',10,20,2.0,1),(13802,'178',10,16,3.0,1),(13803,'6',10,16,1.0,1),(13804,'254',10,20,2.0,1),(13805,'220',10,22,3.0,1),(13806,'137',10,22,2.0,1),(13807,'117',10,18,2.0,1),(13808,'202',10,16,3.0,1),(13809,'130',10,16,1.0,1),(13810,'113',10,20,3.0,1),(13811,'130',10,22,1.0,1),(13812,'30',10,18,3.0,1),(13813,'22',10,20,2.0,1),(13814,'81',10,16,1.0,1),(13815,'7',10,22,1.0,1),(13816,'31',10,23,3.0,1),(13817,'164',10,19,2.0,1),(13818,'66',10,16,2.0,1),(13819,'244',10,19,1.0,1),(13820,'102',10,19,1.0,1),(13821,'255',10,24,3.0,1),(13822,'122',10,19,1.0,1),(13823,'15',10,16,3.0,1),(13824,'138',10,16,2.0,1),(13825,'69',10,22,3.0,1),(13826,'254',10,22,1.0,1),(13827,'181',10,16,2.0,1),(13828,'196',10,21,1.0,1),(13829,'136',10,16,1.0,1),(13830,'252',10,18,1.0,1),(13831,'64',10,19,3.0,1),(13832,'211',10,23,2.0,1),(13833,'76',10,20,3.0,1),(13834,'38',10,18,1.0,1),(13835,'187',10,20,3.0,1),(13836,'177',10,22,1.0,1),(13837,'202',10,22,1.0,1),(13838,'183',10,19,2.0,1),(13839,'124',10,19,2.0,1),(13840,'176',10,16,1.0,1),(13841,'157',10,20,3.0,1),(13842,'124',10,19,1.0,1),(13843,'154',10,16,2.0,1),(13844,'236',10,16,1.0,1),(13845,'42',10,20,2.0,1),(13846,'153',10,16,3.0,1),(13847,'76',10,20,1.0,1),(13848,'156',10,20,1.0,1),(13849,'170',10,16,1.0,1),(13850,'80',10,22,1.0,1),(13851,'51',10,20,2.0,1),(13852,'108',10,18,1.0,1),(13853,'244',10,21,2.0,1),(13854,'51',10,19,1.0,1),(13855,'219',10,22,3.0,1),(13856,'85',10,20,1.0,1),(13857,'83',10,16,2.0,1),(13858,'89',10,16,3.0,1),(13859,'259',10,21,2.0,1),(13860,'232',10,22,2.0,1),(13861,'260',10,21,3.0,1),(13862,'240',10,24,2.0,1),(13863,'54',10,19,2.0,1),(13864,'145',10,23,3.0,1),(13865,'169',10,19,1.0,1),(13866,'50',10,18,1.0,1),(13867,'111',10,16,1.0,1),(13868,'208',10,22,2.0,1),(13869,'8',10,22,3.0,1),(13870,'132',10,16,3.0,1),(13871,'251',10,19,3.0,1),(13872,'86',10,18,1.0,1),(13873,'155',10,24,1.0,1),(13874,'103',10,21,1.0,1),(13875,'254',10,18,2.0,1),(13876,'92',10,18,3.0,1),(13877,'213',10,18,3.0,1),(13878,'220',10,19,1.0,1),(13879,'254',10,24,3.0,1),(13880,'257',10,19,1.0,1),(13881,'151',10,22,3.0,1),(13882,'171',10,18,3.0,1),(13883,'141',10,18,1.0,1),(13884,'165',10,24,1.0,1),(13885,'250',10,24,2.0,1),(13886,'29',10,20,1.0,1),(13887,'134',10,20,2.0,1),(13888,'11',10,22,1.0,1),(13889,'64',10,23,1.0,1),(13890,'218',10,22,2.0,1),(13891,'174',10,23,1.0,1),(13892,'70',10,22,1.0,1),(13893,'207',10,19,1.0,1),(13894,'207',10,24,1.0,1),(13895,'244',10,19,1.0,1),(13896,'183',10,18,1.0,1),(13897,'256',10,22,1.0,1),(13898,'204',10,19,3.0,1),(13899,'246',10,22,2.0,1),(13900,'21',10,16,3.0,1),(13901,'19',10,22,1.0,1),(13902,'245',10,19,2.0,1),(13903,'47',10,19,2.0,1),(13904,'82',10,16,1.0,1),(13905,'13',10,16,1.0,1),(13906,'96',10,16,3.0,1),(13907,'181',10,19,1.0,1),(13908,'251',10,19,3.0,1),(13909,'116',10,16,2.0,1),(13910,'198',10,22,3.0,1),(13911,'142',10,18,2.0,1),(13912,'48',10,24,3.0,1),(13913,'53',10,24,1.0,1),(13914,'224',10,16,2.0,1),(13915,'178',10,23,3.0,1),(13916,'131',10,24,1.0,1),(13917,'123',10,20,1.0,1),(13918,'227',10,16,1.0,1),(13919,'50',10,24,3.0,1),(13920,'252',10,19,3.0,1),(13921,'171',10,19,2.0,1),(13922,'72',10,16,1.0,1),(13923,'138',10,20,1.0,1),(13924,'67',10,20,1.0,1),(13925,'30',10,21,3.0,1),(13926,'61',10,23,1.0,1),(13927,'191',10,16,3.0,1),(13928,'176',10,24,1.0,1),(13929,'142',10,21,3.0,1),(13930,'102',10,20,1.0,1),(13931,'97',10,19,3.0,1),(13932,'120',10,20,3.0,1),(13933,'241',10,23,3.0,1),(13934,'57',10,20,1.0,1),(13935,'217',10,22,2.0,1),(13936,'42',10,18,3.0,1),(13937,'155',10,18,3.0,1),(13938,'142',10,18,2.0,1),(13939,'160',10,18,1.0,1),(13940,'85',10,18,2.0,1),(13941,'46',10,19,2.0,1),(13942,'46',10,16,2.0,1),(13943,'206',10,20,2.0,1),(13944,'189',10,19,2.0,1),(13945,'142',10,19,3.0,1),(13946,'129',10,16,2.0,1),(13947,'125',10,20,2.0,1),(13948,'199',10,16,2.0,1),(13949,'209',10,23,3.0,1),(13950,'40',10,22,3.0,1),(13951,'107',10,22,3.0,1),(13952,'220',10,18,3.0,1),(13953,'110',10,18,2.0,1),(13954,'25',10,22,2.0,1),(13955,'172',10,19,1.0,1),(13956,'139',10,20,1.0,1),(13957,'59',10,19,2.0,1),(13958,'252',10,18,2.0,1),(13959,'85',10,19,2.0,1),(13960,'100',10,20,1.0,1),(13961,'129',10,19,3.0,1),(13962,'240',10,20,1.0,1),(13963,'52',10,20,1.0,1),(13964,'41',10,16,1.0,1),(13965,'76',10,16,2.0,1),(13966,'251',10,18,1.0,1),(13967,'197',10,18,3.0,1),(13968,'10',10,20,1.0,1),(13969,'239',10,18,1.0,1),(13970,'78',10,19,2.0,1),(13971,'192',10,16,1.0,1),(13972,'98',10,24,3.0,1),(13973,'128',10,16,2.0,1),(13974,'172',10,20,3.0,1),(13975,'3',10,24,2.0,1),(13976,'107',10,18,3.0,1),(13977,'93',10,22,2.0,1),(13978,'183',10,24,3.0,1),(13979,'182',10,19,1.0,1),(13980,'196',10,24,3.0,1),(13981,'33',10,16,3.0,1),(13982,'25',10,18,2.0,1),(13983,'37',10,22,3.0,1),(13984,'190',10,23,1.0,1),(13985,'18',10,20,1.0,1),(13986,'236',10,16,3.0,1),(13987,'260',10,24,3.0,1),(13988,'182',10,16,2.0,1),(13989,'136',10,22,3.0,1),(13990,'103',10,16,2.0,1),(13991,'81',10,18,1.0,1),(13992,'156',10,18,1.0,1),(13993,'90',10,19,1.0,1),(13994,'171',10,16,2.0,1),(13995,'86',10,16,3.0,1),(13996,'135',10,20,3.0,1),(13997,'10',10,19,1.0,1),(13998,'142',10,16,1.0,1),(13999,'165',10,16,1.0,1),(14000,'174',10,18,1.0,1),(14001,'158',11,23,3.0,1),(14002,'38',11,21,2.0,1),(14003,'42',11,16,2.0,1),(14004,'49',11,20,1.0,1),(14005,'157',11,22,3.0,1),(14006,'49',11,21,3.0,1),(14007,'92',11,18,2.0,1),(14008,'58',11,18,3.0,1),(14009,'45',11,21,2.0,1),(14010,'30',11,18,3.0,1),(14011,'231',11,21,2.0,1),(14012,'28',11,19,3.0,1),(14013,'100',11,23,2.0,1),(14014,'71',11,23,1.0,1),(14015,'101',11,16,3.0,1),(14016,'50',11,19,2.0,1),(14017,'208',11,20,1.0,1),(14018,'59',11,16,1.0,1),(14019,'255',11,19,3.0,1),(14020,'64',11,24,3.0,1),(14021,'153',11,18,1.0,1),(14022,'63',11,16,2.0,1),(14023,'72',11,21,2.0,1),(14024,'1',11,20,2.0,1),(14025,'139',11,19,3.0,1),(14026,'109',11,23,2.0,1),(14027,'138',11,19,2.0,1),(14028,'259',11,19,2.0,1),(14029,'104',11,22,3.0,1),(14030,'135',11,18,2.0,1),(14031,'141',11,23,2.0,1),(14032,'120',11,19,3.0,1),(14033,'147',11,19,2.0,1),(14034,'127',11,22,1.0,1),(14035,'68',11,18,2.0,1),(14036,'17',11,18,3.0,1),(14037,'236',11,24,1.0,1),(14038,'188',11,24,3.0,1),(14039,'104',11,18,1.0,1),(14040,'26',11,20,3.0,1),(14041,'234',11,16,2.0,1),(14042,'26',11,19,2.0,1),(14043,'247',11,16,3.0,1),(14044,'154',11,19,3.0,1),(14045,'122',11,24,3.0,1),(14046,'95',11,18,2.0,1),(14047,'36',11,16,3.0,1),(14048,'105',11,18,2.0,1),(14049,'181',11,16,2.0,1),(14050,'44',11,16,1.0,1),(14051,'85',11,23,2.0,1),(14052,'208',11,23,2.0,1),(14053,'33',11,21,1.0,1),(14054,'231',11,21,2.0,1),(14055,'109',11,21,3.0,1),(14056,'135',11,16,2.0,1),(14057,'168',11,19,2.0,1),(14058,'227',11,19,3.0,1),(14059,'134',11,21,1.0,1),(14060,'257',11,19,1.0,1),(14061,'45',11,18,1.0,1),(14062,'194',11,16,3.0,1),(14063,'27',11,21,2.0,1),(14064,'237',11,24,2.0,1),(14065,'42',11,23,3.0,1),(14066,'251',11,24,2.0,1),(14067,'32',11,18,2.0,1),(14068,'4',11,19,1.0,1),(14069,'107',11,24,2.0,1),(14070,'29',11,21,2.0,1),(14071,'237',11,23,3.0,1),(14072,'192',11,22,1.0,1),(14073,'251',11,18,1.0,1),(14074,'44',11,16,1.0,1),(14075,'98',11,23,2.0,1),(14076,'33',11,23,2.0,1),(14077,'109',11,16,3.0,1),(14078,'187',11,23,3.0,1),(14079,'48',11,19,1.0,1),(14080,'121',11,18,1.0,1),(14081,'233',11,19,2.0,1),(14082,'37',11,18,2.0,1),(14083,'152',11,18,1.0,1),(14084,'97',11,21,1.0,1),(14085,'51',11,21,1.0,1),(14086,'211',11,19,2.0,1),(14087,'43',11,22,2.0,1),(14088,'197',11,20,3.0,1),(14089,'124',11,16,1.0,1),(14090,'251',11,18,3.0,1),(14091,'148',11,22,3.0,1),(14092,'40',11,23,3.0,1),(14093,'244',11,24,2.0,1),(14094,'150',11,21,2.0,1),(14095,'128',11,18,1.0,1),(14096,'61',11,16,2.0,1),(14097,'244',11,21,3.0,1),(14098,'61',11,21,3.0,1),(14099,'146',11,16,2.0,1),(14100,'196',11,19,3.0,1),(14101,'251',11,18,1.0,1),(14102,'121',11,19,1.0,1),(14103,'210',11,18,1.0,1),(14104,'154',11,24,1.0,1),(14105,'58',11,24,3.0,1),(14106,'64',11,23,1.0,1),(14107,'35',11,24,2.0,1),(14108,'142',11,19,3.0,1),(14109,'236',11,18,1.0,1),(14110,'32',11,16,1.0,1),(14111,'211',11,23,1.0,1),(14112,'193',11,19,1.0,1),(14113,'246',11,18,1.0,1),(14114,'232',11,16,2.0,1),(14115,'130',11,20,1.0,1),(14116,'75',11,19,3.0,1),(14117,'177',11,23,1.0,1),(14118,'96',11,21,3.0,1),(14119,'213',11,19,3.0,1),(14120,'43',11,16,1.0,1),(14121,'239',11,24,3.0,1),(14122,'118',11,18,1.0,1),(14123,'234',11,19,1.0,1),(14124,'37',11,23,2.0,1),(14125,'14',11,23,3.0,1),(14126,'55',11,19,1.0,1),(14127,'26',11,18,3.0,1),(14128,'247',11,24,2.0,1),(14129,'227',11,24,2.0,1),(14130,'66',11,21,2.0,1),(14131,'64',11,20,3.0,1),(14132,'98',11,20,3.0,1),(14133,'15',11,19,1.0,1),(14134,'231',11,16,1.0,1),(14135,'99',11,18,1.0,1),(14136,'208',11,21,1.0,1),(14137,'230',11,23,3.0,1),(14138,'175',11,19,1.0,1),(14139,'150',11,16,3.0,1),(14140,'252',11,23,2.0,1),(14141,'7',11,18,2.0,1),(14142,'41',11,23,1.0,1),(14143,'228',11,20,2.0,1),(14144,'230',11,22,1.0,1),(14145,'113',11,19,1.0,1),(14146,'81',11,24,3.0,1),(14147,'193',11,23,1.0,1),(14148,'214',11,23,3.0,1),(14149,'187',11,18,1.0,1),(14150,'203',11,21,1.0,1),(14151,'107',11,21,2.0,1),(14152,'182',11,22,2.0,1),(14153,'196',11,16,1.0,1),(14154,'148',11,19,3.0,1),(14155,'10',11,22,1.0,1),(14156,'240',11,22,1.0,1),(14157,'9',11,16,2.0,1),(14158,'215',11,18,1.0,1),(14159,'174',11,16,2.0,1),(14160,'57',11,22,3.0,1),(14161,'232',11,19,3.0,1),(14162,'254',11,19,2.0,1),(14163,'125',11,23,2.0,1),(14164,'62',11,16,3.0,1),(14165,'27',11,16,2.0,1),(14166,'182',11,18,1.0,1),(14167,'60',11,18,3.0,1),(14168,'88',11,19,2.0,1),(14169,'2',11,23,3.0,1),(14170,'166',11,19,2.0,1),(14171,'8',11,18,1.0,1),(14172,'134',11,22,3.0,1),(14173,'260',11,19,3.0,1),(14174,'141',11,21,2.0,1),(14175,'181',11,23,2.0,1),(14176,'95',11,18,1.0,1),(14177,'222',11,19,3.0,1),(14178,'239',11,16,3.0,1),(14179,'57',11,23,2.0,1),(14180,'30',11,24,1.0,1),(14181,'47',11,22,1.0,1),(14182,'259',11,23,3.0,1),(14183,'75',11,20,2.0,1),(14184,'214',11,18,1.0,1),(14185,'38',11,23,3.0,1),(14186,'74',11,21,2.0,1),(14187,'249',11,21,3.0,1),(14188,'58',11,19,1.0,1),(14189,'94',11,18,2.0,1),(14190,'70',11,23,2.0,1),(14191,'136',11,19,3.0,1),(14192,'110',11,20,2.0,1),(14193,'235',11,20,2.0,1),(14194,'63',11,23,3.0,1),(14195,'211',11,16,1.0,1),(14196,'46',11,16,2.0,1),(14197,'98',11,23,1.0,1),(14198,'111',11,19,3.0,1),(14199,'66',11,19,1.0,1),(14200,'160',11,19,1.0,1),(14201,'64',11,18,3.0,1),(14202,'67',11,23,3.0,1),(14203,'240',11,16,3.0,1),(14204,'143',11,20,1.0,1),(14205,'106',11,16,3.0,1),(14206,'260',11,24,3.0,1),(14207,'17',11,16,1.0,1),(14208,'45',11,16,3.0,1),(14209,'34',11,16,1.0,1),(14210,'93',11,22,3.0,1),(14211,'76',11,19,2.0,1),(14212,'157',11,16,3.0,1),(14213,'45',11,21,1.0,1),(14214,'251',11,18,3.0,1),(14215,'58',11,24,3.0,1),(14216,'67',11,22,2.0,1),(14217,'34',11,18,3.0,1),(14218,'31',11,19,1.0,1),(14219,'37',11,18,3.0,1),(14220,'14',11,23,1.0,1),(14221,'122',11,18,3.0,1),(14222,'96',11,16,1.0,1),(14223,'86',11,21,2.0,1),(14224,'102',11,18,2.0,1),(14225,'175',11,19,3.0,1),(14226,'9',11,18,3.0,1),(14227,'74',11,21,1.0,1),(14228,'97',11,23,3.0,1),(14229,'57',11,16,3.0,1),(14230,'27',11,19,3.0,1),(14231,'29',11,19,1.0,1),(14232,'68',11,16,2.0,1),(14233,'257',11,16,3.0,1),(14234,'257',11,24,1.0,1),(14235,'207',11,23,2.0,1),(14236,'233',11,19,2.0,1),(14237,'163',11,18,1.0,1),(14238,'55',11,19,2.0,1),(14239,'14',11,18,1.0,1),(14240,'74',11,22,3.0,1),(14241,'7',11,18,3.0,1),(14242,'139',11,23,1.0,1),(14243,'109',11,24,1.0,1),(14244,'58',11,20,2.0,1),(14245,'244',11,22,2.0,1),(14246,'126',11,18,1.0,1),(14247,'2',11,18,2.0,1),(14248,'229',11,24,1.0,1),(14249,'121',11,18,3.0,1),(14250,'50',11,20,3.0,1),(14251,'177',11,21,2.0,1),(14252,'156',11,20,1.0,1),(14253,'217',11,21,3.0,1),(14254,'51',11,23,1.0,1),(14255,'238',11,20,3.0,1),(14256,'218',11,18,2.0,1),(14257,'242',11,20,2.0,1),(14258,'225',11,16,2.0,1),(14259,'227',11,23,2.0,1),(14260,'45',11,21,2.0,1),(14261,'51',11,18,1.0,1),(14262,'70',11,16,1.0,1),(14263,'169',11,22,2.0,1),(14264,'82',11,19,2.0,1),(14265,'12',11,19,3.0,1),(14266,'112',11,21,3.0,1),(14267,'54',11,21,1.0,1),(14268,'176',11,16,2.0,1),(14269,'178',11,22,1.0,1),(14270,'256',11,18,1.0,1),(14271,'13',11,22,3.0,1),(14272,'189',11,18,1.0,1),(14273,'103',11,16,3.0,1),(14274,'97',11,23,3.0,1),(14275,'105',11,18,1.0,1),(14276,'134',11,16,2.0,1),(14277,'252',11,16,3.0,1),(14278,'152',11,18,3.0,1),(14279,'202',11,16,3.0,1),(14280,'25',11,19,3.0,1),(14281,'174',11,19,1.0,1),(14282,'91',11,24,2.0,1),(14283,'129',11,23,3.0,1),(14284,'166',11,19,2.0,1),(14285,'249',11,23,3.0,1),(14286,'184',11,16,1.0,1),(14287,'104',11,23,3.0,1),(14288,'116',11,16,2.0,1),(14289,'145',11,18,1.0,1),(14290,'12',11,23,2.0,1),(14291,'174',11,18,1.0,1),(14292,'72',11,21,1.0,1),(14293,'178',11,18,3.0,1),(14294,'216',11,24,3.0,1),(14295,'190',11,21,3.0,1),(14296,'243',11,16,1.0,1),(14297,'173',11,21,2.0,1),(14298,'138',11,22,3.0,1),(14299,'232',11,19,1.0,1),(14300,'25',11,18,2.0,1),(14301,'106',11,20,1.0,1),(14302,'9',11,16,1.0,1),(14303,'238',11,21,2.0,1),(14304,'250',11,16,3.0,1),(14305,'124',11,16,2.0,1),(14306,'211',11,23,3.0,1),(14307,'25',11,22,1.0,1),(14308,'188',11,16,1.0,1),(14309,'109',11,16,3.0,1),(14310,'26',11,21,3.0,1),(14311,'155',11,19,1.0,1),(14312,'81',11,18,1.0,1),(14313,'61',11,16,3.0,1),(14314,'33',11,16,3.0,1),(14315,'187',11,16,3.0,1),(14316,'188',11,16,1.0,1),(14317,'204',11,23,3.0,1),(14318,'78',11,19,1.0,1),(14319,'122',11,19,2.0,1),(14320,'161',11,19,2.0,1),(14321,'222',11,23,1.0,1),(14322,'97',11,18,2.0,1),(14323,'20',11,20,3.0,1),(14324,'98',11,21,1.0,1),(14325,'213',11,21,1.0,1),(14326,'233',11,19,3.0,1),(14327,'164',11,22,3.0,1),(14328,'14',11,23,2.0,1),(14329,'76',11,16,3.0,1),(14330,'231',11,19,2.0,1),(14331,'184',11,23,3.0,1),(14332,'62',11,22,2.0,1),(14333,'223',11,21,1.0,1),(14334,'97',11,24,1.0,1),(14335,'255',11,18,3.0,1),(14336,'190',11,23,3.0,1),(14337,'199',11,24,3.0,1),(14338,'34',11,24,2.0,1),(14339,'248',11,16,2.0,1),(14340,'23',11,19,2.0,1),(14341,'57',11,16,2.0,1),(14342,'100',11,19,1.0,1),(14343,'33',11,22,1.0,1),(14344,'45',11,19,1.0,1),(14345,'91',11,24,1.0,1),(14346,'195',11,19,1.0,1),(14347,'89',11,24,3.0,1),(14348,'89',11,23,3.0,1),(14349,'198',11,16,1.0,1),(14350,'201',11,19,1.0,1),(14351,'13',11,21,3.0,1),(14352,'248',11,24,1.0,1),(14353,'121',11,24,2.0,1),(14354,'156',11,23,3.0,1),(14355,'119',11,20,2.0,1),(14356,'18',11,19,2.0,1),(14357,'202',11,16,2.0,1),(14358,'63',11,23,1.0,1),(14359,'57',11,21,2.0,1),(14360,'132',11,23,1.0,1),(14361,'200',11,16,3.0,1),(14362,'249',11,19,2.0,1),(14363,'195',11,18,1.0,1),(14364,'237',11,23,2.0,1),(14365,'199',11,21,3.0,1),(14366,'142',11,24,1.0,1),(14367,'37',11,16,2.0,1),(14368,'222',11,18,3.0,1),(14369,'39',11,18,1.0,1),(14370,'250',11,16,3.0,1),(14371,'242',11,23,2.0,1),(14372,'28',11,24,1.0,1),(14373,'3',11,23,3.0,1),(14374,'199',11,21,3.0,1),(14375,'117',11,18,3.0,1),(14376,'129',11,24,2.0,1),(14377,'103',11,22,2.0,1),(14378,'210',11,23,3.0,1),(14379,'226',11,18,2.0,1),(14380,'124',11,16,3.0,1),(14381,'177',11,18,2.0,1),(14382,'229',11,21,3.0,1),(14383,'152',11,19,2.0,1),(14384,'230',11,21,1.0,1),(14385,'199',11,22,3.0,1),(14386,'110',11,21,3.0,1),(14387,'10',11,18,1.0,1),(14388,'94',11,20,1.0,1),(14389,'112',11,19,1.0,1),(14390,'84',11,20,1.0,1),(14391,'88',11,16,1.0,1),(14392,'84',11,18,3.0,1),(14393,'246',11,23,2.0,1),(14394,'127',11,19,2.0,1),(14395,'61',11,19,2.0,1),(14396,'82',11,18,1.0,1),(14397,'179',11,19,3.0,1),(14398,'125',11,16,2.0,1),(14399,'197',11,19,1.0,1),(14400,'209',11,19,2.0,1),(14401,'84',11,23,2.0,1),(14402,'26',11,21,2.0,1),(14403,'111',11,23,2.0,1),(14404,'171',11,19,1.0,1),(14405,'38',11,22,1.0,1),(14406,'249',11,20,1.0,1),(14407,'76',11,16,2.0,1),(14408,'218',11,24,3.0,1),(14409,'13',11,23,2.0,1),(14410,'99',11,19,1.0,1),(14411,'83',11,23,3.0,1),(14412,'134',11,19,1.0,1),(14413,'157',11,19,2.0,1),(14414,'171',11,23,1.0,1),(14415,'195',11,16,3.0,1),(14416,'88',11,19,3.0,1),(14417,'105',11,16,1.0,1),(14418,'144',11,23,3.0,1),(14419,'32',11,23,1.0,1),(14420,'260',11,19,1.0,1),(14421,'154',11,19,2.0,1),(14422,'112',11,21,1.0,1),(14423,'2',11,19,2.0,1),(14424,'75',11,19,2.0,1),(14425,'11',11,20,2.0,1),(14426,'123',11,21,3.0,1),(14427,'8',11,20,1.0,1),(14428,'20',11,16,1.0,1),(14429,'242',11,20,2.0,1),(14430,'203',11,18,1.0,1),(14431,'212',11,16,1.0,1),(14432,'163',11,18,3.0,1),(14433,'150',11,16,1.0,1),(14434,'129',11,22,2.0,1),(14435,'227',11,18,1.0,1),(14436,'150',11,16,1.0,1),(14437,'87',11,23,3.0,1),(14438,'31',11,23,1.0,1),(14439,'160',11,24,2.0,1),(14440,'176',11,21,2.0,1),(14441,'30',11,18,1.0,1),(14442,'116',11,18,2.0,1),(14443,'90',11,16,2.0,1),(14444,'62',11,20,3.0,1),(14445,'226',11,18,1.0,1),(14446,'130',11,18,1.0,1),(14447,'139',11,20,2.0,1),(14448,'213',11,23,2.0,1),(14449,'3',11,19,2.0,1),(14450,'2',11,22,2.0,1),(14451,'139',11,19,3.0,1),(14452,'117',11,19,2.0,1),(14453,'42',11,19,2.0,1),(14454,'164',11,16,3.0,1),(14455,'77',11,23,3.0,1),(14456,'204',11,16,1.0,1),(14457,'176',11,16,3.0,1),(14458,'177',11,16,1.0,1),(14459,'127',11,16,1.0,1),(14460,'227',11,23,2.0,1),(14461,'122',11,18,3.0,1),(14462,'14',11,16,1.0,1),(14463,'159',11,19,1.0,1),(14464,'7',11,16,3.0,1),(14465,'29',11,24,3.0,1),(14466,'187',11,23,1.0,1),(14467,'142',11,22,2.0,1),(14468,'105',11,18,1.0,1),(14469,'57',11,19,1.0,1),(14470,'138',11,23,2.0,1),(14471,'51',11,23,1.0,1),(14472,'1',11,19,1.0,1),(14473,'33',11,18,2.0,1),(14474,'148',11,20,3.0,1),(14475,'220',11,18,1.0,1),(14476,'117',11,18,1.0,1),(14477,'1',11,19,2.0,1),(14478,'148',11,23,1.0,1),(14479,'231',11,19,1.0,1),(14480,'232',11,23,1.0,1),(14481,'39',11,24,3.0,1),(14482,'102',11,18,1.0,1),(14483,'144',11,16,1.0,1),(14484,'121',11,18,2.0,1),(14485,'119',11,16,3.0,1),(14486,'244',11,18,2.0,1),(14487,'252',11,19,2.0,1),(14488,'38',11,21,2.0,1),(14489,'210',11,24,3.0,1),(14490,'189',11,19,2.0,1),(14491,'37',11,22,3.0,1),(14492,'130',11,21,2.0,1),(14493,'211',11,23,3.0,1),(14494,'123',11,21,1.0,1),(14495,'155',11,19,3.0,1),(14496,'222',11,19,2.0,1),(14497,'155',11,16,3.0,1),(14498,'210',11,16,2.0,1),(14499,'231',11,24,2.0,1),(14500,'88',11,20,1.0,1),(14501,'138',11,19,3.0,1),(14502,'119',11,21,1.0,1),(14503,'94',11,16,1.0,1),(14504,'2',11,19,2.0,1),(14505,'202',11,16,3.0,1),(14506,'56',11,24,3.0,1),(14507,'168',11,21,2.0,1),(14508,'175',11,16,3.0,1),(14509,'199',11,21,2.0,1),(14510,'188',11,24,1.0,1),(14511,'35',11,19,2.0,1),(14512,'240',11,20,1.0,1),(14513,'147',11,16,2.0,1),(14514,'90',11,19,2.0,1),(14515,'116',11,20,2.0,1),(14516,'42',11,16,1.0,1),(14517,'63',11,19,2.0,1),(14518,'204',11,19,1.0,1),(14519,'92',11,22,2.0,1),(14520,'132',11,16,2.0,1),(14521,'154',11,22,1.0,1),(14522,'153',11,18,1.0,1),(14523,'137',11,18,3.0,1),(14524,'64',11,21,1.0,1),(14525,'3',11,20,1.0,1),(14526,'29',11,24,2.0,1),(14527,'174',11,21,1.0,1),(14528,'105',11,18,2.0,1),(14529,'260',11,16,2.0,1),(14530,'8',11,18,2.0,1),(14531,'50',11,24,2.0,1),(14532,'230',11,19,2.0,1),(14533,'217',11,16,2.0,1),(14534,'26',11,16,1.0,1),(14535,'8',11,23,3.0,1),(14536,'251',11,20,3.0,1),(14537,'202',11,16,1.0,1),(14538,'149',11,16,1.0,1),(14539,'141',11,16,2.0,1),(14540,'27',11,16,3.0,1),(14541,'141',11,23,1.0,1),(14542,'135',11,23,1.0,1),(14543,'128',11,16,2.0,1),(14544,'101',11,23,1.0,1),(14545,'218',11,23,1.0,1),(14546,'70',11,23,2.0,1),(14547,'196',11,20,2.0,1),(14548,'67',11,19,1.0,1),(14549,'236',11,18,3.0,1),(14550,'95',11,19,1.0,1),(14551,'151',11,19,2.0,1),(14552,'103',11,19,2.0,1),(14553,'126',11,21,1.0,1),(14554,'40',11,23,2.0,1),(14555,'118',11,19,1.0,1),(14556,'71',11,19,2.0,1),(14557,'5',11,16,2.0,1),(14558,'241',11,19,3.0,1),(14559,'101',11,18,1.0,1),(14560,'17',11,22,1.0,1),(14561,'181',11,23,3.0,1),(14562,'155',11,19,2.0,1),(14563,'232',11,22,2.0,1),(14564,'142',11,21,1.0,1),(14565,'18',11,21,1.0,1),(14566,'215',11,18,1.0,1),(14567,'160',11,19,2.0,1),(14568,'23',11,18,2.0,1),(14569,'34',11,19,1.0,1),(14570,'155',11,19,1.0,1),(14571,'186',11,23,1.0,1),(14572,'210',11,16,3.0,1),(14573,'134',11,21,3.0,1),(14574,'175',11,19,1.0,1),(14575,'92',11,23,2.0,1),(14576,'113',11,19,1.0,1),(14577,'209',11,24,1.0,1),(14578,'168',11,19,3.0,1),(14579,'15',11,19,2.0,1),(14580,'250',11,23,1.0,1),(14581,'127',11,24,1.0,1),(14582,'167',11,22,1.0,1),(14583,'64',11,21,3.0,1),(14584,'225',11,23,1.0,1),(14585,'15',11,22,2.0,1),(14586,'23',11,18,1.0,1),(14587,'200',11,19,3.0,1),(14588,'235',11,23,3.0,1),(14589,'216',11,19,3.0,1),(14590,'243',11,16,2.0,1),(14591,'28',11,23,2.0,1),(14592,'65',11,18,2.0,1),(14593,'237',11,24,2.0,1),(14594,'233',11,19,2.0,1),(14595,'240',11,18,3.0,1),(14596,'120',11,16,2.0,1),(14597,'77',11,23,1.0,1),(14598,'208',11,21,1.0,1),(14599,'243',11,23,2.0,1),(14600,'235',11,19,3.0,1),(14601,'112',11,22,1.0,1),(14602,'78',11,20,1.0,1),(14603,'161',11,19,3.0,1),(14604,'65',11,23,1.0,1),(14605,'73',11,23,2.0,1),(14606,'116',11,23,2.0,1),(14607,'25',11,23,1.0,1),(14608,'213',11,19,3.0,1),(14609,'21',11,19,1.0,1),(14610,'106',11,21,3.0,1),(14611,'44',11,19,1.0,1),(14612,'28',11,21,2.0,1),(14613,'136',11,21,1.0,1),(14614,'29',11,19,1.0,1),(14615,'17',11,18,2.0,1),(14616,'192',11,23,1.0,1),(14617,'5',11,18,2.0,1),(14618,'16',11,21,2.0,1),(14619,'193',11,21,2.0,1),(14620,'258',11,16,3.0,1),(14621,'208',11,19,3.0,1),(14622,'174',11,19,2.0,1),(14623,'25',11,21,2.0,1),(14624,'212',11,16,1.0,1),(14625,'35',11,23,2.0,1),(14626,'11',11,22,1.0,1),(14627,'130',11,18,1.0,1),(14628,'133',11,24,2.0,1),(14629,'122',11,23,3.0,1),(14630,'7',11,18,2.0,1),(14631,'146',11,18,1.0,1),(14632,'147',11,19,3.0,1),(14633,'55',11,21,1.0,1),(14634,'50',11,19,3.0,1),(14635,'186',11,19,1.0,1),(14636,'32',11,19,3.0,1),(14637,'69',11,23,2.0,1),(14638,'155',11,18,1.0,1),(14639,'48',11,19,1.0,1),(14640,'82',11,18,2.0,1),(14641,'158',11,19,1.0,1),(14642,'205',11,24,2.0,1),(14643,'36',11,18,2.0,1),(14644,'171',11,16,2.0,1),(14645,'135',11,19,1.0,1),(14646,'234',11,19,1.0,1),(14647,'24',11,24,1.0,1),(14648,'29',11,23,1.0,1),(14649,'29',11,24,3.0,1),(14650,'210',11,24,2.0,1),(14651,'84',11,20,2.0,1),(14652,'59',11,19,1.0,1),(14653,'234',11,22,2.0,1),(14654,'122',11,19,3.0,1),(14655,'41',11,18,2.0,1),(14656,'208',11,16,1.0,1),(14657,'83',11,18,3.0,1),(14658,'38',11,21,2.0,1),(14659,'37',11,18,1.0,1),(14660,'109',11,23,3.0,1),(14661,'72',11,21,1.0,1),(14662,'17',11,18,2.0,1),(14663,'7',11,22,3.0,1),(14664,'198',11,18,3.0,1),(14665,'258',11,18,1.0,1),(14666,'15',11,18,1.0,1),(14667,'250',11,23,1.0,1),(14668,'14',11,19,1.0,1),(14669,'245',11,18,2.0,1),(14670,'86',11,19,1.0,1),(14671,'27',11,20,2.0,1),(14672,'225',11,20,1.0,1),(14673,'121',11,16,3.0,1),(14674,'246',11,16,2.0,1),(14675,'236',11,23,3.0,1),(14676,'161',11,18,1.0,1),(14677,'201',11,21,1.0,1),(14678,'206',11,21,1.0,1),(14679,'203',11,18,3.0,1),(14680,'143',11,19,3.0,1),(14681,'12',11,23,1.0,1),(14682,'192',11,23,3.0,1),(14683,'184',11,23,2.0,1),(14684,'121',11,18,3.0,1),(14685,'143',11,21,3.0,1),(14686,'111',11,23,3.0,1),(14687,'83',11,20,2.0,1),(14688,'48',11,23,3.0,1),(14689,'62',11,18,3.0,1),(14690,'216',11,22,2.0,1),(14691,'170',11,19,1.0,1),(14692,'201',11,19,3.0,1),(14693,'151',11,19,1.0,1),(14694,'129',11,18,3.0,1),(14695,'230',11,18,2.0,1),(14696,'207',11,18,2.0,1),(14697,'13',11,19,1.0,1),(14698,'56',11,22,2.0,1),(14699,'256',11,23,2.0,1),(14700,'186',11,19,1.0,1),(14701,'157',11,19,3.0,1),(14702,'225',11,20,1.0,1),(14703,'181',11,22,3.0,1),(14704,'105',11,20,1.0,1),(14705,'42',11,18,2.0,1),(14706,'206',11,22,3.0,1),(14707,'7',11,19,1.0,1),(14708,'161',11,19,3.0,1),(14709,'93',11,16,3.0,1),(14710,'205',11,19,2.0,1),(14711,'34',11,16,3.0,1),(14712,'248',11,19,2.0,1),(14713,'224',11,23,2.0,1),(14714,'95',11,19,1.0,1),(14715,'230',11,24,3.0,1),(14716,'104',11,24,1.0,1),(14717,'176',11,16,2.0,1),(14718,'205',11,19,1.0,1),(14719,'93',11,16,2.0,1),(14720,'235',11,19,2.0,1),(14721,'122',11,16,3.0,1),(14722,'129',11,18,1.0,1),(14723,'11',11,19,3.0,1),(14724,'51',11,23,1.0,1),(14725,'175',11,23,2.0,1),(14726,'197',11,23,2.0,1),(14727,'136',11,19,3.0,1),(14728,'228',11,20,2.0,1),(14729,'26',11,16,2.0,1),(14730,'257',11,24,1.0,1),(14731,'55',11,18,1.0,1),(14732,'86',11,23,2.0,1),(14733,'232',11,23,2.0,1),(14734,'254',11,20,3.0,1),(14735,'79',11,23,2.0,1),(14736,'249',11,18,2.0,1),(14737,'76',11,18,1.0,1),(14738,'66',11,18,3.0,1),(14739,'60',11,20,1.0,1),(14740,'164',11,21,2.0,1),(14741,'141',11,18,1.0,1),(14742,'76',11,18,1.0,1),(14743,'179',11,18,1.0,1),(14744,'47',11,20,3.0,1),(14745,'69',11,24,2.0,1),(14746,'43',11,16,3.0,1),(14747,'147',11,23,1.0,1),(14748,'136',11,21,3.0,1),(14749,'54',11,18,1.0,1),(14750,'63',11,22,3.0,1),(14751,'35',11,23,2.0,1),(14752,'91',11,19,1.0,1),(14753,'136',11,18,3.0,1),(14754,'229',11,19,3.0,1),(14755,'98',11,21,1.0,1),(14756,'51',11,21,3.0,1),(14757,'240',11,23,3.0,1),(14758,'259',11,23,1.0,1),(14759,'255',11,23,3.0,1),(14760,'78',11,18,2.0,1),(14761,'147',11,19,3.0,1),(14762,'233',11,23,3.0,1),(14763,'91',11,24,3.0,1),(14764,'214',11,22,1.0,1),(14765,'77',11,20,1.0,1),(14766,'240',11,19,2.0,1),(14767,'68',11,19,2.0,1),(14768,'166',11,20,3.0,1),(14769,'79',11,18,3.0,1),(14770,'197',11,16,3.0,1),(14771,'216',11,22,3.0,1),(14772,'2',11,21,2.0,1),(14773,'217',11,18,1.0,1),(14774,'132',11,16,3.0,1),(14775,'125',11,22,1.0,1),(14776,'29',11,23,3.0,1),(14777,'234',11,23,1.0,1),(14778,'43',11,16,1.0,1),(14779,'257',11,19,1.0,1),(14780,'192',11,21,1.0,1),(14781,'169',11,19,3.0,1),(14782,'2',11,21,1.0,1),(14783,'241',11,19,3.0,1),(14784,'179',11,19,2.0,1),(14785,'193',11,21,2.0,1),(14786,'179',11,20,1.0,1),(14787,'98',11,16,2.0,1),(14788,'135',11,21,1.0,1),(14789,'49',11,21,3.0,1),(14790,'38',11,21,3.0,1),(14791,'73',11,18,3.0,1),(14792,'47',11,20,1.0,1),(14793,'51',11,22,1.0,1),(14794,'249',11,22,2.0,1),(14795,'211',11,16,1.0,1),(14796,'18',11,24,2.0,1),(14797,'161',11,18,2.0,1),(14798,'200',11,23,1.0,1),(14799,'209',11,16,2.0,1),(14800,'163',11,20,3.0,1),(14801,'38',11,21,2.0,1),(14802,'147',11,16,3.0,1),(14803,'64',11,23,1.0,1),(14804,'2',11,19,2.0,1),(14805,'256',11,21,1.0,1),(14806,'248',11,20,3.0,1),(14807,'216',11,20,3.0,1),(14808,'40',11,19,1.0,1),(14809,'240',11,21,2.0,1),(14810,'64',11,16,3.0,1),(14811,'48',11,24,1.0,1),(14812,'245',11,20,2.0,1),(14813,'32',11,16,2.0,1),(14814,'32',11,16,3.0,1),(14815,'219',11,16,3.0,1),(14816,'102',11,19,2.0,1),(14817,'55',11,19,2.0,1),(14818,'188',11,21,2.0,1),(14819,'67',11,20,1.0,1),(14820,'231',11,18,1.0,1),(14821,'53',11,19,3.0,1),(14822,'125',11,20,1.0,1),(14823,'37',11,21,2.0,1),(14824,'194',11,18,2.0,1),(14825,'82',11,19,1.0,1),(14826,'206',11,20,3.0,1),(14827,'123',11,19,3.0,1),(14828,'91',11,23,3.0,1),(14829,'226',11,22,3.0,1),(14830,'248',11,24,3.0,1),(14831,'138',11,18,3.0,1),(14832,'221',11,16,3.0,1),(14833,'208',11,23,1.0,1),(14834,'241',11,16,3.0,1),(14835,'127',11,19,1.0,1),(14836,'254',11,19,1.0,1),(14837,'45',11,24,3.0,1),(14838,'19',11,19,2.0,1),(14839,'80',11,21,1.0,1),(14840,'214',11,19,3.0,1),(14841,'99',11,18,1.0,1),(14842,'70',11,24,2.0,1),(14843,'173',11,21,2.0,1),(14844,'161',11,22,2.0,1),(14845,'210',11,21,2.0,1),(14846,'124',11,24,2.0,1),(14847,'122',11,19,2.0,1),(14848,'57',11,23,1.0,1),(14849,'210',11,23,3.0,1),(14850,'95',11,16,2.0,1),(14851,'2',11,19,3.0,1),(14852,'86',11,16,3.0,1),(14853,'179',11,18,2.0,1),(14854,'216',11,23,2.0,1),(14855,'9',11,19,2.0,1),(14856,'145',11,18,3.0,1),(14857,'167',11,19,3.0,1),(14858,'31',11,21,3.0,1),(14859,'237',11,18,2.0,1),(14860,'29',11,19,2.0,1),(14861,'241',11,19,3.0,1),(14862,'257',11,18,2.0,1),(14863,'43',11,19,2.0,1),(14864,'151',11,19,3.0,1),(14865,'200',11,21,2.0,1),(14866,'142',11,23,1.0,1),(14867,'132',11,16,2.0,1),(14868,'1',11,16,2.0,1),(14869,'193',11,18,2.0,1),(14870,'88',11,18,3.0,1),(14871,'243',11,16,1.0,1),(14872,'155',11,24,1.0,1),(14873,'250',11,19,1.0,1),(14874,'170',11,18,2.0,1),(14875,'117',11,19,2.0,1),(14876,'35',11,16,1.0,1),(14877,'53',11,19,3.0,1),(14878,'42',11,23,2.0,1),(14879,'155',11,21,2.0,1),(14880,'58',11,19,1.0,1),(14881,'174',11,21,1.0,1),(14882,'175',11,19,2.0,1),(14883,'244',11,20,3.0,1),(14884,'145',11,16,3.0,1),(14885,'192',11,16,2.0,1),(14886,'110',11,19,2.0,1),(14887,'138',11,23,1.0,1),(14888,'129',11,18,3.0,1),(14889,'91',11,19,3.0,1),(14890,'122',11,23,2.0,1),(14891,'216',11,21,1.0,1),(14892,'100',11,19,3.0,1),(14893,'219',11,19,2.0,1),(14894,'2',11,19,1.0,1),(14895,'252',11,24,2.0,1),(14896,'88',11,24,2.0,1),(14897,'23',11,19,2.0,1),(14898,'47',11,19,1.0,1),(14899,'225',11,23,2.0,1),(14900,'27',11,24,3.0,1),(14901,'127',11,23,2.0,1),(14902,'11',11,16,2.0,1),(14903,'224',11,23,3.0,1),(14904,'220',11,23,1.0,1),(14905,'138',11,24,1.0,1),(14906,'255',11,24,3.0,1),(14907,'50',11,16,3.0,1),(14908,'99',11,21,2.0,1),(14909,'46',11,19,3.0,1),(14910,'250',11,19,1.0,1),(14911,'2',11,16,3.0,1),(14912,'2',11,18,1.0,1),(14913,'31',11,19,2.0,1),(14914,'228',11,18,1.0,1),(14915,'32',11,16,1.0,1),(14916,'220',11,23,3.0,1),(14917,'207',11,23,2.0,1),(14918,'110',11,21,2.0,1),(14919,'65',11,24,3.0,1),(14920,'80',11,19,2.0,1),(14921,'193',11,24,1.0,1),(14922,'246',11,23,1.0,1),(14923,'105',11,21,2.0,1),(14924,'43',11,16,3.0,1),(14925,'26',11,19,1.0,1),(14926,'246',11,22,2.0,1),(14927,'14',11,16,3.0,1),(14928,'152',11,20,2.0,1),(14929,'169',11,22,1.0,1),(14930,'97',11,24,2.0,1),(14931,'108',11,21,2.0,1),(14932,'24',11,19,2.0,1),(14933,'89',11,19,1.0,1),(14934,'49',11,23,1.0,1),(14935,'56',11,18,3.0,1),(14936,'119',11,23,2.0,1),(14937,'236',11,22,2.0,1),(14938,'50',11,18,3.0,1),(14939,'108',11,20,3.0,1),(14940,'157',11,19,2.0,1),(14941,'61',11,20,1.0,1),(14942,'223',11,22,3.0,1),(14943,'110',11,18,3.0,1),(14944,'191',11,23,2.0,1),(14945,'154',11,23,1.0,1),(14946,'151',11,16,2.0,1),(14947,'167',11,18,1.0,1),(14948,'45',11,18,3.0,1),(14949,'33',11,22,3.0,1),(14950,'137',11,16,3.0,1),(14951,'157',11,23,1.0,1),(14952,'30',11,16,3.0,1),(14953,'39',11,16,2.0,1),(14954,'216',11,18,2.0,1),(14955,'228',11,21,1.0,1),(14956,'1',11,23,2.0,1),(14957,'64',11,23,3.0,1),(14958,'117',11,16,2.0,1),(14959,'178',11,19,1.0,1),(14960,'107',11,23,1.0,1),(14961,'34',11,18,3.0,1),(14962,'56',11,19,2.0,1),(14963,'39',11,20,3.0,1),(14964,'164',11,21,3.0,1),(14965,'119',11,23,2.0,1),(14966,'98',11,21,2.0,1),(14967,'63',11,19,2.0,1),(14968,'88',11,21,2.0,1),(14969,'139',11,21,1.0,1),(14970,'109',11,22,3.0,1),(14971,'197',11,19,2.0,1),(14972,'107',11,21,1.0,1),(14973,'176',11,23,2.0,1),(14974,'50',11,20,1.0,1),(14975,'72',11,16,3.0,1),(14976,'6',11,20,1.0,1),(14977,'108',11,23,3.0,1),(14978,'26',11,16,1.0,1),(14979,'181',11,20,2.0,1),(14980,'53',11,23,1.0,1),(14981,'87',11,16,3.0,1),(14982,'163',11,19,1.0,1),(14983,'200',11,18,2.0,1),(14984,'91',11,19,2.0,1),(14985,'150',11,18,3.0,1),(14986,'42',11,16,1.0,1),(14987,'55',11,20,2.0,1),(14988,'82',11,18,1.0,1),(14989,'76',11,19,3.0,1),(14990,'177',11,24,2.0,1),(14991,'182',11,23,2.0,1),(14992,'130',11,24,3.0,1),(14993,'47',11,19,1.0,1),(14994,'15',11,22,3.0,1),(14995,'191',11,18,3.0,1),(14996,'6',11,24,2.0,1),(14997,'20',11,19,1.0,1),(14998,'4',11,19,1.0,1),(14999,'143',11,18,3.0,1),(15000,'39',11,24,2.0,1),(15001,'221',12,20,1.0,1),(15002,'232',12,21,2.0,1),(15003,'61',12,18,2.0,1),(15004,'232',12,16,2.0,1),(15005,'71',12,21,3.0,1),(15006,'48',12,18,1.0,1),(15007,'90',12,21,2.0,1),(15008,'12',12,22,3.0,1),(15009,'39',12,16,2.0,1),(15010,'176',12,18,1.0,1),(15011,'163',12,18,2.0,1),(15012,'102',12,22,3.0,1),(15013,'216',12,18,1.0,1),(15014,'242',12,18,1.0,1),(15015,'50',12,16,3.0,1),(15016,'164',12,22,3.0,1),(15017,'133',12,21,2.0,1),(15018,'218',12,18,2.0,1),(15019,'141',12,18,1.0,1),(15020,'104',12,21,1.0,1),(15021,'26',12,18,2.0,1),(15022,'41',12,18,2.0,1),(15023,'28',12,16,1.0,1),(15024,'13',12,21,2.0,1),(15025,'255',12,24,2.0,1),(15026,'36',12,18,2.0,1),(15027,'175',12,21,1.0,1),(15028,'159',12,24,2.0,1),(15029,'181',12,18,2.0,1),(15030,'38',12,22,1.0,1),(15031,'181',12,16,3.0,1),(15032,'222',12,18,3.0,1),(15033,'13',12,18,2.0,1),(15034,'71',12,23,3.0,1),(15035,'255',12,21,2.0,1),(15036,'192',12,18,3.0,1),(15037,'151',12,18,1.0,1),(15038,'245',12,22,2.0,1),(15039,'19',12,18,1.0,1),(15040,'106',12,18,3.0,1),(15041,'62',12,18,3.0,1),(15042,'177',12,22,3.0,1),(15043,'121',12,22,2.0,1),(15044,'223',12,18,3.0,1),(15045,'174',12,16,2.0,1),(15046,'106',12,24,1.0,1),(15047,'191',12,21,1.0,1),(15048,'255',12,19,1.0,1),(15049,'231',12,18,1.0,1),(15050,'5',12,24,2.0,1),(15051,'51',12,18,2.0,1),(15052,'121',12,16,2.0,1),(15053,'174',12,20,1.0,1),(15054,'75',12,21,3.0,1),(15055,'126',12,18,2.0,1),(15056,'135',12,18,1.0,1),(15057,'143',12,22,2.0,1),(15058,'202',12,18,1.0,1),(15059,'72',12,19,2.0,1),(15060,'177',12,18,3.0,1),(15061,'59',12,20,2.0,1),(15062,'120',12,24,2.0,1),(15063,'36',12,22,2.0,1),(15064,'3',12,23,2.0,1),(15065,'119',12,21,2.0,1),(15066,'7',12,16,1.0,1),(15067,'224',12,23,3.0,1),(15068,'144',12,22,2.0,1),(15069,'95',12,16,1.0,1),(15070,'38',12,22,1.0,1),(15071,'162',12,21,3.0,1),(15072,'132',12,18,1.0,1),(15073,'4',12,19,3.0,1),(15074,'14',12,24,2.0,1),(15075,'101',12,21,1.0,1),(15076,'5',12,20,2.0,1),(15077,'50',12,18,1.0,1),(15078,'5',12,18,3.0,1),(15079,'7',12,21,2.0,1),(15080,'155',12,19,1.0,1),(15081,'169',12,20,2.0,1),(15082,'181',12,23,1.0,1),(15083,'128',12,22,2.0,1),(15084,'2',12,21,1.0,1),(15085,'105',12,21,3.0,1),(15086,'195',12,22,2.0,1),(15087,'232',12,20,1.0,1),(15088,'133',12,16,3.0,1),(15089,'220',12,22,1.0,1),(15090,'167',12,18,2.0,1),(15091,'35',12,23,2.0,1),(15092,'44',12,20,2.0,1),(15093,'228',12,18,2.0,1),(15094,'202',12,16,3.0,1),(15095,'73',12,16,1.0,1),(15096,'181',12,18,3.0,1),(15097,'156',12,18,1.0,1),(15098,'57',12,19,2.0,1),(15099,'39',12,22,3.0,1),(15100,'78',12,20,2.0,1),(15101,'80',12,22,1.0,1),(15102,'97',12,18,3.0,1),(15103,'57',12,21,3.0,1),(15104,'66',12,21,2.0,1),(15105,'18',12,18,2.0,1),(15106,'20',12,20,1.0,1),(15107,'179',12,23,2.0,1),(15108,'136',12,22,3.0,1),(15109,'202',12,21,1.0,1),(15110,'30',12,22,3.0,1),(15111,'93',12,16,3.0,1),(15112,'43',12,18,3.0,1),(15113,'235',12,18,2.0,1),(15114,'161',12,23,1.0,1),(15115,'127',12,21,1.0,1),(15116,'21',12,16,2.0,1),(15117,'109',12,18,2.0,1),(15118,'204',12,18,2.0,1),(15119,'54',12,21,3.0,1),(15120,'76',12,16,1.0,1),(15121,'144',12,18,3.0,1),(15122,'123',12,18,2.0,1),(15123,'248',12,18,3.0,1),(15124,'227',12,18,3.0,1),(15125,'134',12,22,3.0,1),(15126,'98',12,21,2.0,1),(15127,'210',12,18,2.0,1),(15128,'208',12,21,2.0,1),(15129,'200',12,18,2.0,1),(15130,'212',12,18,2.0,1),(15131,'51',12,23,3.0,1),(15132,'91',12,22,2.0,1),(15133,'86',12,20,1.0,1),(15134,'100',12,18,2.0,1),(15135,'92',12,23,2.0,1),(15136,'88',12,18,1.0,1),(15137,'171',12,18,1.0,1),(15138,'237',12,21,2.0,1),(15139,'70',12,21,1.0,1),(15140,'117',12,24,1.0,1),(15141,'124',12,21,3.0,1),(15142,'222',12,18,1.0,1),(15143,'7',12,24,2.0,1),(15144,'74',12,16,1.0,1),(15145,'83',12,24,2.0,1),(15146,'61',12,18,2.0,1),(15147,'230',12,16,1.0,1),(15148,'127',12,21,2.0,1),(15149,'171',12,22,1.0,1),(15150,'208',12,22,1.0,1),(15151,'24',12,23,1.0,1),(15152,'226',12,21,1.0,1),(15153,'88',12,18,2.0,1),(15154,'108',12,18,2.0,1),(15155,'71',12,22,2.0,1),(15156,'204',12,18,3.0,1),(15157,'164',12,16,2.0,1),(15158,'255',12,20,3.0,1),(15159,'179',12,24,1.0,1),(15160,'10',12,24,2.0,1),(15161,'64',12,18,1.0,1),(15162,'218',12,18,2.0,1),(15163,'155',12,24,3.0,1),(15164,'95',12,18,1.0,1),(15165,'17',12,21,2.0,1),(15166,'163',12,20,1.0,1),(15167,'149',12,18,3.0,1),(15168,'203',12,21,1.0,1),(15169,'237',12,18,2.0,1),(15170,'222',12,18,3.0,1),(15171,'106',12,24,1.0,1),(15172,'2',12,22,3.0,1),(15173,'103',12,18,2.0,1),(15174,'99',12,22,1.0,1),(15175,'65',12,24,1.0,1),(15176,'221',12,21,2.0,1),(15177,'252',12,22,1.0,1),(15178,'176',12,24,3.0,1),(15179,'43',12,21,2.0,1),(15180,'38',12,23,3.0,1),(15181,'132',12,22,2.0,1),(15182,'5',12,24,2.0,1),(15183,'252',12,24,3.0,1),(15184,'71',12,22,2.0,1),(15185,'149',12,18,3.0,1),(15186,'220',12,18,3.0,1),(15187,'166',12,19,1.0,1),(15188,'188',12,22,2.0,1),(15189,'63',12,18,1.0,1),(15190,'209',12,19,3.0,1),(15191,'232',12,20,2.0,1),(15192,'201',12,24,2.0,1),(15193,'255',12,22,2.0,1),(15194,'173',12,18,1.0,1),(15195,'227',12,22,1.0,1),(15196,'183',12,24,3.0,1),(15197,'97',12,18,2.0,1),(15198,'254',12,22,1.0,1),(15199,'23',12,21,2.0,1),(15200,'222',12,18,1.0,1),(15201,'92',12,24,3.0,1),(15202,'149',12,16,1.0,1),(15203,'11',12,21,2.0,1),(15204,'150',12,21,2.0,1),(15205,'44',12,18,3.0,1),(15206,'100',12,24,1.0,1),(15207,'220',12,21,2.0,1),(15208,'99',12,24,1.0,1),(15209,'39',12,18,3.0,1),(15210,'40',12,22,1.0,1),(15211,'192',12,22,2.0,1),(15212,'188',12,18,1.0,1),(15213,'217',12,23,1.0,1),(15214,'154',12,18,1.0,1),(15215,'61',12,18,3.0,1),(15216,'145',12,22,2.0,1),(15217,'100',12,21,1.0,1),(15218,'197',12,19,3.0,1),(15219,'123',12,18,3.0,1),(15220,'71',12,22,1.0,1),(15221,'37',12,16,3.0,1),(15222,'43',12,22,2.0,1),(15223,'151',12,18,2.0,1),(15224,'114',12,18,3.0,1),(15225,'36',12,21,2.0,1),(15226,'257',12,23,1.0,1),(15227,'27',12,16,3.0,1),(15228,'37',12,24,3.0,1),(15229,'81',12,21,3.0,1),(15230,'126',12,24,2.0,1),(15231,'135',12,18,1.0,1),(15232,'109',12,18,3.0,1),(15233,'38',12,18,3.0,1),(15234,'91',12,18,1.0,1),(15235,'25',12,18,2.0,1),(15236,'171',12,18,1.0,1),(15237,'157',12,18,1.0,1),(15238,'136',12,18,1.0,1),(15239,'95',12,16,3.0,1),(15240,'181',12,18,2.0,1),(15241,'186',12,16,1.0,1),(15242,'221',12,18,1.0,1),(15243,'159',12,21,1.0,1),(15244,'219',12,22,2.0,1),(15245,'108',12,16,2.0,1),(15246,'184',12,18,2.0,1),(15247,'220',12,24,3.0,1),(15248,'147',12,16,1.0,1),(15249,'97',12,16,2.0,1),(15250,'93',12,19,2.0,1),(15251,'117',12,18,3.0,1),(15252,'157',12,21,3.0,1),(15253,'234',12,18,2.0,1),(15254,'108',12,21,2.0,1),(15255,'206',12,21,3.0,1),(15256,'106',12,20,1.0,1),(15257,'209',12,19,1.0,1),(15258,'176',12,18,2.0,1),(15259,'53',12,21,3.0,1),(15260,'174',12,18,3.0,1),(15261,'140',12,23,1.0,1),(15262,'222',12,19,2.0,1),(15263,'219',12,16,1.0,1),(15264,'96',12,24,2.0,1),(15265,'218',12,21,2.0,1),(15266,'181',12,18,1.0,1),(15267,'84',12,18,1.0,1),(15268,'48',12,22,2.0,1),(15269,'112',12,22,3.0,1),(15270,'157',12,23,2.0,1),(15271,'202',12,18,3.0,1),(15272,'229',12,21,3.0,1),(15273,'45',12,21,1.0,1),(15274,'65',12,16,1.0,1),(15275,'89',12,19,1.0,1),(15276,'211',12,18,1.0,1),(15277,'64',12,20,2.0,1),(15278,'91',12,18,2.0,1),(15279,'135',12,18,2.0,1),(15280,'220',12,18,3.0,1),(15281,'234',12,21,1.0,1),(15282,'56',12,18,1.0,1),(15283,'25',12,22,2.0,1),(15284,'234',12,18,2.0,1),(15285,'72',12,19,2.0,1),(15286,'27',12,18,1.0,1),(15287,'6',12,22,3.0,1),(15288,'161',12,20,1.0,1),(15289,'8',12,18,2.0,1),(15290,'256',12,18,2.0,1),(15291,'40',12,21,2.0,1),(15292,'78',12,22,1.0,1),(15293,'34',12,18,2.0,1),(15294,'250',12,18,2.0,1),(15295,'64',12,16,2.0,1),(15296,'146',12,24,2.0,1),(15297,'116',12,18,1.0,1),(15298,'96',12,24,1.0,1),(15299,'120',12,20,3.0,1),(15300,'226',12,20,2.0,1),(15301,'240',12,24,1.0,1),(15302,'147',12,21,2.0,1),(15303,'151',12,16,1.0,1),(15304,'162',12,21,2.0,1),(15305,'128',12,18,2.0,1),(15306,'127',12,20,3.0,1),(15307,'72',12,20,3.0,1),(15308,'104',12,22,3.0,1),(15309,'201',12,18,1.0,1),(15310,'75',12,20,1.0,1),(15311,'239',12,16,3.0,1),(15312,'148',12,18,2.0,1),(15313,'153',12,19,3.0,1),(15314,'196',12,16,3.0,1),(15315,'4',12,18,1.0,1),(15316,'138',12,22,1.0,1),(15317,'194',12,18,1.0,1),(15318,'212',12,20,1.0,1),(15319,'253',12,22,2.0,1),(15320,'192',12,18,2.0,1),(15321,'254',12,22,1.0,1),(15322,'257',12,24,1.0,1),(15323,'103',12,16,2.0,1),(15324,'150',12,16,2.0,1),(15325,'178',12,18,1.0,1),(15326,'94',12,18,1.0,1),(15327,'32',12,21,3.0,1),(15328,'144',12,18,2.0,1),(15329,'230',12,18,2.0,1),(15330,'182',12,16,2.0,1),(15331,'206',12,18,3.0,1),(15332,'43',12,23,2.0,1),(15333,'259',12,18,2.0,1),(15334,'199',12,23,1.0,1),(15335,'168',12,21,2.0,1),(15336,'99',12,20,3.0,1),(15337,'108',12,16,1.0,1),(15338,'217',12,24,1.0,1),(15339,'64',12,18,1.0,1),(15340,'6',12,18,2.0,1),(15341,'71',12,21,3.0,1),(15342,'11',12,24,3.0,1),(15343,'215',12,20,2.0,1),(15344,'259',12,24,3.0,1),(15345,'91',12,18,1.0,1),(15346,'68',12,21,2.0,1),(15347,'146',12,21,3.0,1),(15348,'165',12,24,3.0,1),(15349,'143',12,21,3.0,1),(15350,'78',12,18,2.0,1),(15351,'24',12,21,1.0,1),(15352,'191',12,18,1.0,1),(15353,'202',12,18,1.0,1),(15354,'180',12,18,2.0,1),(15355,'21',12,24,1.0,1),(15356,'222',12,18,1.0,1),(15357,'52',12,21,2.0,1),(15358,'201',12,18,3.0,1),(15359,'13',12,18,2.0,1),(15360,'153',12,22,3.0,1),(15361,'3',12,21,2.0,1),(15362,'184',12,24,2.0,1),(15363,'208',12,19,2.0,1),(15364,'132',12,16,1.0,1),(15365,'233',12,18,1.0,1),(15366,'184',12,21,1.0,1),(15367,'199',12,16,2.0,1),(15368,'201',12,20,1.0,1),(15369,'9',12,18,2.0,1),(15370,'242',12,22,1.0,1),(15371,'131',12,21,2.0,1),(15372,'225',12,20,3.0,1),(15373,'68',12,18,3.0,1),(15374,'70',12,16,3.0,1),(15375,'214',12,21,1.0,1),(15376,'12',12,21,2.0,1),(15377,'20',12,21,1.0,1),(15378,'193',12,23,3.0,1),(15379,'97',12,21,3.0,1),(15380,'192',12,21,3.0,1),(15381,'134',12,16,3.0,1),(15382,'120',12,21,2.0,1),(15383,'229',12,19,3.0,1),(15384,'204',12,24,1.0,1),(15385,'213',12,24,1.0,1),(15386,'8',12,24,3.0,1),(15387,'142',12,16,2.0,1),(15388,'15',12,18,3.0,1),(15389,'25',12,21,3.0,1),(15390,'176',12,19,1.0,1),(15391,'228',12,23,2.0,1),(15392,'43',12,22,3.0,1),(15393,'96',12,22,2.0,1),(15394,'232',12,18,2.0,1),(15395,'147',12,21,2.0,1),(15396,'189',12,20,1.0,1),(15397,'31',12,18,2.0,1),(15398,'128',12,21,3.0,1),(15399,'57',12,18,1.0,1),(15400,'225',12,19,3.0,1),(15401,'32',12,18,2.0,1),(15402,'139',12,24,2.0,1),(15403,'55',12,18,3.0,1),(15404,'50',12,24,3.0,1),(15405,'226',12,24,1.0,1),(15406,'34',12,24,1.0,1),(15407,'190',12,18,3.0,1),(15408,'251',12,18,2.0,1),(15409,'211',12,19,2.0,1),(15410,'20',12,18,2.0,1),(15411,'79',12,18,3.0,1),(15412,'108',12,21,3.0,1),(15413,'15',12,22,3.0,1),(15414,'206',12,21,1.0,1),(15415,'209',12,24,3.0,1),(15416,'232',12,22,1.0,1),(15417,'95',12,18,2.0,1),(15418,'133',12,21,2.0,1),(15419,'101',12,16,3.0,1),(15420,'47',12,18,2.0,1),(15421,'195',12,21,2.0,1),(15422,'190',12,24,3.0,1),(15423,'36',12,19,3.0,1),(15424,'74',12,18,2.0,1),(15425,'63',12,18,1.0,1),(15426,'98',12,18,1.0,1),(15427,'204',12,19,3.0,1),(15428,'133',12,18,3.0,1),(15429,'173',12,18,1.0,1),(15430,'69',12,20,1.0,1),(15431,'67',12,18,2.0,1),(15432,'80',12,21,3.0,1),(15433,'106',12,22,3.0,1),(15434,'123',12,19,3.0,1),(15435,'102',12,18,2.0,1),(15436,'59',12,18,1.0,1),(15437,'187',12,22,1.0,1),(15438,'112',12,18,1.0,1),(15439,'138',12,24,2.0,1),(15440,'140',12,16,2.0,1),(15441,'203',12,20,3.0,1),(15442,'86',12,21,1.0,1),(15443,'184',12,24,3.0,1),(15444,'230',12,18,1.0,1),(15445,'161',12,19,1.0,1),(15446,'197',12,19,2.0,1),(15447,'114',12,21,2.0,1),(15448,'151',12,18,3.0,1),(15449,'178',12,21,1.0,1),(15450,'216',12,23,1.0,1),(15451,'72',12,18,3.0,1),(15452,'39',12,18,1.0,1),(15453,'9',12,16,1.0,1),(15454,'121',12,21,3.0,1),(15455,'64',12,19,2.0,1),(15456,'138',12,18,3.0,1),(15457,'136',12,22,3.0,1),(15458,'72',12,21,2.0,1),(15459,'162',12,21,1.0,1),(15460,'191',12,21,1.0,1),(15461,'204',12,21,3.0,1),(15462,'78',12,22,1.0,1),(15463,'21',12,16,1.0,1),(15464,'192',12,21,2.0,1),(15465,'61',12,19,3.0,1),(15466,'101',12,18,1.0,1),(15467,'247',12,20,1.0,1),(15468,'129',12,16,2.0,1),(15469,'253',12,18,3.0,1),(15470,'158',12,18,2.0,1),(15471,'142',12,19,3.0,1),(15472,'136',12,18,2.0,1),(15473,'192',12,18,3.0,1),(15474,'12',12,20,3.0,1),(15475,'241',12,22,1.0,1),(15476,'182',12,22,2.0,1),(15477,'187',12,21,1.0,1),(15478,'125',12,18,3.0,1),(15479,'139',12,18,3.0,1),(15480,'42',12,21,3.0,1),(15481,'255',12,22,1.0,1),(15482,'95',12,18,2.0,1),(15483,'149',12,21,2.0,1),(15484,'113',12,18,2.0,1),(15485,'17',12,18,1.0,1),(15486,'244',12,20,1.0,1),(15487,'53',12,18,1.0,1),(15488,'65',12,19,2.0,1),(15489,'8',12,24,1.0,1),(15490,'188',12,16,3.0,1),(15491,'78',12,21,3.0,1),(15492,'211',12,18,1.0,1),(15493,'229',12,19,2.0,1),(15494,'156',12,24,1.0,1),(15495,'233',12,21,3.0,1),(15496,'58',12,18,1.0,1),(15497,'237',12,21,1.0,1),(15498,'195',12,18,1.0,1),(15499,'36',12,24,1.0,1),(15500,'66',12,23,3.0,1),(15501,'218',12,18,3.0,1),(15502,'35',12,18,3.0,1),(15503,'20',12,24,2.0,1),(15504,'203',12,22,3.0,1),(15505,'126',12,20,3.0,1),(15506,'136',12,21,2.0,1),(15507,'136',12,20,3.0,1),(15508,'36',12,18,3.0,1),(15509,'72',12,21,3.0,1),(15510,'200',12,24,1.0,1),(15511,'240',12,24,2.0,1),(15512,'54',12,22,3.0,1),(15513,'22',12,18,1.0,1),(15514,'246',12,22,3.0,1),(15515,'218',12,18,1.0,1),(15516,'259',12,18,3.0,1),(15517,'60',12,20,2.0,1),(15518,'42',12,24,3.0,1),(15519,'241',12,18,2.0,1),(15520,'21',12,21,2.0,1),(15521,'173',12,21,1.0,1),(15522,'84',12,24,3.0,1),(15523,'260',12,18,2.0,1),(15524,'73',12,18,3.0,1),(15525,'45',12,18,1.0,1),(15526,'165',12,20,1.0,1),(15527,'34',12,24,2.0,1),(15528,'27',12,18,1.0,1),(15529,'119',12,24,3.0,1),(15530,'215',12,21,2.0,1),(15531,'180',12,23,1.0,1),(15532,'217',12,18,2.0,1),(15533,'236',12,19,3.0,1),(15534,'24',12,18,2.0,1),(15535,'219',12,18,3.0,1),(15536,'16',12,18,2.0,1),(15537,'133',12,24,1.0,1),(15538,'79',12,18,2.0,1),(15539,'242',12,18,1.0,1),(15540,'148',12,18,3.0,1),(15541,'20',12,19,3.0,1),(15542,'252',12,21,3.0,1),(15543,'145',12,21,3.0,1),(15544,'154',12,18,2.0,1),(15545,'2',12,18,2.0,1),(15546,'238',12,22,2.0,1),(15547,'144',12,21,1.0,1),(15548,'48',12,18,1.0,1),(15549,'102',12,21,1.0,1),(15550,'134',12,22,2.0,1),(15551,'225',12,18,3.0,1),(15552,'167',12,22,1.0,1),(15553,'241',12,18,1.0,1),(15554,'161',12,18,2.0,1),(15555,'6',12,18,1.0,1),(15556,'61',12,18,1.0,1),(15557,'173',12,20,1.0,1),(15558,'192',12,18,2.0,1),(15559,'202',12,18,3.0,1),(15560,'81',12,21,3.0,1),(15561,'259',12,20,1.0,1),(15562,'195',12,18,3.0,1),(15563,'48',12,18,2.0,1),(15564,'1',12,23,3.0,1),(15565,'239',12,21,1.0,1),(15566,'151',12,18,3.0,1),(15567,'102',12,18,2.0,1),(15568,'52',12,21,2.0,1),(15569,'194',12,23,1.0,1),(15570,'150',12,21,1.0,1),(15571,'35',12,18,3.0,1),(15572,'174',12,19,1.0,1),(15573,'79',12,18,3.0,1),(15574,'74',12,22,2.0,1),(15575,'227',12,18,2.0,1),(15576,'260',12,24,3.0,1),(15577,'57',12,18,1.0,1),(15578,'201',12,19,1.0,1),(15579,'216',12,18,2.0,1),(15580,'237',12,18,3.0,1),(15581,'83',12,18,1.0,1),(15582,'225',12,19,2.0,1),(15583,'144',12,16,1.0,1),(15584,'112',12,24,1.0,1),(15585,'69',12,21,2.0,1),(15586,'95',12,18,1.0,1),(15587,'248',12,16,2.0,1),(15588,'239',12,18,1.0,1),(15589,'169',12,18,3.0,1),(15590,'219',12,20,3.0,1),(15591,'210',12,21,3.0,1),(15592,'97',12,23,3.0,1),(15593,'33',12,18,3.0,1),(15594,'42',12,24,2.0,1),(15595,'132',12,18,1.0,1),(15596,'164',12,22,2.0,1),(15597,'146',12,22,1.0,1),(15598,'167',12,19,1.0,1),(15599,'260',12,18,1.0,1),(15600,'215',12,22,1.0,1),(15601,'259',12,18,1.0,1),(15602,'99',12,21,2.0,1),(15603,'250',12,19,1.0,1),(15604,'114',12,18,3.0,1),(15605,'146',12,18,3.0,1),(15606,'90',12,16,3.0,1),(15607,'45',12,24,2.0,1),(15608,'223',12,18,2.0,1),(15609,'114',12,19,3.0,1),(15610,'138',12,18,2.0,1),(15611,'98',12,18,2.0,1),(15612,'12',12,18,3.0,1),(15613,'78',12,18,2.0,1),(15614,'143',12,24,3.0,1),(15615,'179',12,16,2.0,1),(15616,'104',12,18,1.0,1),(15617,'138',12,19,2.0,1),(15618,'41',12,21,3.0,1),(15619,'243',12,21,1.0,1),(15620,'219',12,18,2.0,1),(15621,'72',12,24,3.0,1),(15622,'56',12,18,1.0,1),(15623,'19',12,24,1.0,1),(15624,'245',12,18,3.0,1),(15625,'245',12,18,3.0,1),(15626,'165',12,21,2.0,1),(15627,'79',12,20,1.0,1),(15628,'154',12,24,2.0,1),(15629,'208',12,22,1.0,1),(15630,'142',12,18,2.0,1),(15631,'166',12,20,1.0,1),(15632,'17',12,19,1.0,1),(15633,'117',12,20,3.0,1),(15634,'253',12,22,1.0,1),(15635,'137',12,21,3.0,1),(15636,'89',12,23,1.0,1),(15637,'20',12,21,2.0,1),(15638,'39',12,18,3.0,1),(15639,'176',12,18,3.0,1),(15640,'165',12,20,1.0,1),(15641,'214',12,24,1.0,1),(15642,'167',12,18,3.0,1),(15643,'166',12,20,2.0,1),(15644,'176',12,20,3.0,1),(15645,'229',12,21,3.0,1),(15646,'34',12,21,1.0,1),(15647,'112',12,24,1.0,1),(15648,'240',12,19,1.0,1),(15649,'149',12,18,1.0,1),(15650,'84',12,22,3.0,1),(15651,'132',12,18,3.0,1),(15652,'147',12,20,1.0,1),(15653,'234',12,18,3.0,1),(15654,'155',12,24,2.0,1),(15655,'129',12,16,3.0,1),(15656,'230',12,18,1.0,1),(15657,'142',12,24,2.0,1),(15658,'180',12,24,3.0,1),(15659,'161',12,18,3.0,1),(15660,'144',12,18,1.0,1),(15661,'148',12,22,2.0,1),(15662,'99',12,22,2.0,1),(15663,'5',12,24,3.0,1),(15664,'129',12,18,2.0,1),(15665,'190',12,21,1.0,1),(15666,'92',12,18,2.0,1),(15667,'93',12,21,2.0,1),(15668,'260',12,19,1.0,1),(15669,'142',12,19,1.0,1),(15670,'157',12,21,3.0,1),(15671,'211',12,18,2.0,1),(15672,'253',12,18,2.0,1),(15673,'166',12,21,3.0,1),(15674,'243',12,18,3.0,1),(15675,'246',12,19,1.0,1),(15676,'91',12,16,2.0,1),(15677,'51',12,16,2.0,1),(15678,'79',12,19,2.0,1),(15679,'238',12,18,2.0,1),(15680,'19',12,19,1.0,1),(15681,'77',12,21,3.0,1),(15682,'218',12,21,3.0,1),(15683,'259',12,21,1.0,1),(15684,'242',12,18,2.0,1),(15685,'8',12,18,1.0,1),(15686,'146',12,20,3.0,1),(15687,'118',12,24,2.0,1),(15688,'162',12,22,2.0,1),(15689,'141',12,18,1.0,1),(15690,'190',12,18,1.0,1),(15691,'30',12,22,2.0,1),(15692,'62',12,18,2.0,1),(15693,'88',12,18,1.0,1),(15694,'76',12,23,1.0,1),(15695,'58',12,24,1.0,1),(15696,'63',12,19,1.0,1),(15697,'234',12,20,3.0,1),(15698,'128',12,21,3.0,1),(15699,'95',12,19,1.0,1),(15700,'246',12,18,3.0,1),(15701,'147',12,24,2.0,1),(15702,'144',12,20,2.0,1),(15703,'71',12,18,1.0,1),(15704,'67',12,18,1.0,1),(15705,'173',12,18,1.0,1),(15706,'19',12,22,1.0,1),(15707,'27',12,21,1.0,1),(15708,'59',12,23,2.0,1),(15709,'10',12,19,1.0,1),(15710,'156',12,21,3.0,1),(15711,'13',12,16,1.0,1),(15712,'244',12,18,1.0,1),(15713,'130',12,24,1.0,1),(15714,'187',12,18,1.0,1),(15715,'190',12,23,2.0,1),(15716,'173',12,19,2.0,1),(15717,'29',12,18,1.0,1),(15718,'89',12,18,1.0,1),(15719,'95',12,18,1.0,1),(15720,'135',12,18,3.0,1),(15721,'154',12,21,3.0,1),(15722,'244',12,18,3.0,1),(15723,'237',12,19,3.0,1),(15724,'53',12,18,2.0,1),(15725,'164',12,24,2.0,1),(15726,'224',12,19,1.0,1),(15727,'173',12,16,3.0,1),(15728,'255',12,18,2.0,1),(15729,'212',12,24,2.0,1),(15730,'122',12,22,2.0,1),(15731,'145',12,22,1.0,1),(15732,'234',12,18,2.0,1),(15733,'24',12,18,1.0,1),(15734,'110',12,18,2.0,1),(15735,'25',12,22,2.0,1),(15736,'33',12,24,1.0,1),(15737,'199',12,21,3.0,1),(15738,'202',12,18,1.0,1),(15739,'124',12,18,2.0,1),(15740,'151',12,19,3.0,1),(15741,'230',12,19,2.0,1),(15742,'192',12,16,1.0,1),(15743,'231',12,19,3.0,1),(15744,'206',12,16,2.0,1),(15745,'248',12,18,2.0,1),(15746,'161',12,16,1.0,1),(15747,'228',12,18,2.0,1),(15748,'44',12,22,2.0,1),(15749,'240',12,18,3.0,1),(15750,'101',12,24,2.0,1),(15751,'230',12,20,1.0,1),(15752,'42',12,24,2.0,1),(15753,'98',12,18,1.0,1),(15754,'31',12,18,3.0,1),(15755,'87',12,18,2.0,1),(15756,'53',12,21,3.0,1),(15757,'24',12,19,1.0,1),(15758,'26',12,21,2.0,1),(15759,'44',12,21,2.0,1),(15760,'193',12,16,3.0,1),(15761,'104',12,23,3.0,1),(15762,'26',12,16,2.0,1),(15763,'213',12,22,3.0,1),(15764,'124',12,18,2.0,1),(15765,'117',12,19,1.0,1),(15766,'19',12,18,1.0,1),(15767,'81',12,20,3.0,1),(15768,'122',12,16,3.0,1),(15769,'6',12,18,1.0,1),(15770,'256',12,18,3.0,1),(15771,'8',12,21,2.0,1),(15772,'255',12,24,2.0,1),(15773,'206',12,24,3.0,1),(15774,'14',12,16,3.0,1),(15775,'15',12,24,2.0,1),(15776,'121',12,18,3.0,1),(15777,'61',12,22,1.0,1),(15778,'105',12,22,2.0,1),(15779,'255',12,20,2.0,1),(15780,'2',12,18,3.0,1),(15781,'97',12,21,2.0,1),(15782,'260',12,24,1.0,1),(15783,'178',12,18,3.0,1),(15784,'190',12,16,2.0,1),(15785,'23',12,18,3.0,1),(15786,'15',12,18,3.0,1),(15787,'176',12,22,3.0,1),(15788,'74',12,18,2.0,1),(15789,'57',12,18,3.0,1),(15790,'96',12,18,1.0,1),(15791,'145',12,20,1.0,1),(15792,'88',12,21,3.0,1),(15793,'185',12,18,2.0,1),(15794,'89',12,18,1.0,1),(15795,'130',12,24,2.0,1),(15796,'187',12,18,1.0,1),(15797,'88',12,19,3.0,1),(15798,'51',12,23,1.0,1),(15799,'103',12,21,2.0,1),(15800,'90',12,24,1.0,1),(15801,'139',12,21,2.0,1),(15802,'116',12,20,3.0,1),(15803,'153',12,18,3.0,1),(15804,'209',12,22,1.0,1),(15805,'64',12,18,2.0,1),(15806,'42',12,23,2.0,1),(15807,'29',12,18,2.0,1),(15808,'251',12,18,2.0,1),(15809,'168',12,21,3.0,1),(15810,'257',12,19,1.0,1),(15811,'226',12,18,3.0,1),(15812,'172',12,18,2.0,1),(15813,'202',12,19,3.0,1),(15814,'99',12,18,2.0,1),(15815,'218',12,16,1.0,1),(15816,'115',12,18,2.0,1),(15817,'58',12,19,3.0,1),(15818,'117',12,24,1.0,1),(15819,'48',12,18,3.0,1),(15820,'230',12,18,2.0,1),(15821,'30',12,16,3.0,1),(15822,'260',12,21,2.0,1),(15823,'84',12,20,2.0,1),(15824,'5',12,18,2.0,1),(15825,'193',12,18,2.0,1),(15826,'180',12,24,1.0,1),(15827,'62',12,18,1.0,1),(15828,'53',12,18,1.0,1),(15829,'146',12,21,3.0,1),(15830,'5',12,18,2.0,1),(15831,'258',12,18,1.0,1),(15832,'60',12,21,1.0,1),(15833,'230',12,18,1.0,1),(15834,'170',12,18,1.0,1),(15835,'155',12,18,2.0,1),(15836,'66',12,21,2.0,1),(15837,'202',12,18,3.0,1),(15838,'27',12,21,2.0,1),(15839,'136',12,19,2.0,1),(15840,'134',12,24,2.0,1),(15841,'238',12,24,3.0,1),(15842,'132',12,24,2.0,1),(15843,'228',12,18,1.0,1),(15844,'222',12,21,1.0,1),(15845,'144',12,21,1.0,1),(15846,'60',12,21,2.0,1),(15847,'176',12,21,3.0,1),(15848,'43',12,18,2.0,1),(15849,'189',12,19,1.0,1),(15850,'79',12,16,3.0,1),(15851,'109',12,19,1.0,1),(15852,'30',12,24,2.0,1),(15853,'138',12,18,2.0,1),(15854,'136',12,18,3.0,1),(15855,'70',12,18,1.0,1),(15856,'191',12,21,3.0,1),(15857,'64',12,16,2.0,1),(15858,'35',12,21,3.0,1),(15859,'225',12,18,1.0,1),(15860,'29',12,21,3.0,1),(15861,'179',12,24,1.0,1),(15862,'186',12,18,1.0,1),(15863,'98',12,18,2.0,1),(15864,'133',12,22,1.0,1),(15865,'238',12,19,1.0,1),(15866,'188',12,24,3.0,1),(15867,'74',12,21,1.0,1),(15868,'98',12,18,1.0,1),(15869,'182',12,18,1.0,1),(15870,'223',12,18,1.0,1),(15871,'38',12,23,2.0,1),(15872,'91',12,18,1.0,1),(15873,'237',12,18,3.0,1),(15874,'59',12,23,1.0,1),(15875,'110',12,22,1.0,1),(15876,'59',12,19,1.0,1),(15877,'161',12,19,2.0,1),(15878,'243',12,21,3.0,1),(15879,'95',12,18,3.0,1),(15880,'151',12,18,3.0,1),(15881,'7',12,18,3.0,1),(15882,'196',12,16,3.0,1),(15883,'244',12,22,2.0,1),(15884,'196',12,22,3.0,1),(15885,'61',12,22,1.0,1),(15886,'208',12,18,1.0,1),(15887,'54',12,18,1.0,1),(15888,'241',12,24,3.0,1),(15889,'165',12,23,1.0,1),(15890,'30',12,24,2.0,1),(15891,'101',12,19,1.0,1),(15892,'46',12,18,2.0,1),(15893,'33',12,18,1.0,1),(15894,'142',12,20,3.0,1),(15895,'132',12,18,1.0,1),(15896,'116',12,16,2.0,1),(15897,'92',12,18,3.0,1),(15898,'6',12,23,2.0,1),(15899,'196',12,22,3.0,1),(15900,'257',12,18,3.0,1),(15901,'117',12,24,1.0,1),(15902,'13',12,18,2.0,1),(15903,'171',12,19,2.0,1),(15904,'53',12,22,1.0,1),(15905,'16',12,24,1.0,1),(15906,'24',12,16,1.0,1),(15907,'36',12,18,3.0,1),(15908,'194',12,18,1.0,1),(15909,'206',12,21,3.0,1),(15910,'11',12,21,3.0,1),(15911,'144',12,21,1.0,1),(15912,'212',12,19,3.0,1),(15913,'116',12,20,1.0,1),(15914,'46',12,21,2.0,1),(15915,'186',12,21,2.0,1),(15916,'163',12,18,2.0,1),(15917,'207',12,20,2.0,1),(15918,'48',12,24,1.0,1),(15919,'138',12,18,1.0,1),(15920,'173',12,18,3.0,1),(15921,'32',12,18,2.0,1),(15922,'32',12,22,1.0,1),(15923,'92',12,18,2.0,1),(15924,'58',12,18,1.0,1),(15925,'46',12,24,3.0,1),(15926,'146',12,22,3.0,1),(15927,'96',12,22,3.0,1),(15928,'57',12,21,1.0,1),(15929,'91',12,23,3.0,1),(15930,'161',12,24,2.0,1),(15931,'41',12,24,1.0,1),(15932,'212',12,18,2.0,1),(15933,'80',12,24,1.0,1),(15934,'202',12,19,2.0,1),(15935,'146',12,20,1.0,1),(15936,'143',12,19,1.0,1),(15937,'35',12,16,2.0,1),(15938,'76',12,18,3.0,1),(15939,'203',12,18,3.0,1),(15940,'233',12,18,1.0,1),(15941,'259',12,24,3.0,1),(15942,'29',12,19,3.0,1),(15943,'197',12,18,3.0,1),(15944,'9',12,21,1.0,1),(15945,'145',12,18,2.0,1),(15946,'66',12,18,2.0,1),(15947,'33',12,18,3.0,1),(15948,'18',12,18,3.0,1),(15949,'188',12,18,3.0,1),(15950,'213',12,18,3.0,1),(15951,'139',12,24,1.0,1),(15952,'70',12,18,1.0,1),(15953,'259',12,18,2.0,1),(15954,'162',12,21,1.0,1),(15955,'251',12,23,2.0,1),(15956,'143',12,24,2.0,1),(15957,'121',12,18,2.0,1),(15958,'53',12,24,2.0,1),(15959,'197',12,20,2.0,1),(15960,'215',12,24,2.0,1),(15961,'73',12,18,2.0,1),(15962,'30',12,24,3.0,1),(15963,'73',12,21,3.0,1),(15964,'231',12,24,1.0,1),(15965,'258',12,19,2.0,1),(15966,'8',12,24,3.0,1),(15967,'154',12,19,3.0,1),(15968,'200',12,18,1.0,1),(15969,'100',12,21,3.0,1),(15970,'142',12,21,2.0,1),(15971,'142',12,18,1.0,1),(15972,'74',12,21,3.0,1),(15973,'256',12,19,1.0,1),(15974,'217',12,18,1.0,1),(15975,'41',12,21,1.0,1),(15976,'65',12,16,2.0,1),(15977,'230',12,18,3.0,1),(15978,'27',12,18,3.0,1),(15979,'64',12,21,2.0,1),(15980,'14',12,16,2.0,1),(15981,'47',12,18,3.0,1),(15982,'226',12,19,2.0,1),(15983,'260',12,22,1.0,1),(15984,'144',12,18,2.0,1),(15985,'109',12,21,1.0,1),(15986,'246',12,22,3.0,1),(15987,'60',12,21,2.0,1),(15988,'12',12,22,2.0,1),(15989,'89',12,22,2.0,1),(15990,'28',12,18,3.0,1),(15991,'183',12,16,3.0,1),(15992,'174',12,22,2.0,1),(15993,'192',12,24,3.0,1),(15994,'210',12,18,3.0,1),(15995,'69',12,21,3.0,1),(15996,'188',12,21,2.0,1),(15997,'59',12,18,1.0,1),(15998,'47',12,24,1.0,1),(15999,'54',12,18,1.0,1),(16000,'72',12,18,3.0,1),(16001,'165',13,19,2.0,1),(16002,'173',13,21,1.0,1),(16003,'207',13,20,3.0,1),(16004,'124',13,22,1.0,1),(16005,'215',13,23,1.0,1),(16006,'235',13,19,3.0,1),(16007,'142',13,20,2.0,1),(16008,'37',13,21,3.0,1),(16009,'234',13,18,2.0,1),(16010,'232',13,18,2.0,1),(16011,'13',13,19,1.0,1),(16012,'228',13,18,1.0,1),(16013,'107',13,18,2.0,1),(16014,'189',13,21,1.0,1),(16015,'195',13,19,3.0,1),(16016,'39',13,21,3.0,1),(16017,'70',13,20,3.0,1),(16018,'17',13,18,2.0,1),(16019,'20',13,22,2.0,1),(16020,'154',13,16,3.0,1),(16021,'7',13,20,2.0,1),(16022,'175',13,20,1.0,1),(16023,'220',13,19,2.0,1),(16024,'205',13,20,3.0,1),(16025,'136',13,23,1.0,1),(16026,'194',13,19,2.0,1),(16027,'162',13,20,2.0,1),(16028,'259',13,20,2.0,1),(16029,'215',13,24,2.0,1),(16030,'74',13,19,2.0,1),(16031,'79',13,21,1.0,1),(16032,'259',13,18,3.0,1),(16033,'194',13,18,1.0,1),(16034,'61',13,19,1.0,1),(16035,'104',13,24,2.0,1),(16036,'151',13,23,1.0,1),(16037,'92',13,20,3.0,1),(16038,'235',13,20,3.0,1),(16039,'259',13,18,3.0,1),(16040,'180',13,20,3.0,1),(16041,'197',13,24,1.0,1),(16042,'74',13,19,2.0,1),(16043,'150',13,19,1.0,1),(16044,'225',13,19,3.0,1),(16045,'260',13,24,3.0,1),(16046,'160',13,19,3.0,1),(16047,'16',13,22,2.0,1),(16048,'26',13,19,3.0,1),(16049,'191',13,20,1.0,1),(16050,'161',13,23,1.0,1),(16051,'53',13,18,2.0,1),(16052,'247',13,20,1.0,1),(16053,'146',13,18,2.0,1),(16054,'77',13,21,1.0,1),(16055,'126',13,22,2.0,1),(16056,'46',13,22,3.0,1),(16057,'132',13,18,2.0,1),(16058,'169',13,24,2.0,1),(16059,'8',13,20,3.0,1),(16060,'165',13,20,2.0,1),(16061,'105',13,18,3.0,1),(16062,'135',13,18,3.0,1),(16063,'101',13,19,2.0,1),(16064,'203',13,18,1.0,1),(16065,'99',13,19,1.0,1),(16066,'90',13,18,3.0,1),(16067,'244',13,22,2.0,1),(16068,'25',13,19,3.0,1),(16069,'72',13,16,3.0,1),(16070,'127',13,19,3.0,1),(16071,'10',13,20,2.0,1),(16072,'224',13,19,2.0,1),(16073,'178',13,18,1.0,1),(16074,'149',13,21,1.0,1),(16075,'96',13,19,2.0,1),(16076,'238',13,23,2.0,1),(16077,'234',13,19,2.0,1),(16078,'9',13,18,3.0,1),(16079,'101',13,23,3.0,1),(16080,'22',13,18,3.0,1),(16081,'113',13,18,2.0,1),(16082,'174',13,20,1.0,1),(16083,'58',13,16,2.0,1),(16084,'73',13,20,1.0,1),(16085,'75',13,19,3.0,1),(16086,'20',13,18,3.0,1),(16087,'63',13,19,3.0,1),(16088,'170',13,19,1.0,1),(16089,'210',13,20,1.0,1),(16090,'82',13,18,3.0,1),(16091,'156',13,21,2.0,1),(16092,'176',13,23,3.0,1),(16093,'234',13,21,2.0,1),(16094,'195',13,19,2.0,1),(16095,'104',13,20,3.0,1),(16096,'81',13,19,1.0,1),(16097,'204',13,23,1.0,1),(16098,'41',13,20,3.0,1),(16099,'225',13,19,2.0,1),(16100,'80',13,19,3.0,1),(16101,'21',13,19,3.0,1),(16102,'230',13,23,1.0,1),(16103,'173',13,20,2.0,1),(16104,'167',13,18,2.0,1),(16105,'174',13,18,2.0,1),(16106,'213',13,18,2.0,1),(16107,'17',13,22,2.0,1),(16108,'251',13,19,1.0,1),(16109,'40',13,20,2.0,1),(16110,'15',13,24,1.0,1),(16111,'73',13,19,3.0,1),(16112,'203',13,21,3.0,1),(16113,'173',13,20,1.0,1),(16114,'100',13,18,2.0,1),(16115,'149',13,21,2.0,1),(16116,'134',13,20,2.0,1),(16117,'61',13,24,1.0,1),(16118,'215',13,19,1.0,1),(16119,'208',13,20,3.0,1),(16120,'101',13,16,3.0,1),(16121,'46',13,18,3.0,1),(16122,'173',13,20,3.0,1),(16123,'85',13,22,1.0,1),(16124,'41',13,23,3.0,1),(16125,'136',13,22,2.0,1),(16126,'84',13,19,1.0,1),(16127,'2',13,20,2.0,1),(16128,'109',13,20,2.0,1),(16129,'8',13,21,3.0,1),(16130,'9',13,18,1.0,1),(16131,'49',13,21,2.0,1),(16132,'67',13,22,2.0,1),(16133,'62',13,20,1.0,1),(16134,'123',13,18,1.0,1),(16135,'124',13,23,3.0,1),(16136,'224',13,18,3.0,1),(16137,'166',13,21,3.0,1),(16138,'82',13,16,1.0,1),(16139,'97',13,19,2.0,1),(16140,'151',13,18,2.0,1),(16141,'221',13,22,1.0,1),(16142,'183',13,21,2.0,1),(16143,'45',13,16,2.0,1),(16144,'103',13,20,1.0,1),(16145,'234',13,24,2.0,1),(16146,'194',13,20,2.0,1),(16147,'37',13,20,3.0,1),(16148,'175',13,21,2.0,1),(16149,'84',13,18,3.0,1),(16150,'128',13,18,1.0,1),(16151,'140',13,20,2.0,1),(16152,'122',13,20,2.0,1),(16153,'126',13,16,3.0,1),(16154,'116',13,21,3.0,1),(16155,'203',13,23,2.0,1),(16156,'128',13,23,2.0,1),(16157,'26',13,21,3.0,1),(16158,'80',13,20,3.0,1),(16159,'112',13,19,3.0,1),(16160,'191',13,18,2.0,1),(16161,'60',13,23,1.0,1),(16162,'65',13,24,3.0,1),(16163,'56',13,20,2.0,1),(16164,'23',13,23,2.0,1),(16165,'13',13,20,2.0,1),(16166,'79',13,24,3.0,1),(16167,'78',13,20,1.0,1),(16168,'199',13,20,2.0,1),(16169,'41',13,21,3.0,1),(16170,'61',13,19,2.0,1),(16171,'219',13,19,2.0,1),(16172,'149',13,18,2.0,1),(16173,'48',13,19,3.0,1),(16174,'125',13,20,2.0,1),(16175,'89',13,20,3.0,1),(16176,'237',13,18,1.0,1),(16177,'10',13,19,3.0,1),(16178,'145',13,22,1.0,1),(16179,'247',13,19,3.0,1),(16180,'22',13,16,2.0,1),(16181,'147',13,20,3.0,1),(16182,'113',13,21,3.0,1),(16183,'2',13,24,3.0,1),(16184,'216',13,23,2.0,1),(16185,'63',13,23,1.0,1),(16186,'138',13,24,1.0,1),(16187,'209',13,19,1.0,1),(16188,'89',13,19,2.0,1),(16189,'233',13,24,1.0,1),(16190,'219',13,20,2.0,1),(16191,'188',13,18,3.0,1),(16192,'150',13,19,1.0,1),(16193,'109',13,24,2.0,1),(16194,'182',13,18,2.0,1),(16195,'187',13,24,2.0,1),(16196,'230',13,18,3.0,1),(16197,'231',13,23,3.0,1),(16198,'110',13,23,2.0,1),(16199,'144',13,20,2.0,1),(16200,'200',13,20,2.0,1),(16201,'164',13,23,3.0,1),(16202,'136',13,20,2.0,1),(16203,'132',13,20,2.0,1),(16204,'226',13,18,3.0,1),(16205,'41',13,24,1.0,1),(16206,'127',13,21,2.0,1),(16207,'129',13,20,3.0,1),(16208,'129',13,23,1.0,1),(16209,'204',13,18,2.0,1),(16210,'49',13,18,3.0,1),(16211,'251',13,19,2.0,1),(16212,'214',13,20,2.0,1),(16213,'212',13,20,3.0,1),(16214,'23',13,22,1.0,1),(16215,'93',13,18,2.0,1),(16216,'143',13,20,1.0,1),(16217,'33',13,23,1.0,1),(16218,'61',13,20,2.0,1),(16219,'181',13,20,1.0,1),(16220,'192',13,18,2.0,1),(16221,'74',13,18,3.0,1),(16222,'168',13,20,1.0,1),(16223,'7',13,18,2.0,1),(16224,'131',13,22,3.0,1),(16225,'259',13,19,2.0,1),(16226,'17',13,21,2.0,1),(16227,'97',13,21,2.0,1),(16228,'215',13,24,2.0,1),(16229,'81',13,20,2.0,1),(16230,'243',13,20,1.0,1),(16231,'14',13,22,1.0,1),(16232,'64',13,20,3.0,1),(16233,'132',13,23,3.0,1),(16234,'58',13,24,2.0,1),(16235,'219',13,23,2.0,1),(16236,'191',13,19,1.0,1),(16237,'166',13,21,2.0,1),(16238,'96',13,20,3.0,1),(16239,'189',13,23,3.0,1),(16240,'93',13,23,2.0,1),(16241,'125',13,18,3.0,1),(16242,'259',13,18,3.0,1),(16243,'105',13,20,1.0,1),(16244,'60',13,18,3.0,1),(16245,'60',13,19,1.0,1),(16246,'229',13,24,3.0,1),(16247,'85',13,18,3.0,1),(16248,'99',13,23,1.0,1),(16249,'156',13,20,3.0,1),(16250,'101',13,21,3.0,1),(16251,'193',13,20,1.0,1),(16252,'5',13,19,3.0,1),(16253,'82',13,19,1.0,1),(16254,'154',13,18,1.0,1),(16255,'168',13,19,3.0,1),(16256,'248',13,19,3.0,1),(16257,'172',13,18,1.0,1),(16258,'23',13,20,2.0,1),(16259,'79',13,23,3.0,1),(16260,'242',13,19,2.0,1),(16261,'52',13,19,3.0,1),(16262,'137',13,19,1.0,1),(16263,'126',13,16,3.0,1),(16264,'171',13,20,2.0,1),(16265,'118',13,18,1.0,1),(16266,'200',13,21,1.0,1),(16267,'38',13,20,1.0,1),(16268,'27',13,19,3.0,1),(16269,'253',13,23,1.0,1),(16270,'57',13,20,3.0,1),(16271,'252',13,20,3.0,1),(16272,'159',13,21,1.0,1),(16273,'96',13,22,3.0,1),(16274,'106',13,19,2.0,1),(16275,'39',13,20,2.0,1),(16276,'215',13,24,1.0,1),(16277,'43',13,18,2.0,1),(16278,'153',13,18,2.0,1),(16279,'181',13,20,3.0,1),(16280,'60',13,18,2.0,1),(16281,'78',13,21,2.0,1),(16282,'67',13,18,1.0,1),(16283,'11',13,19,3.0,1),(16284,'61',13,19,1.0,1),(16285,'142',13,23,1.0,1),(16286,'106',13,20,2.0,1),(16287,'97',13,22,1.0,1),(16288,'203',13,19,3.0,1),(16289,'232',13,20,3.0,1),(16290,'71',13,16,1.0,1),(16291,'71',13,19,2.0,1),(16292,'162',13,19,2.0,1),(16293,'251',13,16,3.0,1),(16294,'147',13,18,3.0,1),(16295,'88',13,16,2.0,1),(16296,'76',13,22,3.0,1),(16297,'41',13,24,1.0,1),(16298,'97',13,24,1.0,1),(16299,'172',13,18,2.0,1),(16300,'137',13,24,1.0,1),(16301,'249',13,19,1.0,1),(16302,'183',13,16,1.0,1),(16303,'87',13,18,2.0,1),(16304,'23',13,19,3.0,1),(16305,'86',13,21,1.0,1),(16306,'165',13,23,1.0,1),(16307,'115',13,19,1.0,1),(16308,'145',13,18,2.0,1),(16309,'18',13,18,1.0,1),(16310,'220',13,21,2.0,1),(16311,'19',13,24,1.0,1),(16312,'23',13,22,3.0,1),(16313,'57',13,20,3.0,1),(16314,'252',13,24,1.0,1),(16315,'33',13,18,2.0,1),(16316,'226',13,19,3.0,1),(16317,'207',13,21,2.0,1),(16318,'127',13,20,3.0,1),(16319,'41',13,19,2.0,1),(16320,'92',13,18,2.0,1),(16321,'102',13,21,2.0,1),(16322,'20',13,19,1.0,1),(16323,'80',13,23,3.0,1),(16324,'158',13,16,3.0,1),(16325,'179',13,18,3.0,1),(16326,'132',13,18,1.0,1),(16327,'48',13,20,1.0,1),(16328,'232',13,18,1.0,1),(16329,'194',13,21,3.0,1),(16330,'1',13,22,1.0,1),(16331,'118',13,18,2.0,1),(16332,'156',13,19,1.0,1),(16333,'163',13,23,1.0,1),(16334,'234',13,20,3.0,1),(16335,'100',13,20,2.0,1),(16336,'253',13,24,2.0,1),(16337,'120',13,22,1.0,1),(16338,'84',13,18,3.0,1),(16339,'195',13,20,1.0,1),(16340,'92',13,20,3.0,1),(16341,'248',13,23,3.0,1),(16342,'90',13,19,3.0,1),(16343,'53',13,18,1.0,1),(16344,'165',13,24,1.0,1),(16345,'64',13,20,2.0,1),(16346,'105',13,24,3.0,1),(16347,'183',13,18,3.0,1),(16348,'258',13,21,3.0,1),(16349,'104',13,19,3.0,1),(16350,'148',13,19,2.0,1),(16351,'183',13,23,2.0,1),(16352,'112',13,23,1.0,1),(16353,'220',13,19,3.0,1),(16354,'129',13,24,1.0,1),(16355,'186',13,21,3.0,1),(16356,'207',13,21,1.0,1),(16357,'114',13,18,2.0,1),(16358,'127',13,21,2.0,1),(16359,'50',13,19,3.0,1),(16360,'80',13,19,3.0,1),(16361,'16',13,20,3.0,1),(16362,'127',13,19,2.0,1),(16363,'121',13,21,1.0,1),(16364,'18',13,20,1.0,1),(16365,'8',13,21,3.0,1),(16366,'22',13,23,2.0,1),(16367,'251',13,22,3.0,1),(16368,'204',13,24,1.0,1),(16369,'53',13,18,1.0,1),(16370,'73',13,23,2.0,1),(16371,'121',13,18,1.0,1),(16372,'15',13,24,3.0,1),(16373,'233',13,23,2.0,1),(16374,'43',13,19,1.0,1),(16375,'211',13,19,1.0,1),(16376,'122',13,18,3.0,1),(16377,'101',13,19,2.0,1),(16378,'165',13,20,2.0,1),(16379,'43',13,24,2.0,1),(16380,'142',13,18,1.0,1),(16381,'9',13,23,1.0,1),(16382,'14',13,18,2.0,1),(16383,'94',13,18,2.0,1),(16384,'45',13,20,2.0,1),(16385,'95',13,21,3.0,1),(16386,'207',13,18,1.0,1),(16387,'59',13,22,2.0,1),(16388,'259',13,19,1.0,1),(16389,'44',13,18,2.0,1),(16390,'13',13,21,3.0,1),(16391,'182',13,19,3.0,1),(16392,'245',13,21,3.0,1),(16393,'153',13,18,3.0,1),(16394,'188',13,21,2.0,1),(16395,'10',13,23,1.0,1),(16396,'26',13,24,2.0,1),(16397,'173',13,19,3.0,1),(16398,'120',13,19,3.0,1),(16399,'236',13,18,3.0,1),(16400,'178',13,20,3.0,1),(16401,'231',13,18,1.0,1),(16402,'79',13,19,3.0,1),(16403,'86',13,24,3.0,1),(16404,'214',13,20,3.0,1),(16405,'224',13,18,2.0,1),(16406,'2',13,21,2.0,1),(16407,'170',13,20,3.0,1),(16408,'154',13,16,1.0,1),(16409,'258',13,21,2.0,1),(16410,'234',13,20,3.0,1),(16411,'14',13,20,2.0,1),(16412,'23',13,19,2.0,1),(16413,'100',13,20,2.0,1),(16414,'163',13,20,3.0,1),(16415,'189',13,21,2.0,1),(16416,'8',13,20,3.0,1),(16417,'20',13,16,3.0,1),(16418,'111',13,21,1.0,1),(16419,'130',13,18,3.0,1),(16420,'202',13,23,3.0,1),(16421,'129',13,20,2.0,1),(16422,'166',13,23,1.0,1),(16423,'127',13,23,3.0,1),(16424,'209',13,23,3.0,1),(16425,'137',13,21,2.0,1),(16426,'110',13,22,3.0,1),(16427,'169',13,18,1.0,1),(16428,'113',13,24,3.0,1),(16429,'75',13,20,1.0,1),(16430,'239',13,18,3.0,1),(16431,'123',13,21,1.0,1),(16432,'78',13,20,3.0,1),(16433,'234',13,16,1.0,1),(16434,'72',13,22,3.0,1),(16435,'125',13,18,1.0,1),(16436,'111',13,18,1.0,1),(16437,'254',13,20,1.0,1),(16438,'219',13,18,2.0,1),(16439,'138',13,23,3.0,1),(16440,'92',13,21,3.0,1),(16441,'36',13,16,2.0,1),(16442,'146',13,18,1.0,1),(16443,'29',13,22,1.0,1),(16444,'257',13,23,3.0,1),(16445,'68',13,20,3.0,1),(16446,'222',13,18,3.0,1),(16447,'237',13,22,3.0,1),(16448,'12',13,18,2.0,1),(16449,'76',13,22,2.0,1),(16450,'244',13,18,1.0,1),(16451,'77',13,19,1.0,1),(16452,'29',13,20,1.0,1),(16453,'119',13,23,3.0,1),(16454,'2',13,18,2.0,1),(16455,'90',13,21,1.0,1),(16456,'156',13,21,1.0,1),(16457,'157',13,24,3.0,1),(16458,'28',13,23,3.0,1),(16459,'70',13,19,1.0,1),(16460,'4',13,19,3.0,1),(16461,'113',13,20,2.0,1),(16462,'168',13,19,1.0,1),(16463,'157',13,19,3.0,1),(16464,'152',13,24,2.0,1),(16465,'245',13,24,1.0,1),(16466,'251',13,20,2.0,1),(16467,'175',13,20,1.0,1),(16468,'159',13,24,2.0,1),(16469,'170',13,21,1.0,1),(16470,'141',13,20,1.0,1),(16471,'54',13,21,2.0,1),(16472,'241',13,18,1.0,1),(16473,'21',13,18,2.0,1),(16474,'67',13,23,2.0,1),(16475,'172',13,19,3.0,1),(16476,'59',13,19,1.0,1),(16477,'131',13,24,2.0,1),(16478,'105',13,18,3.0,1),(16479,'190',13,19,2.0,1),(16480,'6',13,18,3.0,1),(16481,'163',13,24,1.0,1),(16482,'73',13,20,1.0,1),(16483,'80',13,19,3.0,1),(16484,'69',13,18,1.0,1),(16485,'189',13,20,2.0,1),(16486,'93',13,23,1.0,1),(16487,'242',13,18,3.0,1),(16488,'47',13,20,2.0,1),(16489,'88',13,24,2.0,1),(16490,'138',13,18,3.0,1),(16491,'11',13,18,2.0,1),(16492,'238',13,20,2.0,1),(16493,'166',13,18,3.0,1),(16494,'171',13,19,2.0,1),(16495,'242',13,16,2.0,1),(16496,'93',13,21,1.0,1),(16497,'170',13,18,2.0,1),(16498,'200',13,19,2.0,1),(16499,'48',13,18,2.0,1),(16500,'82',13,24,1.0,1),(16501,'198',13,18,2.0,1),(16502,'168',13,21,3.0,1),(16503,'158',13,18,1.0,1),(16504,'36',13,20,2.0,1),(16505,'78',13,21,3.0,1),(16506,'77',13,20,1.0,1),(16507,'25',13,18,1.0,1),(16508,'173',13,22,3.0,1),(16509,'127',13,21,1.0,1),(16510,'139',13,18,2.0,1),(16511,'28',13,18,2.0,1),(16512,'161',13,23,2.0,1),(16513,'184',13,18,2.0,1),(16514,'112',13,22,2.0,1),(16515,'256',13,20,1.0,1),(16516,'14',13,19,3.0,1),(16517,'10',13,18,3.0,1),(16518,'29',13,19,1.0,1),(16519,'229',13,20,3.0,1),(16520,'70',13,20,1.0,1),(16521,'124',13,16,2.0,1),(16522,'6',13,20,2.0,1),(16523,'170',13,19,1.0,1),(16524,'52',13,23,1.0,1),(16525,'91',13,18,3.0,1),(16526,'190',13,22,3.0,1),(16527,'77',13,23,3.0,1),(16528,'245',13,23,1.0,1),(16529,'30',13,18,3.0,1),(16530,'91',13,24,1.0,1),(16531,'233',13,19,1.0,1),(16532,'30',13,20,1.0,1),(16533,'90',13,18,2.0,1),(16534,'29',13,21,3.0,1),(16535,'137',13,18,2.0,1),(16536,'132',13,20,2.0,1),(16537,'152',13,20,1.0,1),(16538,'252',13,20,3.0,1),(16539,'169',13,18,3.0,1),(16540,'93',13,18,1.0,1),(16541,'114',13,16,3.0,1),(16542,'54',13,23,3.0,1),(16543,'203',13,18,2.0,1),(16544,'19',13,20,3.0,1),(16545,'256',13,19,2.0,1),(16546,'153',13,22,2.0,1),(16547,'159',13,20,1.0,1),(16548,'171',13,21,1.0,1),(16549,'87',13,24,3.0,1),(16550,'223',13,22,2.0,1),(16551,'20',13,20,2.0,1),(16552,'168',13,23,2.0,1),(16553,'92',13,18,1.0,1),(16554,'105',13,18,2.0,1),(16555,'42',13,18,3.0,1),(16556,'216',13,24,1.0,1),(16557,'70',13,19,2.0,1),(16558,'242',13,22,1.0,1),(16559,'147',13,23,2.0,1),(16560,'151',13,20,1.0,1),(16561,'52',13,20,3.0,1),(16562,'3',13,21,3.0,1),(16563,'35',13,21,1.0,1),(16564,'173',13,19,1.0,1),(16565,'170',13,19,3.0,1),(16566,'228',13,21,2.0,1),(16567,'57',13,21,1.0,1),(16568,'194',13,22,3.0,1),(16569,'115',13,19,2.0,1),(16570,'166',13,19,2.0,1),(16571,'129',13,23,3.0,1),(16572,'101',13,23,2.0,1),(16573,'228',13,20,1.0,1),(16574,'69',13,20,3.0,1),(16575,'257',13,19,2.0,1),(16576,'142',13,18,1.0,1),(16577,'145',13,19,1.0,1),(16578,'43',13,23,3.0,1),(16579,'242',13,20,1.0,1),(16580,'251',13,18,3.0,1),(16581,'213',13,24,3.0,1),(16582,'154',13,23,3.0,1),(16583,'26',13,22,1.0,1),(16584,'73',13,20,3.0,1),(16585,'192',13,18,1.0,1),(16586,'5',13,20,3.0,1),(16587,'43',13,18,3.0,1),(16588,'227',13,19,2.0,1),(16589,'142',13,20,2.0,1),(16590,'10',13,20,1.0,1),(16591,'2',13,20,3.0,1),(16592,'250',13,19,2.0,1),(16593,'16',13,23,1.0,1),(16594,'78',13,16,2.0,1),(16595,'110',13,18,2.0,1),(16596,'201',13,20,2.0,1),(16597,'231',13,23,3.0,1),(16598,'193',13,21,2.0,1),(16599,'99',13,20,1.0,1),(16600,'218',13,23,1.0,1),(16601,'52',13,21,3.0,1),(16602,'17',13,16,2.0,1),(16603,'88',13,24,3.0,1),(16604,'240',13,19,1.0,1),(16605,'179',13,19,3.0,1),(16606,'175',13,19,2.0,1),(16607,'229',13,20,2.0,1),(16608,'199',13,18,3.0,1),(16609,'219',13,21,1.0,1),(16610,'141',13,19,1.0,1),(16611,'154',13,23,3.0,1),(16612,'24',13,20,3.0,1),(16613,'70',13,20,1.0,1),(16614,'21',13,21,2.0,1),(16615,'231',13,19,3.0,1),(16616,'98',13,18,2.0,1),(16617,'73',13,20,2.0,1),(16618,'51',13,19,3.0,1),(16619,'140',13,18,3.0,1),(16620,'220',13,21,2.0,1),(16621,'13',13,20,2.0,1),(16622,'39',13,23,2.0,1),(16623,'162',13,22,1.0,1),(16624,'211',13,23,1.0,1),(16625,'193',13,19,1.0,1),(16626,'141',13,19,2.0,1),(16627,'57',13,20,2.0,1),(16628,'189',13,23,2.0,1),(16629,'232',13,19,1.0,1),(16630,'174',13,18,1.0,1),(16631,'161',13,19,3.0,1),(16632,'104',13,19,3.0,1),(16633,'77',13,21,2.0,1),(16634,'79',13,19,1.0,1),(16635,'63',13,18,1.0,1),(16636,'190',13,23,2.0,1),(16637,'194',13,20,3.0,1),(16638,'244',13,23,2.0,1),(16639,'65',13,20,3.0,1),(16640,'26',13,21,3.0,1),(16641,'98',13,24,2.0,1),(16642,'6',13,20,1.0,1),(16643,'120',13,20,3.0,1),(16644,'149',13,23,1.0,1),(16645,'93',13,16,1.0,1),(16646,'129',13,20,3.0,1),(16647,'46',13,18,3.0,1),(16648,'212',13,20,3.0,1),(16649,'64',13,18,2.0,1),(16650,'48',13,22,3.0,1),(16651,'66',13,20,2.0,1),(16652,'7',13,24,1.0,1),(16653,'210',13,19,1.0,1),(16654,'236',13,21,2.0,1),(16655,'50',13,21,1.0,1),(16656,'212',13,19,3.0,1),(16657,'99',13,20,3.0,1),(16658,'66',13,20,2.0,1),(16659,'77',13,18,1.0,1),(16660,'133',13,16,1.0,1),(16661,'34',13,19,3.0,1),(16662,'45',13,20,3.0,1),(16663,'79',13,23,1.0,1),(16664,'159',13,21,3.0,1),(16665,'209',13,20,2.0,1),(16666,'119',13,21,1.0,1),(16667,'121',13,19,2.0,1),(16668,'253',13,18,1.0,1),(16669,'185',13,16,1.0,1),(16670,'87',13,20,1.0,1),(16671,'122',13,19,2.0,1),(16672,'103',13,19,2.0,1),(16673,'126',13,22,1.0,1),(16674,'48',13,20,1.0,1),(16675,'248',13,21,2.0,1),(16676,'101',13,22,1.0,1),(16677,'53',13,20,2.0,1),(16678,'79',13,21,2.0,1),(16679,'72',13,24,3.0,1),(16680,'128',13,18,2.0,1),(16681,'136',13,21,3.0,1),(16682,'210',13,20,1.0,1),(16683,'40',13,20,1.0,1),(16684,'180',13,21,3.0,1),(16685,'240',13,23,2.0,1),(16686,'244',13,22,3.0,1),(16687,'210',13,23,2.0,1),(16688,'225',13,20,3.0,1),(16689,'104',13,23,2.0,1),(16690,'249',13,22,3.0,1),(16691,'162',13,19,1.0,1),(16692,'27',13,19,2.0,1),(16693,'45',13,18,1.0,1),(16694,'173',13,20,1.0,1),(16695,'208',13,21,2.0,1),(16696,'107',13,20,3.0,1),(16697,'107',13,21,3.0,1),(16698,'22',13,23,3.0,1),(16699,'138',13,19,2.0,1),(16700,'134',13,24,1.0,1),(16701,'81',13,18,1.0,1),(16702,'167',13,22,3.0,1),(16703,'112',13,23,1.0,1),(16704,'72',13,18,3.0,1),(16705,'207',13,18,1.0,1),(16706,'14',13,19,2.0,1),(16707,'135',13,24,3.0,1),(16708,'235',13,19,2.0,1),(16709,'37',13,18,1.0,1),(16710,'259',13,20,2.0,1),(16711,'36',13,23,1.0,1),(16712,'255',13,16,1.0,1),(16713,'172',13,19,2.0,1),(16714,'115',13,19,1.0,1),(16715,'192',13,19,2.0,1),(16716,'9',13,18,3.0,1),(16717,'167',13,24,1.0,1),(16718,'59',13,20,2.0,1),(16719,'170',13,20,3.0,1),(16720,'216',13,21,3.0,1),(16721,'125',13,22,2.0,1),(16722,'192',13,18,3.0,1),(16723,'7',13,20,2.0,1),(16724,'104',13,20,3.0,1),(16725,'57',13,20,1.0,1),(16726,'87',13,16,2.0,1),(16727,'9',13,19,1.0,1),(16728,'239',13,19,3.0,1),(16729,'13',13,18,1.0,1),(16730,'171',13,19,3.0,1),(16731,'144',13,19,3.0,1),(16732,'239',13,23,3.0,1),(16733,'172',13,19,3.0,1),(16734,'73',13,18,2.0,1),(16735,'60',13,21,2.0,1),(16736,'214',13,21,1.0,1),(16737,'182',13,20,3.0,1),(16738,'135',13,20,2.0,1),(16739,'56',13,20,2.0,1),(16740,'110',13,18,2.0,1),(16741,'82',13,18,2.0,1),(16742,'238',13,21,1.0,1),(16743,'30',13,22,1.0,1),(16744,'192',13,20,1.0,1),(16745,'111',13,19,3.0,1),(16746,'195',13,19,1.0,1),(16747,'159',13,21,2.0,1),(16748,'178',13,21,2.0,1),(16749,'84',13,19,1.0,1),(16750,'94',13,18,3.0,1),(16751,'21',13,19,1.0,1),(16752,'99',13,19,3.0,1),(16753,'208',13,18,3.0,1),(16754,'141',13,20,2.0,1),(16755,'260',13,18,3.0,1),(16756,'175',13,19,1.0,1),(16757,'95',13,21,2.0,1),(16758,'205',13,18,1.0,1),(16759,'154',13,18,3.0,1),(16760,'66',13,18,2.0,1),(16761,'128',13,18,1.0,1),(16762,'27',13,20,1.0,1),(16763,'186',13,19,1.0,1),(16764,'151',13,19,3.0,1),(16765,'240',13,18,1.0,1),(16766,'156',13,20,1.0,1),(16767,'137',13,20,1.0,1),(16768,'147',13,20,1.0,1),(16769,'244',13,21,1.0,1),(16770,'44',13,19,2.0,1),(16771,'85',13,20,3.0,1),(16772,'103',13,20,1.0,1),(16773,'250',13,21,2.0,1),(16774,'32',13,20,2.0,1),(16775,'134',13,22,1.0,1),(16776,'67',13,16,1.0,1),(16777,'7',13,21,2.0,1),(16778,'171',13,20,1.0,1),(16779,'243',13,18,3.0,1),(16780,'124',13,18,1.0,1),(16781,'107',13,23,2.0,1),(16782,'186',13,20,2.0,1),(16783,'24',13,16,1.0,1),(16784,'117',13,19,1.0,1),(16785,'137',13,24,1.0,1),(16786,'1',13,21,2.0,1),(16787,'212',13,16,2.0,1),(16788,'153',13,18,3.0,1),(16789,'69',13,20,2.0,1),(16790,'178',13,16,2.0,1),(16791,'247',13,18,1.0,1),(16792,'97',13,19,2.0,1),(16793,'125',13,20,1.0,1),(16794,'28',13,24,1.0,1),(16795,'203',13,20,2.0,1),(16796,'185',13,23,3.0,1),(16797,'41',13,21,2.0,1),(16798,'172',13,23,1.0,1),(16799,'79',13,24,3.0,1),(16800,'16',13,16,3.0,1),(16801,'7',13,19,3.0,1),(16802,'70',13,18,3.0,1),(16803,'34',13,19,3.0,1),(16804,'115',13,19,2.0,1),(16805,'137',13,18,1.0,1),(16806,'104',13,23,1.0,1),(16807,'247',13,20,1.0,1),(16808,'166',13,22,1.0,1),(16809,'214',13,20,1.0,1),(16810,'93',13,21,2.0,1),(16811,'163',13,20,1.0,1),(16812,'31',13,20,3.0,1),(16813,'235',13,16,1.0,1),(16814,'36',13,20,2.0,1),(16815,'35',13,24,3.0,1),(16816,'27',13,22,2.0,1),(16817,'258',13,22,3.0,1),(16818,'48',13,21,2.0,1),(16819,'24',13,20,1.0,1),(16820,'182',13,20,3.0,1),(16821,'240',13,21,3.0,1),(16822,'159',13,18,2.0,1),(16823,'69',13,16,3.0,1),(16824,'226',13,19,3.0,1),(16825,'223',13,18,3.0,1),(16826,'63',13,20,1.0,1),(16827,'26',13,23,3.0,1),(16828,'177',13,19,3.0,1),(16829,'43',13,18,3.0,1),(16830,'247',13,19,1.0,1),(16831,'236',13,18,3.0,1),(16832,'72',13,19,1.0,1),(16833,'222',13,19,3.0,1),(16834,'241',13,18,2.0,1),(16835,'234',13,18,3.0,1),(16836,'95',13,23,1.0,1),(16837,'96',13,20,3.0,1),(16838,'18',13,20,2.0,1),(16839,'31',13,23,1.0,1),(16840,'169',13,18,3.0,1),(16841,'22',13,24,2.0,1),(16842,'181',13,20,3.0,1),(16843,'109',13,20,2.0,1),(16844,'89',13,19,2.0,1),(16845,'173',13,23,1.0,1),(16846,'131',13,20,3.0,1),(16847,'116',13,18,1.0,1),(16848,'172',13,20,3.0,1),(16849,'106',13,19,1.0,1),(16850,'12',13,20,2.0,1),(16851,'65',13,21,3.0,1),(16852,'224',13,20,1.0,1),(16853,'150',13,23,1.0,1),(16854,'213',13,24,1.0,1),(16855,'66',13,16,1.0,1),(16856,'75',13,19,3.0,1),(16857,'221',13,23,3.0,1),(16858,'203',13,18,2.0,1),(16859,'179',13,20,3.0,1),(16860,'185',13,20,2.0,1),(16861,'90',13,19,2.0,1),(16862,'16',13,20,2.0,1),(16863,'149',13,22,2.0,1),(16864,'158',13,20,3.0,1),(16865,'84',13,19,2.0,1),(16866,'159',13,23,3.0,1),(16867,'185',13,20,2.0,1),(16868,'179',13,20,2.0,1),(16869,'203',13,22,3.0,1),(16870,'169',13,19,3.0,1),(16871,'11',13,19,3.0,1),(16872,'71',13,24,3.0,1),(16873,'106',13,21,1.0,1),(16874,'157',13,18,2.0,1),(16875,'92',13,21,3.0,1),(16876,'186',13,24,1.0,1),(16877,'244',13,18,1.0,1),(16878,'233',13,19,1.0,1),(16879,'52',13,16,1.0,1),(16880,'83',13,20,2.0,1),(16881,'92',13,20,2.0,1),(16882,'34',13,24,1.0,1),(16883,'119',13,21,1.0,1),(16884,'180',13,20,2.0,1),(16885,'248',13,23,2.0,1),(16886,'136',13,23,2.0,1),(16887,'48',13,20,3.0,1),(16888,'231',13,20,3.0,1),(16889,'65',13,19,2.0,1),(16890,'78',13,21,2.0,1),(16891,'173',13,21,2.0,1),(16892,'126',13,18,3.0,1),(16893,'205',13,19,3.0,1),(16894,'118',13,20,2.0,1),(16895,'161',13,19,2.0,1),(16896,'50',13,20,2.0,1),(16897,'211',13,16,3.0,1),(16898,'165',13,19,1.0,1),(16899,'248',13,18,3.0,1),(16900,'28',13,16,2.0,1),(16901,'134',13,16,3.0,1),(16902,'212',13,18,3.0,1),(16903,'28',13,21,2.0,1),(16904,'20',13,21,3.0,1),(16905,'235',13,21,3.0,1),(16906,'109',13,23,1.0,1),(16907,'83',13,18,2.0,1),(16908,'103',13,23,3.0,1),(16909,'107',13,20,2.0,1),(16910,'239',13,18,1.0,1),(16911,'141',13,23,2.0,1),(16912,'255',13,23,2.0,1),(16913,'206',13,21,3.0,1),(16914,'181',13,23,3.0,1),(16915,'107',13,19,1.0,1),(16916,'258',13,16,3.0,1),(16917,'179',13,20,3.0,1),(16918,'103',13,19,3.0,1),(16919,'142',13,23,1.0,1),(16920,'55',13,19,1.0,1),(16921,'247',13,19,3.0,1),(16922,'78',13,24,1.0,1),(16923,'208',13,23,3.0,1),(16924,'97',13,20,1.0,1),(16925,'30',13,20,3.0,1),(16926,'235',13,21,2.0,1),(16927,'243',13,20,3.0,1),(16928,'148',13,21,1.0,1),(16929,'109',13,22,1.0,1),(16930,'235',13,20,1.0,1),(16931,'125',13,20,1.0,1),(16932,'206',13,22,3.0,1),(16933,'228',13,18,3.0,1),(16934,'138',13,19,3.0,1),(16935,'48',13,24,1.0,1),(16936,'114',13,23,1.0,1),(16937,'94',13,22,3.0,1),(16938,'205',13,16,2.0,1),(16939,'205',13,19,3.0,1),(16940,'189',13,21,3.0,1),(16941,'104',13,24,1.0,1),(16942,'23',13,19,1.0,1),(16943,'63',13,20,1.0,1),(16944,'49',13,20,3.0,1),(16945,'40',13,20,3.0,1),(16946,'245',13,19,2.0,1),(16947,'160',13,20,2.0,1),(16948,'229',13,23,1.0,1),(16949,'114',13,24,1.0,1),(16950,'84',13,20,1.0,1),(16951,'16',13,20,2.0,1),(16952,'12',13,21,1.0,1),(16953,'19',13,22,2.0,1),(16954,'53',13,19,3.0,1),(16955,'152',13,18,1.0,1),(16956,'20',13,20,3.0,1),(16957,'139',13,23,1.0,1),(16958,'126',13,21,3.0,1),(16959,'247',13,20,3.0,1),(16960,'58',13,24,2.0,1),(16961,'15',13,19,2.0,1),(16962,'233',13,22,3.0,1),(16963,'228',13,16,1.0,1),(16964,'119',13,21,1.0,1),(16965,'205',13,18,3.0,1),(16966,'70',13,21,2.0,1),(16967,'194',13,19,2.0,1),(16968,'149',13,18,1.0,1),(16969,'181',13,18,1.0,1),(16970,'67',13,24,3.0,1),(16971,'145',13,18,3.0,1),(16972,'248',13,18,1.0,1),(16973,'148',13,21,1.0,1),(16974,'257',13,20,1.0,1),(16975,'26',13,19,3.0,1),(16976,'162',13,23,1.0,1),(16977,'145',13,23,2.0,1),(16978,'194',13,19,3.0,1),(16979,'197',13,20,3.0,1),(16980,'65',13,23,1.0,1),(16981,'146',13,23,2.0,1),(16982,'117',13,23,2.0,1),(16983,'134',13,18,3.0,1),(16984,'62',13,16,1.0,1),(16985,'204',13,18,3.0,1),(16986,'166',13,19,1.0,1),(16987,'10',13,23,1.0,1),(16988,'57',13,20,1.0,1),(16989,'250',13,18,1.0,1),(16990,'178',13,22,2.0,1),(16991,'155',13,19,2.0,1),(16992,'114',13,20,3.0,1),(16993,'112',13,18,2.0,1),(16994,'126',13,23,2.0,1),(16995,'10',13,19,3.0,1),(16996,'241',13,18,1.0,1),(16997,'259',13,18,1.0,1),(16998,'49',13,20,2.0,1),(16999,'125',13,16,1.0,1),(17000,'170',13,23,3.0,1);
/*!40000 ALTER TABLE `user_nav` ENABLE KEYS */;
UNLOCK TABLES;

--
-- Table structure for table `user_role`
--

DROP TABLE IF EXISTS `user_role`;
/*!40101 SET @saved_cs_client     = @@character_set_client */;
/*!50503 SET character_set_client = utf8mb4 */;
CREATE TABLE `user_role` (
  `role_id` int NOT NULL AUTO_INCREMENT,
  `role_name` varchar(50) NOT NULL,
  `role_description` text,
  `created_at` timestamp NULL DEFAULT CURRENT_TIMESTAMP,
  `updated_at` timestamp NULL DEFAULT CURRENT_TIMESTAMP ON UPDATE CURRENT_TIMESTAMP,
  PRIMARY KEY (`role_id`),
  UNIQUE KEY `role_name` (`role_name`)
) ENGINE=InnoDB AUTO_INCREMENT=14 DEFAULT CHARSET=utf8mb4 COLLATE=utf8mb4_0900_ai_ci;
/*!40101 SET character_set_client = @saved_cs_client */;

--
-- Dumping data for table `user_role`
--

LOCK TABLES `user_role` WRITE;
/*!40000 ALTER TABLE `user_role` DISABLE KEYS */;
INSERT INTO `user_role` VALUES (1,'HR',NULL,'2023-11-16 19:48:04','2023-11-16 19:48:04'),(2,'Accountant',NULL,'2023-11-16 19:48:04','2023-11-16 19:48:04'),(3,'Sales',NULL,'2023-11-16 19:48:04','2023-11-16 19:48:04'),(4,'Store Manager',NULL,'2023-11-16 19:48:04','2023-11-16 19:48:04'),(5,'Tech Lead',NULL,'2023-11-16 19:48:04','2023-11-16 19:48:04'),(6,'Admin',NULL,'2023-11-16 19:48:04','2023-11-16 19:48:04'),(7,'Developer',NULL,'2023-11-16 19:48:04','2023-11-16 19:48:04'),(8,'Sales Manager',NULL,'2023-11-16 19:48:04','2023-11-16 19:48:04'),(9,'Area Manager',NULL,'2023-11-16 19:48:04','2023-11-16 19:48:04'),(10,'Receptionist',NULL,'2023-11-16 19:48:04','2023-11-16 19:48:04'),(11,'Warehouse manager',NULL,'2023-11-16 19:48:04','2023-11-16 19:48:04'),(12,'HR Assistant',NULL,'2023-11-16 19:48:04','2023-11-16 19:48:04'),(13,'Recruiter',NULL,'2023-11-16 19:48:04','2023-11-16 19:48:04');
/*!40000 ALTER TABLE `user_role` ENABLE KEYS */;
UNLOCK TABLES;

--
-- Table structure for table `user_style`
--

DROP TABLE IF EXISTS `user_style`;
/*!40101 SET @saved_cs_client     = @@character_set_client */;
/*!50503 SET character_set_client = utf8mb4 */;
CREATE TABLE `user_style` (
  `user_style_id` int NOT NULL AUTO_INCREMENT,
  `user_id` varchar(45) DEFAULT NULL,
  `style_type_id` int DEFAULT NULL,
  `user_style_feedback` int DEFAULT NULL,
  PRIMARY KEY (`user_style_id`)
) ENGINE=InnoDB AUTO_INCREMENT=3 DEFAULT CHARSET=utf8mb4 COLLATE=utf8mb4_0900_ai_ci;
/*!40101 SET character_set_client = @saved_cs_client */;

--
-- Dumping data for table `user_style`
--

LOCK TABLES `user_style` WRITE;
/*!40000 ALTER TABLE `user_style` DISABLE KEYS */;
INSERT INTO `user_style` VALUES (1,'261',4,1),(2,'261',6,1);
/*!40000 ALTER TABLE `user_style` ENABLE KEYS */;
UNLOCK TABLES;

--
-- Table structure for table `user_style_element`
--

DROP TABLE IF EXISTS `user_style_element`;
/*!40101 SET @saved_cs_client     = @@character_set_client */;
/*!50503 SET character_set_client = utf8mb4 */;
CREATE TABLE `user_style_element` (
  `style_element_id` int NOT NULL AUTO_INCREMENT,
  `style_element_name` varchar(45) DEFAULT NULL,
  PRIMARY KEY (`style_element_id`)
) ENGINE=InnoDB AUTO_INCREMENT=2 DEFAULT CHARSET=utf8mb4 COLLATE=utf8mb4_0900_ai_ci;
/*!40101 SET character_set_client = @saved_cs_client */;

--
-- Dumping data for table `user_style_element`
--

LOCK TABLES `user_style_element` WRITE;
/*!40000 ALTER TABLE `user_style_element` DISABLE KEYS */;
INSERT INTO `user_style_element` VALUES (1,'feedback-notification');
/*!40000 ALTER TABLE `user_style_element` ENABLE KEYS */;
UNLOCK TABLES;

--
-- Table structure for table `user_style_type`
--

DROP TABLE IF EXISTS `user_style_type`;
/*!40101 SET @saved_cs_client     = @@character_set_client */;
/*!50503 SET character_set_client = utf8mb4 */;
CREATE TABLE `user_style_type` (
  `style_type_id` int NOT NULL AUTO_INCREMENT,
  `style_class` varchar(45) DEFAULT NULL,
  `style_desc` varchar(45) DEFAULT NULL,
  `style_element_id` int DEFAULT NULL,
  PRIMARY KEY (`style_type_id`)
) ENGINE=InnoDB AUTO_INCREMENT=8 DEFAULT CHARSET=utf8mb4 COLLATE=utf8mb4_0900_ai_ci;
/*!40101 SET character_set_client = @saved_cs_client */;

--
-- Dumping data for table `user_style_type`
--

LOCK TABLES `user_style_type` WRITE;
/*!40000 ALTER TABLE `user_style_type` DISABLE KEYS */;
INSERT INTO `user_style_type` VALUES (1,'top-right','The position of the notification',1),(2,'top-left','The position of the notification',1),(3,'bottom-right','The position of the notification',1),(4,'bottom-left','The position of the notification',1),(5,'fade','The appearance of the notificatioin',1),(6,'slide','The appearance of the notification',1),(7,'bounce','The appearance of the notification',1);
/*!40000 ALTER TABLE `user_style_type` ENABLE KEYS */;
UNLOCK TABLES;
/*!40103 SET TIME_ZONE=@OLD_TIME_ZONE */;

/*!40101 SET SQL_MODE=@OLD_SQL_MODE */;
/*!40014 SET FOREIGN_KEY_CHECKS=@OLD_FOREIGN_KEY_CHECKS */;
/*!40014 SET UNIQUE_CHECKS=@OLD_UNIQUE_CHECKS */;
/*!40101 SET CHARACTER_SET_CLIENT=@OLD_CHARACTER_SET_CLIENT */;
/*!40101 SET CHARACTER_SET_RESULTS=@OLD_CHARACTER_SET_RESULTS */;
/*!40101 SET COLLATION_CONNECTION=@OLD_COLLATION_CONNECTION */;
/*!40111 SET SQL_NOTES=@OLD_SQL_NOTES */;

-- Dump completed on 2023-11-25 21:00:37
